"id","group_title","group_summary","normalized_title","representative_news_id","good_bad_type","impact_score","related_sectors","duplicate_count","analyzed_yn","first_collected_at","last_collected_at","created_at","updated_at"
"22249","인터넷은행 3사, 신용대출 한도 제한…'빚투' 차단","16일 금융권에 따르면 카카오뱅크는 오는 22일부터 마이너스통장(신용한도대출) 최대 한도를 기존 2억4천만... 인터넷은행들의 이런 움직임은 금융당국의 관리 강화와 시중은행의 자율 조치에 이어 본격화했습니다. 앞서...","인터넷은행 3사 마이너스통장 한도 제한 빚투 대응","40573","","0","금융","24","N","2026-06-16 15:20:29","2026-06-16 15:33:10","2026-06-16 15:20:29","2026-06-16 15:33:10"
"22250","[주목 e-금융] 증권사의 디지털 WM, '2강·3중' 체제…""미래에셋vs삼성, ...","","주목 e 금융 증권사의 디지털 wm 2강 3중 체제 미래에셋vs삼성","38047","","0","금융","20","N","2026-06-16 15:20:29","2026-06-16 15:33:04","2026-06-16 15:20:29",""
"22251","“‘237만닉스’까지 갈 줄이야” 상상도 못했다…삼성까지 따라잡을 기...","","237만닉스 까지 갈 줄이야 상상도 못했다 삼성까지 따라잡을 기","38048","","0","","12","N","2026-06-16 15:20:29","2026-06-16 15:43:53","2026-06-16 15:20:29",""
"22252","지역 지키고 고객 늘리는 새마을금고와 저축은행들","","지역 지키고 고객 늘리는 새마을금고와 저축은행들","38049","","0","","5","N","2026-06-16 15:20:29","2026-06-16 15:33:00","2026-06-16 15:20:29",""
"22253","‘금괴 팔고 기술주 사자’… 안전자산 金, 이란전 개전 후 20% 폭락","이란전 개전 후 금값이 20% 폭락했다. 이는 안전자산 수요가 줄어든 결과로 분석된다.","금괴 팔고 기술주 사자 안전자산 이란전 개전 후 20 폭락","38050","NEUTRAL","0","금융,금,유가","36","Y","2026-06-16 15:20:29","2026-06-16 15:43:46","2026-06-16 15:20:29","2026-06-16 15:21:05"
"22254","물류망 정상화 초읽기…해운업계, 엇갈린 생존 셈법","이런 중동발 리스크 해소 기대감이 번지면서 분쟁 발생 이후 아시아 제조업체들을 압박해 온 글로벌 공급망 부담이 일정 부분 완화될 것이란 분석이 나오며 한국과 일본 주요 증시가 일제히 상승하는 등 시장이 반응했다....","물류망 정상화 초읽기 해운업계 엇갈린 생존 셈법","38052","","0","조선","6","N","2026-06-16 15:20:29","2026-06-16 15:43:45","2026-06-16 15:20:29","2026-06-16 15:33:00"
"22255","삼성자산운용, ‘AI반도체TOP2플러스’에 SK스퀘어 신규 편입…6월 정기...","삼성자산운용이 'KODEX AI반도체TOP2플러스'에 SK스퀘어를 새롭게 편입했다. [삼성자산운용]  삼성자산운용의 반도체 상장지수펀드(ETF)인 'KODEX AI반도체TOP2플러스'가 SK스퀘어를 새롭게 편입하며 AI 반도체 핵심 기업...","sk스퀘어 글로벌 반도체랠리에 신고가 150만원 눈앞","38717","","0","반도체,금,은,지수,자동차","23","N","2026-06-16 15:20:29","2026-06-16 15:43:32","2026-06-16 15:20:29","2026-06-16 15:22:54"
"22256","""개미가 총알받이냐""…스페이스X 개인 투자자 단타 매도 시 제재","","개미가 총알받이냐 스페이스x 개인 투자자 단타 매도 시 제재","38055","","0","","17","N","2026-06-16 15:20:29","2026-06-16 15:33:01","2026-06-16 15:20:29",""
"22257","스페이스X 공모주, 미·일·영은 받았는데…한국만 '0주'","반면 인수단으로 참여한 미래에셋증권에는 당초 231만여 주가 배정될 예정이었으나 대표 주관사인... 한편 스페이스X 주가는 상장 이틀째인 15일 공모가 대비 42.6% 오른 192.5달러로 마감했습니다. 시가총액은 2조5천억...","스페이스x 상장 이튿날에도 19 급등","40229","BAD","-3","달러,나스닥,금융,항공,IT,게임,통신,코스피,코스닥,유가","120","Y","2026-06-16 15:20:29","2026-06-16 15:41:15","2026-06-16 15:20:29","2026-06-16 15:41:15"
"22258","""엔 캐리 청산 없을 것""…""문제는 금리인상 속도""","도쿄에 있는 일본은행 본부./연합뉴스  일본 중앙은행인 일본은행이 16일 금융정책결정회의에서 기준금리를 '1% 정도'로 인상했다. 이에 따라 일본 기준금리는 1995년 9월 이후 31년 만에 최고치가 됐다. 교도통신 등에...","일본 31년 만에 기준금리 1","40217","NEUTRAL","2","금리,금융,코스피,나스닥,환율,유가,코스닥","150","Y","2026-06-16 15:20:29","2026-06-16 15:33:05","2026-06-16 15:20:29","2026-06-16 15:33:00"
"22259","[속보] 레인보우로보틱스, 장중 VI 발동 후 해제…변동성 확대에 투자자...","","속보 레인보우로보틱스 장중 vi 발동 후 해제 변동성 확대에 투자자","38058","","0","","7","N","2026-06-16 15:20:29","2026-06-16 15:33:00","2026-06-16 15:20:29",""
"22260","""빚투 막자"" 인뱅 3사, 신용대출 문턱 높인다","","빚투 막자 인뱅 3사 신용대출 문턱 높인다","38060","","0","금융","9","N","2026-06-16 15:20:29","2026-06-16 15:33:02","2026-06-16 15:20:29",""
"22261","키움증권, 국내증시 개정 전 'MTS 접속오류' 한때 차질","","키움증권 국내증시 개정 전 mts 접속오류 한때 차질","38061","","0","","2","N","2026-06-16 15:20:29","2026-06-16 15:20:51","2026-06-16 15:20:29",""
"22262","미래에셋증권, 스페이스X 청약 무산 사과…""금전 보상 검토""","이번 사태는 주가에도 반영됐다. 미래에셋증권은 지난 15일 전 거래일 대비 1.34% 내린 5만1600원에 마감했는데, 이는 올해 최고가인 5월 6일 8만3800원과 비교하면 약 38% 낮은 수준이다. 계열사인 미래에셋벤처투자 역시...","스페이스x 청약 투자자 금전 보상 검토 미래에셋 공식 사과","40197","","0","","31","N","2026-06-16 15:20:29","2026-06-16 15:33:12","2026-06-16 15:20:29","2026-06-16 15:33:01"
"22263","화신·화신정공, 로봇·배터리 신사업 기대감에 동반 강세[특징주]","","화신 화신정공 로봇 배터리 신사업 기대감에 동반 강세 특징주","38063","","0","","11","N","2026-06-16 15:20:29","2026-06-16 15:33:08","2026-06-16 15:20:29",""
"22264","금감원, 미래에셋증권 '무기한' 검사…내부통제도 들여다본다","미래에셋증권뿐 아니라 스페이스X 공모주를 자사 상장지수펀드(ETF)에 편입하겠다고 밝혔던... 없어 상장 이후 장내 매수로 해당 종목을 편입했다. 공모주 편입 기대가 무산되면서 해당 ETF는 전날 10% 넘게 급락했다. 이번...","금감원 스페이스x 배정 사태로 미래에셋증권 검사 착수","40228","BAD","-3","금융,IT,코스피,코스닥","48","Y","2026-06-16 15:20:29","2026-06-16 15:41:13","2026-06-16 15:20:29","2026-06-16 15:41:13"
"22265","증시 활황 속 '빚투' 경고등…군장병·청년 투자교육 늘린다","이투데이=박선현 기자 | 청년 1대1 재무상담 확대…상담 거점 연내 200곳으로 해외주식·ETF·연금저축 등 실전형 금융투자교육 강화 증시 활황에 '빚투(빚내서 투자)'와 고위험상품 투자 우려가 커지자 금융당국이...","증시 활황 속 빚투 경고등 군장병 청년 투자교육 늘린다","38065","","0","금융","8","N","2026-06-16 15:20:29","2026-06-16 15:20:53","2026-06-16 15:20:29","2026-06-16 15:20:30"
"22266","충청권 주택시장 기대감 확산...대전·세종·충남 입주전망 상승","","충청권 주택시장 기대감 확산 대전 세종 충남 입주전망 상승","38066","","0","","11","N","2026-06-16 15:20:29","2026-06-16 15:33:05","2026-06-16 15:20:29",""
"22267","금융위원회 금융교육협의회","우선 일반 국민이 실생활에서 자주 접하는 해외 주식, 상장지수펀드(ETF), 연금저축 관련 실전 중심 교육을 확대한다. 한국형 온라인 공개강좌 'K-MOOC'에 관련 강좌를 개설해 접근성을 높이고, 직장인 사내 연수와 연계한...","빚투 말고 알고 투자 금융위 청년 개미투자자 금융교육 강화","40583","","0","금융","5","N","2026-06-16 15:20:29","2026-06-16 15:33:10","2026-06-16 15:20:29","2026-06-16 15:33:10"
"22268","증시 활황에…'비트코인 현물 ETF' 도입 지지부진","","증시 활황에 비트코인 현물 etf 도입 지지부진","38068","","0","","4","N","2026-06-16 15:20:29","2026-06-16 15:20:53","2026-06-16 15:20:29",""
"22269","폭발적 ‘빚투’ 증가에…카뱅 ‘마통’ 한도 2억4000만원→1억원","","폭발적 빚투 증가에 카뱅 마통 한도 2억4000만원 1억원","38069","","0","금융","4","N","2026-06-16 15:20:29","2026-06-16 15:20:54","2026-06-16 15:20:29",""
"22270","[단독]10년 만기 사용안한 '마통' 88조...'빚투' 불쏘시개 대기자금","","단독 10년 만기 사용안한 마통 88조 빚투 불쏘시개 대기자금","38070","","0","","4","N","2026-06-16 15:20:29","2026-06-16 15:20:53","2026-06-16 15:20:29",""
"22271","4대 금융지주 2분기도 실적 탄탄···미래 먹거리에 투자할까","","4대 금융지주 2분기도 실적 탄탄 미래 먹거리에 투자할까","38071","","0","금융","8","N","2026-06-16 15:20:29","2026-06-16 15:33:01","2026-06-16 15:20:29",""
"22272","5월 시중에 풀린 돈 25.3조↑…반도체 기업 예금·증시 대기자금 늘어","","5월 시중에 풀린 돈 25 3조 반도체 기업 예금 증시 대기자금 늘어","38074","","0","반도체","5","N","2026-06-16 15:20:29","2026-06-16 15:33:05","2026-06-16 15:20:29",""
"22273","몸집 커진 ETF, 정기변경 시즌 돌입...SK하닉 1.3조 매도 물량 '주의보'","","몸집 커진 etf 정기변경 시즌 돌입 sk하닉 1 3조 매도 물량 주의보","38077","","0","코스피","9","N","2026-06-16 15:20:29","2026-06-16 15:33:01","2026-06-16 15:20:29",""
"22274","'하이닉스의 힘' SK그룹 시총 2000조원 돌파","시총 2000조원 돌파에는 SK하이닉스의 힘이 컸다. SK하이닉스 시총은 1688조7483억원으로 SK그룹에서 차지하는 비중이 83.77%에 달한다. 그룹별 시총 1위는 삼성그룹으로 2546조5390억원이었다. 시총 3위는...","sk하이닉스 급등에 sk그룹 시총 2000조 돌파","41902","","0","코스피,반도체,자동차","22","N","2026-06-16 15:20:29","2026-06-16 15:43:34","2026-06-16 15:20:29","2026-06-16 15:43:34"
"22275","코스피 상장사 지배구조 핵심지표 준수율 '47.8%'","한국화장품, 삼성공조, SJM홀딩스, 화천기계, 한창, 갤럭시아에스엠, 에스제이엠(SJM), 동일제강, NI스틸, 화천기공, 범양건영, 한국주강, 삼화왕관, 모토닉, 부산산업, 천일고속, 남성, 아남전자, 온타이드 등 19개사는...","코스피 상장사 지배구조 핵심지표 준수율 47 8","38080","","0","코스피,화장품,철강","25","N","2026-06-16 15:20:29","2026-06-16 15:43:51","2026-06-16 15:20:29","2026-06-16 15:43:50"
"22276","미래에셋생명 주가 장중 22%대 상승, 그룹 지배구조 개선에 '자진 상폐'...","16일 오전 10시54분 기준 코스피 시장에서 미래에셋생명 주식은 전날 정규거래 종가 2만8650원보다 22.34%(6400원) 오른 3만5050원에 거래되고 있다. 16일 오전 장중 미래에셋생명 주가가 크게 오르고 있다. 미래에셋생명의...","미래에셋생명 주가 장중 22 대 상승 그룹 지배구조 개선에 자진 상폐","38081","","0","코스피","5","N","2026-06-16 15:20:29","2026-06-16 15:33:00","2026-06-16 15:20:29",""
"22277","일본, 31년 만에 기준금리 1%…한국도 '7월 인상론' 무게","두산에너빌리티(4.71%), SK스퀘어(4.10%), SK하이닉스(3.76%), 삼성전기(2.20%), 삼성전자(1.93%), 기아(1.43%) 등이 상승하고 있다. 반면 LG에너지솔루션(-2.14%), HD현대중공업(-1.12%), 현대차(-0.93%), 삼성물...","코스피 상승 전환 후 오름폭 확대 8 700선 거래","40284","GOOD","4","코스피,코스닥,나스닥,달러,유가,은,반도체,자동차,조선,환율,바이오,방산,금융,지수,금,항공,금리","127","Y","2026-06-16 15:20:29","2026-06-16 15:43:57","2026-06-16 15:20:29","2026-06-16 15:41:18"
"22278","[ETF 전성시대②] 삼성운용, ETF 시장점유율 40% '업계 1위' 굳건","삼성자산운용은 지난 2010년 아시아 최초로 코스피200 레버리지 ETF를 출시했다. 지난 4월 말에는 국내 대표지수형 레버리지·인버스 상품 일평균 거래대금 규모가 2조1000억원을 기록하며 전체 시장의 97%를...","etf 전성시대 삼성운용 etf 시장점유율 40 업계 1위 굳건","38083","","0","코스피","3","N","2026-06-16 15:20:29","2026-06-16 15:33:00","2026-06-16 15:20:29",""
"22279","현대모비스 주가, 6월 16일 장중 658,000원 2.81% 상승","시가총액은 4조 5,876억 원으로 코스닥 시장에서 20위를 기록하며 시장 내 높은 위치를 유지하고 있다. 외국인 소진율은 8.67%를 나타냈다. 동일업종 PER은 145.12이며, 동일업종 등락률이 +0.72%로 상승 흐름을...","대한항공 주가 6월 16일 장중 29 150원 2 83 하락","40212","","0","코스피,은,코스닥","48","N","2026-06-16 15:20:29","2026-06-16 15:43:53","2026-06-16 15:20:29","2026-06-16 15:41:16"
"22280","[특징주] 코스피 '9천피' 기대감에 증권주 동반 강세","어제(15일)에 이어 오늘도 코스피가 상승세를 이어가고 있는데요. 대표님께서는 현재 장 흐름 어떻게 평가하십니까? 곧 9천 선 돌파, 가능할까요? - 중동 리스크 걷힌 코스피…9천선 돌파 가능? - 미·이란 '종전' 합의…19일...","셀럽의 한 수 돌아온 투심 코스피 불 붙힌다 9천피 재도전 성공할","40196","","0","코스피,금융,건설,코스닥,화학","39","N","2026-06-16 15:20:29","2026-06-16 15:43:57","2026-06-16 15:20:29","2026-06-16 15:43:54"
"22281","2주간 19% 내린 삼성전기…'ETF 리밸런싱' 부담 털고 반등 준비 끝","지난 12일 코스피 지수가 전 거래일 대비 4% 이상 폭등하며 대형주 대부분이 상승한 날, 삼성전기 주가는 5% 넘게 하락했다. HANARO Fn K-반도체 ETF의 경우 이달 17일 리밸런싱을 앞두고 있다. 이 밖에도 시총 1조원...","2주간 19 내린 삼성전기 etf 리밸런싱 부담 털고 반등 준비 끝","38089","","0","코스피","6","N","2026-06-16 15:20:29","2026-06-16 15:43:30","2026-06-16 15:20:29","2026-06-16 15:20:29"
"22282","감사의견 ‘적정’ 이어도 안심 못해…‘계속기업 불확실성’ 상장사 3...","시장별로 코스피 상장사가 98%로 가장 높았고 코스닥 97%, 코넥스 90% 순이었다. 적정의견을 받은 기업... 시장별로는 코스피 12개사, 코스닥 42개사, 코넥스 11개사였다. 내부회계관리제도(내부회계) 감사의견이 '적정'인...","계속기업 불확실성 기재 상장사 32 결국 퇴출 비적정","38103","","0","코스피,코스닥","14","N","2026-06-16 15:20:29","2026-06-16 15:33:01","2026-06-16 15:20:29","2026-06-16 15:20:29"
"22283","코스피 8600선도 탈환…환율 1510원대 등락","스탠더드앤드푸어스(S&P)500지수는 122.83포인트(1.65%) 오른 7554.29에, 나스닥종합지수는 795.10포인트(3.07%) 오른 2만6683.94에 각각 마감했다. 시장은 미국과 이란 간 종전 기대감에 주목했다. 미국의 도널드 트럼프...","티타임 코스피 8720선 등락 외인 기관 1 7조원대 매수","40989","","0","코스피,반도체,나스닥,유가,환율,IT,건설,금융,항공,바이오","21","N","2026-06-16 15:20:29","2026-06-16 15:43:59","2026-06-16 15:20:29","2026-06-16 15:43:59"
"22284","[오후장 체크포인트] 다시 불타는 방산주 스페이스X 목표주가는?","소화하면서 코스피 추가 상승 기대감이 커지고 있습니다. 기존 증시를 끌어온 반도체는 물론이고, 스페이스X... 악재가 해소되며 코스피가 용수철처럼 튀어 오르는 듯하다가, 또다시 주춤하기도 했는데요. 전반적인 시장...","오후장 체크포인트 다시 불타는 방산주 스페이스x 목표주가는","38094","","0","코스피","7","N","2026-06-16 15:20:29","2026-06-16 15:41:13","2026-06-16 15:20:29",""
"22285","[해외주식 Click] ""美서 테크도 사고 韓도 샀다""…서학개미 선택은 AI와...","SOXL 최근 일주일 사이 5억6000달러 순매수 1위·KORU 2위…AI와 코스피 상승에 동시 베팅 마이크론·마벨·QQQ... 최근 코스피가 9000포인트를 목전에 둔 가운데, 투자자들이 국내 증시 추가 상승 가능성에도 무게를 두고...","해외주식 click 서 테크도 사고 도 샀다 서학개미 선택은 ai와","38095","","0","코스피","2","N","2026-06-16 15:20:29","2026-06-16 15:20:52","2026-06-16 15:20:29",""
"22286","[일문일답]업스테이지, ‘다음’ 인수로 ‘AI 토크노믹스’ 시동…수익...","코스피와 코스닥 등 어느 방향으로 갈지에 대해서는 내부에서도 많은 토론을 하고 있다”고 구체적인 현주소를 마무리 지었다. 한편 이날 행사에는 김성훈 대표를 포함해 진윤정 업스테이지 최고재무책임자(CFO), 이활석...","일문일답 업스테이지 다음 인수로 ai 토크노믹스 시동 수익","38096","","0","코스피","11","N","2026-06-16 15:20:29","2026-06-16 15:30:50","2026-06-16 15:20:29","2026-06-16 15:20:29"
"22287","일본증시, 기준금리 인상에도 '장중 랠리'...키옥시아 '껑충'","이날 코스피 지수는 오후 1시 40분 현재 전일 대비 181.81포인트(2.13%) 급등한 8727.79를 기록 중이다. 외국인과 기관이 순매수 중이다. 시가총액 상위종목 중 삼성전자(+1.71%), SK하이닉스(+3.76%), SK스퀘어(+4.81...","일본증시 기준금리 인상에도 장중 랠리 키옥시아 껑충","38099","","0","코스피","12","N","2026-06-16 15:20:29","2026-06-16 15:33:02","2026-06-16 15:20:29",""
"22288","[산업 레이더] 갤럭시아메타버스·우진엔텍·솔루스첨단소재, 오늘의 뉴...","◆ 솔루스첨단소재, 4거래일 코스피 대비 3배 넘는 상승률…전지박 업황 개선 기대감 솔루스첨단소재... 이는 같은 기간 코스피 지수 상승률인 8.5%를 3배 이상 크게 웃도는 수치다. 시장 전문가들은 AI 산업의 폭발적인...","산업 레이더 갤럭시아메타버스 우진엔텍 솔루스첨단소재 오늘의 뉴","38100","","0","코스피","10","N","2026-06-16 15:20:29","2026-06-16 15:33:03","2026-06-16 15:20:29",""
"22289","대우건설, 장중 17% 급등…2만6천 원대 강세 지속","여부와 신규 수주 성과가 향후 주가의 추가 상승 동력이 될 수 있다""고 말했다. 한편 대우건설은 이날 장중 17% 이상 급등하며 코스피 시장에서 높은 상승률을 기록했고, 투자자들의 관심이 집중되는 종목으로 부상했다.","대우건설 장중 17 급등 2만6천 원대 강세 지속","38101","","0","코스피","2","N","2026-06-16 15:20:29","2026-06-16 15:20:52","2026-06-16 15:20:29",""
"22290","“초소형위성 제작부터 발사까지 경험”…미래 우주 인재 양성한다","2012년 시작해 수많은 학생이 자체 개발 위성을 발사하는 기회를 얻었으며, 지난해 코스닥에 상장한 위성 스타트업 나라스페이스테크놀로지의 박재필 대표도 1회 경연대회 출신이다. 지난 6회 대회에서 제작된 위성 6기...","초소형위성 제작부터 발사까지 경험 미래 우주 인재 양성한다","38102","","0","코스닥","11","N","2026-06-16 15:20:29","2026-06-16 15:33:08","2026-06-16 15:20:29","2026-06-16 15:30:56"
"22291","에이루트, 최대주주 대상 50억원 유상증자…지배력 강화 및 신사업 가속...","에이루트는 산업용 미니프린터(POS·영수증·라벨·모바일 프린터) 제조를 주력으로 하는 코스닥 상장사로, 자체 브랜드 ‘세우(SEWOO)’를 통해 전 세계 80여 개국에 제품을 공급하고 있다. 최근에는 반도체 장비, 전력설비...","에이루트 최대주주 대상 50억원 유상증자 지배력 강화 및 신사업 가속","38104","","0","코스닥","10","N","2026-06-16 15:20:29","2026-06-16 15:33:01","2026-06-16 15:20:29","2026-06-16 15:20:30"
"22292","에이스토리, 비키와 '크래시 시즌2' 방영 라이선스 계약","","에이스토리 비키와 크래시 시즌2 방영 라이선스 계약","38105","","0","코스닥","3","N","2026-06-16 15:20:29","2026-06-16 15:33:01","2026-06-16 15:20:29",""
"22293","채비, 전기차 충전기 EU 사이버보안 인증 획득","","채비 전기차 충전기 eu 사이버보안 인증 획득","38106","","0","코스닥","7","N","2026-06-16 15:20:29","2026-06-16 15:33:01","2026-06-16 15:20:29",""
"22294","서진시스템 주가, 6월 16일 장중 73,700원 5.75% 하락","코스닥 시장에서 서진시스템은 시가총액 4조 6,911억 원으로 18위에 이름을 올리고 있다. 외국인 투자자들의 움직임도 주목된다. 전체 상장주식수 63,650,737주 중 외국인 보유 주식수는 8,987,104주로, 외국인...","서진시스템 주가 6월 16일 장중 73 700원 5 75 하락","38108","","0","코스닥","4","N","2026-06-16 15:20:29","2026-06-16 15:41:24","2026-06-16 15:20:29","2026-06-16 15:41:24"
"22295","""美·中 고래싸움, 큰 새우 되면 산다""…'1조 유니콘' 업스테이지의 선...","구체적인 상장 시기와 코스닥, 나스닥 등 진입할 시장에 대해서는 내부 시뮬레이션을 거쳐 최종 결정할 방침이다. 한편 이날 현장에서는 하정우 전 대통령실 AI미래기획수석의 지분 보유 논란에 대한 질문도 나왔다. 김...","고래싸움 큰 새우 되면 산다 1조 유니콘 업스테이지의 선","38110","","0","코스닥","6","N","2026-06-16 15:20:29","2026-06-16 15:33:01","2026-06-16 15:20:29",""
"22296","아틀라스링크(구 알로이스), AI·투자·부동산까지 품었다는데…사업 실...","특히 최근 수년간 코스닥 시장에서 최대주주 변경 이후 신사업이 대거 추가되는 사례가 반복적으로 등장해... 특히 AI 사업은 최근 코스닥 시장에서 가장 빈번하게 등장하는 신사업 키워드 가운데 하나지만, 실제 매출과...","아틀라스링크 구 알로이스 ai 투자 부동산까지 품었다는데 사업 실","38111","","0","코스닥","2","N","2026-06-16 15:20:29","2026-06-16 15:20:52","2026-06-16 15:20:29",""
"22297","[더밸류 브리핑] 오늘의 한국거래소 소식...국채선물 최종결제기준채권...","한국거래소가 국채선물 거래와 상장법인 내부통제 지원, 코스닥 상장심사 관련 소식을 전했다.... 코스닥시장본부는 딜리셔스와 에이치엘지노믹스의 상장예비심사를 승인했다. ◆ 한국거래소, 12월물 국채선물...","더밸류 브리핑 오늘의 한국거래소 소식 국채선물 최종결제기준채권","38112","","0","코스닥","2","N","2026-06-16 15:20:29","2026-06-16 15:20:52","2026-06-16 15:20:29",""
"22298","금감원, 지난해 상장법인 97.6%, 재무제표 감사 ‘적정’","적정의견 비율은 유가증권(98.5%), 코스닥(97.6%), 코넥스(89.9%) 순이다. 다만 적정의견 기업 중 감사인이 ‘계속기업 관련 중요한 불확실성’을 기재한 상장법인은 66개 회사(2.5%)였다. ‘비적정’ 감사의견의 주요...","금감원 지난해 상장법인 97 6 재무제표 감사 적정","38113","","0","코스닥","2","N","2026-06-16 15:20:29","2026-06-16 15:20:52","2026-06-16 15:20:29",""
"22299","프리엠스, 4거래일 연속 상승에 12% 급등...자사주 취득 소식","프리엠스는 16일 코스닥 시장에서 오후 2시 현재 전 거래일보다 11.93%(960원) 상승한 9010원에 거래되고... 앞서 프리엠스는 자사주 62만5000주를 코스닥 시장을 통해 장내 직접 취득한다고 지난 15일 공시했다. 취득...","프리엠스 4거래일 연속 상승에 12 급등 자사주 취득 소식","38115","","0","코스닥","2","N","2026-06-16 15:20:29","2026-06-16 15:20:52","2026-06-16 15:20:29",""
"22300","[특징주] 프리엠스, 주주환원 강화에 11%대↑…52주 신고가 경신","전날 장 마감 후 프리엠스는 자사주 62만5000주를 코스닥시장에서 장내 직접 취득한다고 공시했다. 취득 예정 금액은 50억원이며 취득 기간은 이날부터 오는 9월 15일까지다. 회사 측은 취득 목적에 대해 ""자사주 취득...","특징주 프리엠스 주주환원 강화에 11 대 52주 신고가 경신","38116","","0","코스닥","2","N","2026-06-16 15:20:29","2026-06-16 15:20:52","2026-06-16 15:20:29",""
"22301","장중 8750선 돌파...외인 사고, 개인 팔고 '눈치싸움' [fn오후시황]","업종별로는 건설(6.87%), 금속(4.89%), 금융(2.49%) 순으로 오르고 있다. 전기·가스(-2.72%), IT서비스(-1.54%) 등은 약세다. 코스닥지수는 전 거래일 대비 11.65p(1.13%) 내린 1022.38에 거래되고 있다.","장중 8750선 돌파 외인 사고 개인 팔고 눈치싸움 fn오후시황","38118","","0","코스닥","2","N","2026-06-16 15:20:30","2026-06-16 15:20:52","2026-06-16 15:20:30",""
"22302","[특징주] SK스퀘어, 150만선 돌파…SK하이닉스 대체 투자 수요에 신고가","SK하이닉스 주가 강세와 함께 직접 투자 한도에 막힌 기관 자금이 중간지주사인 SK스퀘어로 옮겨오면서... SK하이닉스 지분 가치 상승에 주주환원 기대까지 겹치면서 SK스퀘어 주가가 연일 강세를 보이고 있다는...","특징주 sk스퀘어 150만선 돌파 sk하이닉스 대체 투자 수요에 신고가","38120","","0","유가","14","N","2026-06-16 15:20:30","2026-06-16 15:43:32","2026-06-16 15:20:30","2026-06-16 15:20:33"
"22303","""스페이스X 준다더니 0주""…개미들 분노에 금감원도 움직였다 [이슈PICK...","","스페이스x 준다더니 0주 개미들 분노에 금감원도 움직였다 이슈pick","38121","","0","","7","N","2026-06-16 15:20:30","2026-06-16 15:33:01","2026-06-16 15:20:30",""
"22304","씨에스윈드·씨에스베어링 상한가…해상풍력 관련주 강세","","씨에스윈드 씨에스베어링 상한가 해상풍력 관련주 강세","38122","","0","","2","N","2026-06-16 15:20:30","2026-06-16 15:20:53","2026-06-16 15:20:30",""
"22305","삼성운용, 'KODEX AI반도체TOP2플러스 ETF' 정기변경 완료...SK스퀘어 편...","","삼성운용 kodex ai반도체top2플러스 etf 정기변경 완료 sk스퀘어 편","38123","","0","반도체","8","N","2026-06-16 15:20:30","2026-06-16 15:33:19","2026-06-16 15:20:30",""
"22306","SK그룹 시총 2천조 돌파 ‘하이닉스 파워’ 어디까지[손재철 인사이트]","","sk그룹 시총 2천조 돌파 하이닉스 파워 어디까지 손재철 인사이트","38124","","0","","16","N","2026-06-16 15:20:30","2026-06-16 15:33:19","2026-06-16 15:20:30",""
"22307","최재훈 “수사자료 날짜 문제 삼아 소환…윗선 무마와 무슨 관련 있나”","","최재훈 수사자료 날짜 문제 삼아 소환 윗선 무마와 무슨 관련 있나","38125","","0","자동차","2","N","2026-06-16 15:20:30","2026-06-16 15:20:53","2026-06-16 15:20:30",""
"22308","조 단위 조각투자 시장 열린다…키움증권 7% 급등 테마주 견인","","조 단위 조각투자 시장 열린다 키움증권 7 급등 테마주 견인","38126","","0","금융","19","N","2026-06-16 15:20:30","2026-06-16 15:43:32","2026-06-16 15:20:30",""
"22309","[CEO풍향계] SK그룹 최태원·카카오 김범수·HDC그룹 정몽규·피아크그룹...","오너 개인의 사법 리스크나 돌출 발언이 기업의 밸류에이션 디스카운트(주가 저평가)로 직결되는 사례가... 위해 주가를 의도적으로 조종했다는 자본시장법 위반 혐의입니다. 최신 동향 (2026년 3월 ~ 현재): 지난 1심...","ceo풍향계 sk그룹 최태원 카카오 김범수 hdc그룹 정몽규 피아크그룹","38128","","0","","5","N","2026-06-16 15:20:30","2026-06-16 15:33:11","2026-06-16 15:20:30",""
"22310","""현대백화점, 면세점 적자 털고 백화점 날개 달고…'어닝 서프라이즈' ...","하나증권은 16일 현대백화점에 대해 투자의견과 목표주가를 따로 제시하지 않았다. 직전거래일 15일 기준 주가는 18만3200원에 거래를 마쳤다. 현대백화점의 백화점은 호실적을 이어가고 있다. 1분기 매출 성장률은...","현대백화점 면세점 적자 털고 백화점 날개 달고 어닝 서프라이즈","38129","","0","","4","N","2026-06-16 15:20:30","2026-06-16 15:33:04","2026-06-16 15:20:30",""
"22311","130조 끌어모은 스페이스X…한국 개인투자자 배정 물량은 '0주'","금감원 긴급 검사 착수 인수단으로 참여한 미래에셋증권에 당초 231만여 주가 배정될 예정이었으나 대표... 상장 이틀 만에 주가 42.6% 급등...스페이스X 세계 6대 기업 등극 스페이스X 주가는 상장 이틀째인 15일 공모가...","130조 끌어모은 스페이스x 한국 개인투자자 배정 물량은 0주","38130","","0","","10","N","2026-06-16 15:20:30","2026-06-16 15:33:01","2026-06-16 15:20:30",""
"22312","금감원,미래에셋 무기한 검사…경영진,스페이스X 발언도 본다","공모주 편입보다 기대수익률이 낮을 것이라는 실망감에 이 종목의 전날 주가는 전일대비 10.81% 급락한 채 거래를 마쳤다. 금감원은 4월 출범한 금융투자회사 광고제도 개선 태스크포스(TF)에서 관련문제를 포함해 논의한 뒤...","금감원 미래에셋 무기한 검사 경영진 스페이스x 발언도 본다","38131","","0","금융","4","N","2026-06-16 15:20:30","2026-06-16 15:20:53","2026-06-16 15:20:30",""
"22313","美풍력발전 규제 해소 기대…씨에스윈드 30% 급등 [매경 자이앤트]","신재생에너지 관련주가 미국 풍력시장 정상화 기대감에 일제히 급등하고 있다. 16일 오후 2시 30분 현재... 7%) 등 풍력·신재생 테마주가 줄줄이 동반 강세를 보이고 있다. 씨에스윈드의 시가총액은 2조4000억원으로...","풍력발전 규제 해소 기대 씨에스윈드 30 급등 매경 자이앤트","38133","","0","","7","N","2026-06-16 15:20:30","2026-06-16 15:41:14","2026-06-16 15:20:30",""
"22314","AI 필수소재 '동박적층판'으로 두산 전자BG 가치 높아진다 : 대신증권 ""...","그러면서 이 연구원은 두산의 목표주가를 192만 원에서 220만 원으로 상향 조정했다. 이 연구원은 ""AI 인프라 확대로 핵심 소재인 하이엔드 동박적층판이 강한 수요 국면에 진입했다""며 ""공급 본격화와 함께 평균 판매...","ai 필수소재 동박적층판 으로 두산 전자bg 가치 높아진다 대신증권","38135","","0","","8","N","2026-06-16 15:20:30","2026-06-16 15:43:32","2026-06-16 15:20:30",""
"22315","[기업家] 대우건설 ②ㅣ 외국인 근로자와의 소통 지원 등 AI 혁신…전방...","TRIVER) 주간 투시도 (사진=연합뉴스) 대우건설이 천호 A1-1구역 공공재개발 정비사업의 시공사로 선정됐다.... ● 2026-04-29 대우건설 1분기 영업이익 68.9%↑…NHㆍ하나證 목표주가 상향 조정 NH투자증권은 대우건설이...","기업 대우건설 외국인 근로자와의 소통 지원 등 ai 혁신 전방","38136","","0","건설","5","N","2026-06-16 15:20:30","2026-06-16 15:33:10","2026-06-16 15:20:30",""
"22316","담양군, '전남 예쁜정원 콘테스트' 최우수상·우수상 수상","","담양군 전남 예쁜정원 콘테스트 최우수상 우수상 수상","38137","","0","","2","N","2026-06-16 15:20:30","2026-06-16 15:20:53","2026-06-16 15:20:30",""
"22317","디지털자산 키우는 미래에셋… 코빗 이어 ETF 토큰화까지","","디지털자산 키우는 미래에셋 코빗 이어 etf 토큰화까지","38139","","0","","5","N","2026-06-16 15:20:30","2026-06-16 15:33:04","2026-06-16 15:20:30",""
"22318","오픈AI, 작년 51조원 쏟아부었다…IPO 앞두고 AI 경쟁 총력","업계에서는 오픈AI가 이르면 올가을 상장에 나설 것으로 보고 있다. 이는 최근 기업가치 9000억 달러(약 1361조 7000억원)를 인정받으며 IPO를 추진 중인 앤트로픽과의 상장 경쟁으로 이어질 전망이다.","오픈ai 작년 51조원 쏟아부었다 ipo 앞두고 ai 경쟁 총력","38140","","0","달러","12","N","2026-06-16 15:20:30","2026-06-16 15:33:09","2026-06-16 15:20:30","2026-06-16 15:20:34"
"22319","미래에셋자산운용, ‘TIGER 배당커버드콜액티브’ 하반기 특별배당","미래에셋자산운용은 'TIGER 배당커버드콜액티브 ETF(상장지수펀드)'가 올해 하반기에도 특별 배당을 이어간다고 16일 밝혔다. 이는 국내 주식에 투자하는 액티브 커버드콜 ETF로, 배당 성장 주식 포트폴리오와...","미래에셋자산운용 tiger 배당커버드콜액티브 하반기 특별배당","40529","","0","반도체","3","N","2026-06-16 15:20:30","2026-06-16 15:33:09","2026-06-16 15:20:30","2026-06-16 15:33:09"
"22320","스페이스X 상장에 백만장자 직원 속출…자산관리업계 구애 경쟁","스페이스X의 나스닥 상장(IPO)가 성공하면서 시장에 다양한 영향을 미치고 있다 [사진: Reve AI]  스페이스X의... 상장을 계기로 막대한 유동성을 확보한 직원들이 늘어나면서 월가와 자산관리사들의 관심도 집중되고 있다....","스페이스x 상장에 백만장자 직원 속출 자산관리업계 구애 경쟁","38143","","0","나스닥","18","N","2026-06-16 15:20:30","2026-06-16 15:33:10","2026-06-16 15:20:30","2026-06-16 15:20:30"
"22321","[K생산적금융을 묻다 자본시장①] 미래에셋증권 테렌스 탄 ""싱가포르는...","비상장·디지털자산 시장 겨냥, 글로벌 '한화' 금융 시너지 키운다"" ④'지정학 피난처' 싱가포르 아시아 부와... (WM), 상장지수펀드(ETF)는 물론 디지털자산과 벤처투자를 아우르는 대체투자까지 통합 제공할 계획""이라고...","k생산적금융을 묻다 자본시장 미래에셋증권 테렌스 탄 싱가포르는","38146","","0","금융","11","N","2026-06-16 15:20:30","2026-06-16 15:43:58","2026-06-16 15:20:30",""
"22322","“삼성이 보스턴다이내믹스 주주로?”…한투證, IPO 시나리오 제시[줍줍...","한국투자증권이 삼성전자(005930)의 보스턴다이내믹스(BD) 투자 시나리오를 제시해 눈길을 끌고 있다. 소프트뱅크가 보유한 BD 지분을 삼성전자가 인수한 뒤 구글이 프리IPO에 참여하고, 이후 기업공개(IPO)에 나선다는...","삼성이 보스턴다이내믹스 주주로 한투 ipo 시나리오 제시 줍줍","38147","","0","","7","N","2026-06-16 15:20:30","2026-06-16 15:33:01","2026-06-16 15:20:30",""
"22323","금융위, 생애주기별 금융투자교육 강화…'알고투자' 추진","대학 실용금융강좌와 K-MOOC(한국형 온라인 공개강좌)에 금융투자 관련 내용을 확대 반영하고, 해외주식과 상장지수펀드(ETF), 연금저축 등 투자자들이 실제 접하는 금융상품 교육을 늘릴 예정이다. 직장인을 대상으로는...","묻지마 투자 말고 알고투자 금융위 개인투자자 교육 강화","40266","","0","금융","7","N","2026-06-16 15:20:30","2026-06-16 15:33:10","2026-06-16 15:20:30","2026-06-16 15:33:02"
"22324","남동구, 영화 속 이야기로 글쓰기 배운다…청소년 대상 강좌 개설","영화 '미스터 주' 각색, 드라마 '천년째 연애 중' 극본 작업 등 다양한 창작 활동을 이어오고 있다. 또한 영화진흥위원회 시나리오 공모전 최우수상 수상 경력과 다수의 교육 경험을 보유하고 있다. 김재열 남동문화재단...","남동구 영화 속 이야기로 글쓰기 배운다 청소년 대상 강좌 개설","38152","","0","","3","N","2026-06-16 15:20:30","2026-06-16 15:33:01","2026-06-16 15:20:30",""
"22325","진주시평거종합사회복지관, '우리동네 매니저' 추진 협약","구축사업」 공모를 통해 선정된 사업의 안부확인 프로그램 「우리동네 매니저」 추진을 위한 업무협약식을... 이번 협약을 통해 hy 프레시 매니저가 주 2회 건강음료를 전달하며 대상자의 안부를 확인하고, 양 복지관은...","진주시평거종합사회복지관 우리동네 매니저 추진 협약","38156","","0","","3","N","2026-06-16 15:20:30","2026-06-16 15:33:01","2026-06-16 15:20:30",""
"22326","한투운용, 스페이스X '0주'에 '과대광고' 역풍···배정 전부터 ""공모가...","공모주 배정 여부가 확정되지 않은 상황에도 자사 ETF를 통해 스페이스X를 공모가에 편입할 수 있는 것처럼 홍보했기 때문이다. 한투운용은 스페이스X 국내 인수단인 미래에셋증권을 통해 공모주 청약에 참여했다....","한투운용 스페이스x 0주 에 과대광고 역풍 배정 전부터 공모가","38157","","0","","5","N","2026-06-16 15:20:30","2026-06-16 15:33:01","2026-06-16 15:20:30",""
"22327","‘중국판 인스타그램’ 샤오훙수 상장한다… 이달 홍콩에 신청서 제출","","중국판 인스타그램 샤오훙수 상장한다 이달 홍콩에 신청서 제출","38167","","0","","2","N","2026-06-16 15:20:30","2026-06-16 15:20:53","2026-06-16 15:20:30",""
"22328","After IPO setback, Korean ETF managers rush into SpaceX","","after ipo setback korean etf managers rush into spacex","38168","","0","","3","N","2026-06-16 15:20:30","2026-06-16 15:33:01","2026-06-16 15:20:30",""
"22329","업스테이지 김성훈 대표 ""에이전트로 '모두의 AI 시대' 열 것""","상장(IPO)도 준비한다. 지난해 12월 KB증권과 미래에셋증권을 상장 주관사로 선정하고 관련 절차를 밟고 있다. 김 대표는 ""현재 공개할 수 있는 내용은 주관사가 선정돼 IPO를 준비한다는 것""이라며 ""구체적인 일정이나...","다음 품은 업스테이지 소버린 ai로 승부수 모두의 ai 시대 열 것","38473","","0","","5","N","2026-06-16 15:20:30","2026-06-16 15:30:50","2026-06-16 15:20:30","2026-06-16 15:20:33"
"22330","우주항공 투자 선택지 넓어진다…신한·키움운용 신규 ETF 출시","기업공개(IPO) 신청이 증가하고 있다고 밝혔다. 지난해 12월 상하이 거래소가 과창판에 우주항공 기업의... 31일 IPO 신청이 접수됐다. CAS 스페이스는 제5조 요건에는 부합하지 않지만, 제2조에 따라 재사용 가능한...","신영 중국 ai 우주항공 ipo 확대 전망 과창판 etf 주목","40993","","0","항공,은,철강,통신,금,나스닥","38","N","2026-06-16 15:20:30","2026-06-16 15:41:23","2026-06-16 15:20:30","2026-06-16 15:41:16"
"22331","교보증권, 11호 종투사 진입 총력전…교보생명 지원 '관건'","","교보증권 11호 종투사 진입 총력전 교보생명 지원 관건","38171","","0","","4","N","2026-06-16 15:20:30","2026-06-16 15:43:32","2026-06-16 15:20:30",""
"22332","2026년 日 최대 IPO 흥행 …택시 호출 앱 GO, 상장 첫날 21% 급등","","2026년 최대 ipo 흥행 택시 호출 앱 go 상장 첫날 21 급등","38172","","0","","2","N","2026-06-16 15:20:30","2026-06-16 15:20:53","2026-06-16 15:20:30",""
"22333","JTBC 등 중앙그룹 계열사 5곳 회생절차 신청...투자자 연쇄 파장 '초비상...","","jtbc 등 중앙그룹 계열사 5곳 회생절차 신청 투자자 연쇄 파장 초비상","38173","","0","","2","N","2026-06-16 15:20:30","2026-06-16 15:20:53","2026-06-16 15:20:30",""
"22334","업스테이지, 'AI 솔라'+'다음·타임리'=""모두를 위한 AI 시대""","[사진=백서현 기자] 다음(AXZ)과 AI 에이전트 플랫폼 '타임리' 인수를 마친 업스테이지가 인공지능(AI) 모델 기업을 넘어 플랫폼과 서비스를 아우르는 AI 생태계 구축에 나선다. 김성훈 업스테이지 대표는 16일 서울...","업스테이지 다음 타임리 품고 ai 에이전트 제국 선언 종합","40477","","0","","6","N","2026-06-16 15:20:30","2026-06-16 15:33:07","2026-06-16 15:20:30","2026-06-16 15:33:07"
"22335","자동차주 랠리의 새 공식…완성차보다 로봇 플랫폼이 먼저다","","자동차주 랠리의 새 공식 완성차보다 로봇 플랫폼이 먼저다","38175","","0","자동차","7","N","2026-06-16 15:20:30","2026-06-16 15:43:30","2026-06-16 15:20:30",""
"22336","[총수家] 일론 머스크 ⑦ㅣ 스페이스X IPO 초대형 흥행…조만장자 등극...","52달러 터치 - 종가 161.11달러 마감…시총 2조 달러 돌파 '기염' - 단숨에 美 증시 시총 6위권…머스크... - 스페이스X 상장 직후 애플 등 기존 빅테크 하락 - 빅테크 약세 속 필라델피아 반도체 1.52% 상승 - 메가 테크 내 우주...","총수 일론 머스크 스페이스x ipo 초대형 흥행 조만장자 등극","38176","","0","달러,반도체,은","21","N","2026-06-16 15:20:30","2026-06-16 15:33:08","2026-06-16 15:20:30","2026-06-16 15:31:00"
"22337","‘우주 종목’ 로켓랩·파이어플라이, 투자등급 상향에 폭등","","우주 종목 로켓랩 파이어플라이 투자등급 상향에 폭등","38177","","0","나스닥","5","N","2026-06-16 15:20:30","2026-06-16 15:33:08","2026-06-16 15:20:30",""
"22338","블랙록, XRP ETF 상장 신청 임박…글로벌 결제 혁신 주도하나","","블랙록 xrp etf 상장 신청 임박 글로벌 결제 혁신 주도하나","38178","","0","나스닥","3","N","2026-06-16 15:20:30","2026-06-16 15:33:01","2026-06-16 15:20:30",""
"22339","'스페이스X'가 당긴 우주 경제 시계...지구 경계 넘어 인프라 독점 시대...","","스페이스x 가 당긴 우주 경제 시계 지구 경계 넘어 인프라 독점 시대","38179","","0","나스닥","10","N","2026-06-16 15:20:30","2026-06-16 15:33:10","2026-06-16 15:20:30",""
"22340","유가 내리고 주가 최고… 종전협상 타결에 경제 ‘숨통’","","유가 내리고 주가 최고 종전협상 타결에 경제 숨통","38181","","0","나스닥","17","N","2026-06-16 15:20:30","2026-06-16 15:33:08","2026-06-16 15:20:30",""
"22341","비트코인 반등 제한…주식·유가 회복세보다 부진","브렌트유는 83달러 아래로 하락했고 S&P500은 1.7%, 나스닥100은 3.1% 올랐지만 비트코인 상승은 제한됐다. 액시스 공동창업자 지미 쉬는 이번 흐름이 위험 선호 심리의 뚜렷한 회복이라기보다 시장이 아직 완전히...","비트코인 반등 제한 주식 유가 회복세보다 부진","38182","","0","나스닥","12","N","2026-06-16 15:20:30","2026-06-16 15:33:02","2026-06-16 15:20:30","2026-06-16 15:20:31"
"22342","[ETF 매치업] 소문만 잔치 스페이스X…웃돈 주고 산 운용사","","etf 매치업 소문만 잔치 스페이스x 웃돈 주고 산 운용사","38183","","0","나스닥","12","N","2026-06-16 15:20:30","2026-06-16 15:41:16","2026-06-16 15:20:30","2026-06-16 15:20:30"
"22343","노르마, STK 2026과 Q2B 도쿄서 양자 컴퓨터 활용 기술 공개","최근 나스닥에 상장한 글로벌 양자 컴퓨팅 기업 Quantinuum 등과 만나 협력 방안을 논의하는 등 해외 기업과의 교류를 진행했다. 정현철 노르마 대표는 ""양자 산업이 초기 단계인 만큼 기업 간 교류와 기술 협력을 통해...","노르마 stk 2026과 q2b 도쿄서 양자 컴퓨터 활용 기술 공개","38184","","0","나스닥","5","N","2026-06-16 15:20:30","2026-06-16 15:33:01","2026-06-16 15:20:30","2026-06-16 15:20:30"
"22344","스페이스X, IPO 조달 자금 총 130조원…머스크 “2030년 매출 1조달러 간...","","스페이스x ipo 조달 자금 총 130조원 머스크 2030년 매출 1조달러 간","38185","","0","나스닥","3","N","2026-06-16 15:20:30","2026-06-16 15:33:01","2026-06-16 15:20:30",""
"22345","[NZSI INDEX] 2026년 6월 8일, 주가 폭등락에 흔들리지 않는 투자","","nzsi index 2026년 6월 8일 주가 폭등락에 흔들리지 않는 투자","38187","","0","나스닥","35","N","2026-06-16 15:20:30","2026-06-16 15:33:02","2026-06-16 15:20:30","2026-06-16 15:20:30"
"22346","닛케이, 장중 사상 처음으로 70,000선 돌파(상보)","주요 반도체 종목으로 구성된 필라델피아 반도체지수(SOX)는 5.4% 급등하며 사상 최고치를 경신했고, 기술주 중심의 나스닥 지수도 3% 상승해지난 3월 말 이후 최대 상승률을 기록했습니다. 이 영향에 일본 증시에서도...","닛케이 장중 사상 최초 70 000선 돌파","40204","","0","나스닥,반도체","5","N","2026-06-16 15:20:30","2026-06-16 15:33:02","2026-06-16 15:20:30","2026-06-16 15:33:00"
"22347","닛케이지수 첫 7만선 돌파…금리인상에도 증시 랠리","기술주 중심의 나스닥종합지수 역시 3% 상승하며 지난 3월 이후 최대 상승폭을 기록했다. 미국 증시 훈풍은 곧바로 일본 증시로 이어졌다. 키옥시아홀딩스, 어드반테스트 등 반도체 관련 종목에 매수세가 집중됐고...","닛케이지수 첫 7만선 돌파 금리인상에도 증시 랠리","38193","","0","나스닥","2","N","2026-06-16 15:20:30","2026-06-16 15:20:53","2026-06-16 15:20:30",""
"22348","동아대 의과대학, ‘좋은 의사 프로젝트: 지역을 잇다’ 성료","","동아대 의과대학 좋은 의사 프로젝트 지역을 잇다 성료","38195","","0","","3","N","2026-06-16 15:20:30","2026-06-16 15:33:01","2026-06-16 15:20:30",""
"22349","‘부활 날갯짓’ 전인지, 메이저 전초전서 4년 만의 우승 정조준","","부활 날갯짓 전인지 메이저 전초전서 4년 만의 우승 정조준","38196","","0","","3","N","2026-06-16 15:20:30","2026-06-16 15:33:01","2026-06-16 15:20:30",""
"22350","‘US여자오픈 4위’ 전인지, 이번주 우승 재도전…마이어 클래식에서 4...","","us여자오픈 4위 전인지 이번주 우승 재도전 마이어 클래식에서 4","38197","","0","","3","N","2026-06-16 15:20:30","2026-06-16 15:33:01","2026-06-16 15:20:30",""
"22351","폐암 연구 화두는 기술 아닌 바이오마커…공간생물학 이목","","폐암 연구 화두는 기술 아닌 바이오마커 공간생물학 이목","38198","","0","바이오","3","N","2026-06-16 15:20:30","2026-06-16 15:33:01","2026-06-16 15:20:30",""
"22352","40년 만에 대기록 쓴 '돌아온 여제'…방송감도 타고났네","","40년 만에 대기록 쓴 돌아온 여제 방송감도 타고났네","38199","","0","","3","N","2026-06-16 15:20:31","2026-06-16 15:33:01","2026-06-16 15:20:31",""
"22353","[경제읽기] 코스피 이틀째 상승세…스페이스X 공모주 추가 배정","다우지수는 사상 최고치 기록을 경신했고, 스페이스X는 이틀 연속 19%가 넘는 폭등세를 이어가고 있어요?  이어서 스페이스X 소식을 조금 더 짚어보죠. 스페이스X 상장 과정에서 미래에셋의 공모주 배정 물량이...","경제읽기 코스피 이틀째 상승세 스페이스x 공모주 추가 배정","38200","","0","코스피,바이오,코스닥","4","N","2026-06-16 15:20:31","2026-06-16 15:33:16","2026-06-16 15:20:31","2026-06-16 15:33:16"
"22354","[분석_다층지배구조 ①키움증권] 엄주성 체제의 키움증권, 호실적에도 ...","","분석 다층지배구조 키움증권 엄주성 체제의 키움증권 호실적에도","38201","","0","금융","3","N","2026-06-16 15:20:31","2026-06-16 15:33:01","2026-06-16 15:20:31",""
"22355","부활한 전인지, LPGA 마이어 클래식에서 메이저 대회 전초전… 이소미,...","지난주 다우 챔피언십 기간 휴식을 취한 전인지는 시즌 세 번째 톱5를 목표로 전진한다. 이번 마이어 클래식은 오는 26일부터 29일까지 열리는 KPMG 여자 PGA 챔피언십과 오는 7월 10일부터 13일까지 열리는 에비앙...","부활한 전인지 lpga 마이어 클래식에서 메이저 대회 전초전 이소미","38203","","0","","6","N","2026-06-16 15:20:31","2026-06-16 15:33:01","2026-06-16 15:20:31","2026-06-16 15:20:31"
"22356","[자막뉴스] 종전 합의에 유가 무너지고 증시 폭주...머스크 또 해냈다","이날 뉴욕증시에서 다우존스30 산업평균지수는 전장보다 468.77p(0.92%) 오른 5만1671.03에 거래를 마치며 종가 기준 사상 최고치를 다시 썼다. 스탠더드앤드푸어스(S&P)500 지수는 122.83p(1.65%) 상승한 7554.29...","미 이란 종전 합의에 뉴욕증시 환호 다우 최고치 나스닥 3","40207","","0","나스닥,바이오,은","23","N","2026-06-16 15:20:31","2026-06-16 15:43:57","2026-06-16 15:20:31","2026-06-16 15:33:00"
"22357","[이로운분석]미국-이란 종전 가능할까…60일 휴전 뒤에 남은 '본게임'","미국 증시 역시 S&P500, 다우, 나스닥이 각각 1.65%, 0.92%, 3.07% 오르며 휴전 기대를 반영했다. 그러나 시장의 안도와 달리 외교·안보의 현실은 훨씬 위태롭다. 이번 합의는 종전협정이 아니라 휴전 연장이다. 어느 한쪽이...","이로운분석 미국 이란 종전 가능할까 60일 휴전 뒤에 남은 본게임","38207","","0","나스닥,게임","6","N","2026-06-16 15:20:31","2026-06-16 15:33:02","2026-06-16 15:20:31",""
"22358","SC ""비트코인, 6만달러서 바닥 형성…'크립토 스프링' 올 것""","다우존스30산업평균지수는 사상 최고치를 다시 썼으며 기술주 중심의 나스닥 지수 역시 큰 폭으로 올랐다. 비트코인도 이러한 흐름에 힘입어 6만6000달러 선을 회복하며 국내 시장에서는 장중 1억 원을 넘어서기도 했다....","크립토 길고 긴 겨울 끝났나 비트코인 1억 원 고지 재탈환 기대감","40246","","0","나스닥,달러,유가","9","N","2026-06-16 15:20:31","2026-06-16 15:33:06","2026-06-16 15:20:31","2026-06-16 15:33:01"
"22359","코스피 1만고지 보인다…""반도체가 끌고 정책이 민다""","간밤 다우존스30 산업평균지수는 전 거래일보다 0.92% 오르며 사상 최고치를 기록했다. 스탠더드앤드푸어스(S&P) 500지수와 나스닥 종합지수는 각각 1.65%, 3.07% 올랐다. 마이크론(10.84%)을 비롯해 웨스턴디지털(16.1...","코스피 1만고지 보인다 반도체가 끌고 정책이 민다","38211","","0","반도체,코스피,나스닥","8","N","2026-06-16 15:20:31","2026-06-16 15:41:13","2026-06-16 15:20:31","2026-06-16 15:41:13"
"22360","AI부터 돌봄까지… 동아대 의대생들, 지역의료 미래 해법 찾는다","동아대는 최근 부민캠퍼스 다우홀에서 '좋은 의사 프로젝트:지역을 잇다-진료실을 넘어 사회로' 행사를 개최하고 지역의료 현안과 공공보건의 미래를 함께 논의했다고 16일 전했다. 이 프로그램은 부산형 지역혁신중심...","ai부터 돌봄까지 동아대 의대생들 지역의료 미래 해법 찾는다","38214","","0","","2","N","2026-06-16 15:20:31","2026-06-16 15:20:54","2026-06-16 15:20:31",""
"22361","게이트, 주식 연계 무기한계약 8종 상장","","게이트 주식 연계 무기한계약 8종 상장","38215","","0","반도체,자동차","3","N","2026-06-16 15:20:31","2026-06-16 15:33:02","2026-06-16 15:20:31",""
"22362","[미국 특징주] ""HDD 공급 부족 심화""…웨스턴 디지털 16% 급등","","미국 특징주 hdd 공급 부족 심화 웨스턴 디지털 16 급등","38216","","0","","3","N","2026-06-16 15:20:31","2026-06-16 15:33:02","2026-06-16 15:20:31",""
"22363","Asian Markets Mixed Ahead of Key Central Bank Decisions","","asian markets mixed ahead of key central bank decisions","38217","","0","","3","N","2026-06-16 15:20:31","2026-06-16 15:33:02","2026-06-16 15:20:31",""
"22364","미·이란 극적 합의에 비트코인 급등…중동 리스크 걷히자 ‘안도 랠리...","지정학적 긴장이 낮아지면서 국제유가는 급락했고, 뉴욕 증시의 S&P500지수는 지난 4월 이후 가장 큰 폭의 상승세를 기록했다. 위험자산 전반으로 투자자금이 다시 유입되는 모습이다. 글로벌 자산운용사 블랙록의 릭...","미 이란 극적 합의에 비트코인 급등 중동 리스크 걷히자 안도 랠리","38218","","0","유가,금리","5","N","2026-06-16 15:20:31","2026-06-16 15:43:56","2026-06-16 15:20:31","2026-06-16 15:41:19"
"22365","월배당 인기에 커버드콜 ETF 24조원대로…“분배율만 보고 투자 말아야...","","월배당 인기에 커버드콜 etf 24조원대로 분배율만 보고 투자 말아야","38219","","0","나스닥","3","N","2026-06-16 15:20:31","2026-06-16 15:33:02","2026-06-16 15:20:31",""
"22366","""AI 미래 믿지만 굴곡 있을 것… 에너지·자원 분산 투자로 리스크 낮춰...","","ai 미래 믿지만 굴곡 있을 것 에너지 자원 분산 투자로 리스크 낮춰","38220","","0","코스피","3","N","2026-06-16 15:20:31","2026-06-16 15:33:02","2026-06-16 15:20:31",""
"22367","S&P500 선물, 종전 합의에도 소폭 하락…美 국채금리 혼조","삼성전자가 4.50%, SK하이닉스가 6.42% 상승한 가운데 삼성전기(16.63%), LG이노텍(16.70%), LS일렉트릭(15.73%), SK이터닉스(13.60%) 등이 급등했다. 장 초반 매수세가 빠르게 몰리면서 올해 14번째 매수 사이드카(프로그램...","s p500 선물 종전 합의에도 소폭 하락 국채금리 혼조","38221","","0","금리,환율","4","N","2026-06-16 15:20:31","2026-06-16 15:33:02","2026-06-16 15:20:31","2026-06-16 15:30:51"
"22368","삼성전자·SK하이닉스 협약…AI·반도체 마이스터고 6곳 지정","삼성전자는 0.89%, SK하이닉스는 3.54% 오르고 있으며 삼성전자우(1.62%), SK스퀘어(1.70%), 기아(1.25%), 두산에... 반면 HLB(-3.19%), 리노공업(-1.34%), 에코프로비엠(-0.97%), 레인보우로보틱스(-0.45%), 케어...","중동 리스크 완화에 반도체주 강세 삼성전자 sk하이닉스 동반 상승","40836","","0","반도체,나스닥,코스피,은,IT,원전,건설,방산,음식료","14","N","2026-06-16 15:20:31","2026-06-16 15:43:40","2026-06-16 15:20:31","2026-06-16 15:41:39"
"22369","‘중동 훈풍’에 코스피 4거래일 연속 상승세…증권가 “‘서머랠리’...","다우존스30 산업평균지수는 0.92% 오르며 사상 최고치를 기록했고, 스탠더드앤드푸어스(S&P)500 지수와 나스닥 종합지수는 각각 1.65%, 3.07% 올랐다. 국제 유가도 급락했다. 브렌트유와 미국 서부텍사스산원유(WTI) 선물이...","중동 훈풍 에 코스피 4거래일 연속 상승세 증권가 서머랠리","38224","","0","코스피,나스닥,유가,코스닥,바이오","5","N","2026-06-16 15:20:31","2026-06-16 15:43:49","2026-06-16 15:20:31","2026-06-16 15:43:49"
"22370","[은행 & Now] 카카오뱅크, 몽골 중앙은행과 디지털 금융 협력 논의 등","1993년 컨설팅 회사로 시작해, 현재는 통신(유니텔), 금융, 에너지, 유통, 부동산 등 몽골 국민들의 일상 전반에 막강한 영향력을 행사하는 부동의 1위 기업이다. 이날 미팅에서 카카오뱅크는 몽골 중앙은행 관계자들에게...","은행 now 카카오뱅크 몽골 중앙은행과 디지털 금융 협력 논의 등","38226","","0","금융","26","N","2026-06-16 15:20:31","2026-06-16 15:43:46","2026-06-16 15:20:31","2026-06-16 15:20:35"
"22371","넥슨 개발자 콘퍼런스 NDC 26 개막…""AI 시대, 맥락 자본이 경쟁력""","","넥슨 개발자 콘퍼런스 ndc 26 개막 ai 시대 맥락 자본이 경쟁력","38227","","0","","8","N","2026-06-16 15:20:31","2026-06-16 15:21:00","2026-06-16 15:20:31",""
"22372","[패트롤]강원도-춘천시","","패트롤 강원도 춘천시","38228","","0","","16","N","2026-06-16 15:20:31","2026-06-16 15:33:12","2026-06-16 15:20:31",""
"22373","전쟁 끝나도 지갑은 '꽁꽁'…중간선거 앞 트럼프 경제정책 곤경","","전쟁 끝나도 지갑은 꽁꽁 중간선거 앞 트럼프 경제정책 곤경","38229","","0","","14","N","2026-06-16 15:20:31","2026-06-16 15:33:04","2026-06-16 15:20:31",""
"22374","스마트공장 도입 기업 품질 44.3% 향상","","스마트공장 도입 기업 품질 44 3 향상","38230","","0","","9","N","2026-06-16 15:20:31","2026-06-16 15:33:10","2026-06-16 15:20:31",""
"22375","LG유플러스, 토요타 '올 뉴 RAV4'에 인포테인먼트 탑재","LG유플러스는 차량 내에서 뉴스·경제·골프 등 다양한 실시간 채널과 VOD 콘텐츠를 시청할 수 있는 '토요타 TV'를 탑재했다. 또한 큐레이션 기반 음악서비스 'essential;(에센셜)'도 추가해 다양한 테마의 플레이리스트를...","lgu 토요타 올 뉴 rav4 에 인포테인먼트 탑재","40547","","0","통신,자동차","15","N","2026-06-16 15:20:31","2026-06-16 15:43:34","2026-06-16 15:20:31","2026-06-16 15:41:10"
"22376","당진시, '17회 순성왕매실축제' 개최…체험·공연·먹거리 풍성","","당진시 17회 순성왕매실축제 개최 체험 공연 먹거리 풍성","38232","","0","","4","N","2026-06-16 15:20:31","2026-06-16 15:21:00","2026-06-16 15:20:31",""
"22377","전남도, '34억 투입' 고수온·적조 피해 예방 총력","한편 전라남도가 추진하는 '2026년 고수온·적조 종합대책'은 양식어가의 경제적 피해 최소화, 예산 및 사회적 비용 절감, 기후변화에 강한 '어업 현장 체질 개선', 지속 가능한 수산자원 및 해양 생태계 보호 등의 효과로...","전남도 34억 투입 고수온 적조 피해 예방 총력","38233","","0","","10","N","2026-06-16 15:20:31","2026-06-16 15:33:10","2026-06-16 15:20:31","2026-06-16 15:20:36"
"22378","[부고] 손광돈(한화투자증권 연금컨설팅1팀장)씨 부친상","▲ 손길용씨 별세, 손광돈(한화투자증권 연금컨설팅1팀장)·홍숙·양숙씨 부친상 = 16일, 광주광역시 스카이장례식장 3층 302호실, 발인 18일 오전 7시 30분 ☎ 062-951-1004 토요경제 / 토요경제","부고 손광돈 한화투자증권 연금컨설팅1팀장 씨 부친상","40988","","0","","29","N","2026-06-16 15:20:31","2026-06-16 15:43:32","2026-06-16 15:20:31","2026-06-16 15:43:32"
"22379","K-푸드, 세계인의 식탁을 점령하다… '2026 푸드이노베이션 포럼' 개최","","k 푸드 세계인의 식탁을 점령하다 2026 푸드이노베이션 포럼 개최","38235","","0","","7","N","2026-06-16 15:20:31","2026-06-16 15:20:56","2026-06-16 15:20:31",""
"22380","이 대통령, G7서 ‘공여국·수원국 새 파트너십 필요’ 메시지","","이 대통령 g7서 공여국 수원국 새 파트너십 필요 메시지","38236","","0","","5","N","2026-06-16 15:20:31","2026-06-16 15:20:56","2026-06-16 15:20:31",""
"22381","현대스틸산업, 광양에 초대형 해상풍력 기지…15MW 시장 정조준","이날 행사에는 이청휴 현대스틸산업 대표이사와 임낙호 현대건설 토목사업본부장, 정준호 국회의원... (이청휴 현대스틸산업 대표이사(오른쪽에서 여덟 번째), 임낙호 현대건설 토목 사업본부장(오른쪽에서 여섯 번째)...","현대스틸산업 율촌공장에 해상풍력 하부구조물 전용 설비 구축","40271","","0","건설,철강,자동차","24","N","2026-06-16 15:20:31","2026-06-16 15:41:17","2026-06-16 15:20:31","2026-06-16 15:41:17"
"22382","문경시장 인수위 “모범공무원 포상 철회 압박 없었다”…신현국 전 시...","","문경시장 인수위 모범공무원 포상 철회 압박 없었다 신현국 전 시","38238","","0","","4","N","2026-06-16 15:20:31","2026-06-16 15:20:54","2026-06-16 15:20:31",""
"22383","황병직 영주시장 당선인, 민선 9기 인수위 출범…실천 중심 '시정 로드...","","황병직 영주시장 당선인 민선 9기 인수위 출범 실천 중심 시정 로드","38239","","0","","3","N","2026-06-16 15:20:31","2026-06-16 15:20:54","2026-06-16 15:20:31",""
"22384","국민주권정부 1년, 농정 전환 성과와 과제는","","국민주권정부 1년 농정 전환 성과와 과제는","38240","","0","사료,음식료","23","N","2026-06-16 15:20:31","2026-06-16 15:33:10","2026-06-16 15:20:31",""
"22385","[기자수첩] 카드사, 이제는 ‘브랜드의 늪’에서 나와야 한다","","기자수첩 카드사 이제는 브랜드의 늪 에서 나와야 한다","38241","","0","","9","N","2026-06-16 15:20:31","2026-06-16 15:43:32","2026-06-16 15:20:31",""
"22386","""할부금 대납해준다더니 잠적"" 금감원, 중고차 대출 사기 소비자경보","현대경제신문 이지운 기자 | 금융감독원이 정부지원사업이나 취업 알선을 빙자한 중고차 대출 피해에 대해 소비자 주의를 발령했다. 고령층 퇴직자와 청년 구직자 등 사회적 취약계층을 대상으로 원하지 않거나 과도한...","할부금 대납해준다더니 잠적 금감원 중고차 대출 사기 소비자경보","38242","","0","금융","6","N","2026-06-16 15:20:31","2026-06-16 15:20:58","2026-06-16 15:20:31","2026-06-16 15:20:43"
"22387","김한종 장성군수, 민선 9기 군정 비전 발표…""군민이 주인인 장성""","","김한종 장성군수 민선 9기 군정 비전 발표 군민이 주인인 장성","38243","","0","","3","N","2026-06-16 15:20:31","2026-06-16 15:20:54","2026-06-16 15:20:31",""
"22388","민주당 대전시의회, 전반기 조성칠·후반기 구본환 의장 후보 합의 추대","조 당선자는 ""시민들의 삶이 여전히 어려운 만큼 현장의 목소리를 최우선으로 듣고, 시민이 체감할 수 있는 정책과 예산 집행에 의회의 역량을 집중하겠다""고 말했다. 이어 ""대전시의회가 견제와 감시라는 본연의 역할에...","민주당 대전시의회 전반기 의장 후보에 조성칠 추대","40279","","0","","11","N","2026-06-16 15:20:31","2026-06-16 15:33:06","2026-06-16 15:20:31","2026-06-16 15:33:02"
"22389","넥슨, AI 시대 새로운 전략 공개···""승부처는 맥락""","","넥슨 ai 시대 새로운 전략 공개 승부처는 맥락","38245","","0","게임","9","N","2026-06-16 15:20:31","2026-06-16 15:21:00","2026-06-16 15:20:31",""
"22390","김해시장직 인수위, 분과별 업무보고…민선9기 시정 준비 본격화","인수위는 지난 15일부터 17일까지 김해 구지봉 복원센터에서 기획행정, 안전교통, 경제·미래산업, 가야역사문화, 교육체육, 민생복지, 환경·도시계획 등 7개 분과 업무보고를 진행한다고 16일 밝혔다. 이번 업무보고에서...","김해시장직 인수위 분과별 업무보고 민선9기 시정 준비 본격화","38246","","0","","3","N","2026-06-16 15:20:31","2026-06-16 15:41:29","2026-06-16 15:20:31","2026-06-16 15:41:29"
"22391","방역조치 내릴 때 사회 부담도 감안…근거 기반 지침 만든다","","방역조치 내릴 때 사회 부담도 감안 근거 기반 지침 만든다","38247","","0","","4","N","2026-06-16 15:20:31","2026-06-16 15:20:56","2026-06-16 15:20:31",""
"22392","김남국 의원, 안산교육청 방문...학구통합 논의 백지화 · 해솔중 과밀 ...","","김남국 의원 안산교육청 방문 학구통합 논의 백지화 해솔중 과밀","38248","","0","","7","N","2026-06-16 15:20:31","2026-06-16 15:20:56","2026-06-16 15:20:31",""
"22393","李대통령, 오늘 G7 정상회의 참석…개발 원조 통한 파트너십 구축 강조","이 대통령은 또 수원국이 공적 자원을 활용해 자국 내 민간 투자를 촉진함으로써 경제 자립을 유도할 필요성을 제시하며 한국 정부의 지원 노력을 소개한다. 아울러 각국의 기술 격차가 경제적 격차로 이어지지 않도록...","대통령 오늘 g7 정상회의 참석 개발 원조 통한 파트너십 구축 강조","38249","","0","","6","N","2026-06-16 15:20:31","2026-06-16 15:20:56","2026-06-16 15:20:31","2026-06-16 15:20:37"
"22394","서울시 청년취업사관학교, AI 자동화 글로벌커머스 셀러 마케터 교육생...","","서울시 청년취업사관학교 ai 자동화 글로벌커머스 셀러 마케터 교육생","38250","","0","","3","N","2026-06-16 15:20:31","2026-06-16 15:20:54","2026-06-16 15:20:31",""
"22395","여야, '투표용지 부족 사태' 국정조사 18일 처리 합의…원 구성은 평행...","황남경 김성준 기자 = 여야는 6·3 지방선거 투표용지 부족 사태에 대한 국정조사계획서를 오는 18일 열리는... 국정조사 명칭은 '투표용지 부족 사태 등 국민 참정권 침해 진상 규명 및 선거 관리 개혁을 위한 국정조사'다....","여야 투표지 부족 사태 국조 계획서 18일 본회의 처리 합의","40262","","0","","6","N","2026-06-16 15:20:31","2026-06-16 15:33:07","2026-06-16 15:20:31","2026-06-16 15:33:02"
"22396","[기획] 클릭 한 번에 세계로…온라인發 中企 수출 성장","","기획 클릭 한 번에 세계로 온라인 수출 성장","38252","","0","","7","N","2026-06-16 15:20:31","2026-06-16 15:21:00","2026-06-16 15:20:31",""
"22397","전민철, 오는 8월 유니버설발레단 '백조의 호수' 무대 오른다","","전민철 오는 8월 유니버설발레단 백조의 호수 무대 오른다","38253","","0","","2","N","2026-06-16 15:20:31","2026-06-16 15:20:54","2026-06-16 15:20:31",""
"22398","""동의했는데 또 동의""…신용정보 동의제도 30년 만에 수술대","","동의했는데 또 동의 신용정보 동의제도 30년 만에 수술대","38254","","0","금리","8","N","2026-06-16 15:20:31","2026-06-16 15:33:02","2026-06-16 15:20:31",""
"22399","서울 원룸·다세대 공급 7년 만에 86% 줄었다…1인가구 64%가 비아파트에...","","서울 원룸 다세대 공급 7년 만에 86 줄었다 1인가구 64 가 비아파트에","38255","","0","금리","7","N","2026-06-16 15:20:31","2026-06-16 15:21:00","2026-06-16 15:20:31",""
"22400","비트코인(BTC), 미실현 손실 역대 2위...""대규모 투매 아직 안 터졌다"" 경...","(Lennaert Snyder)는 단기 상승 흐름을 유지하려면 6만 4,800달러 방어가 중요하다고 강조했다. 시장은 이번 주 미국 연방준비제도 회의와 일본의 추가 금리 인상 가능성을 다음 변동성의 핵심 변수로 주시하고 있다.","비트코인 btc 미실현 손실 역대 2위 대규모 투매 아직 안 터졌다 경","38256","","0","금리","6","N","2026-06-16 15:20:31","2026-06-16 15:33:02","2026-06-16 15:20:31","2026-06-16 15:20:31"
"22401","[영상] “여기가 바로 목동 1등”…한강·안양천 동시조망 ‘아크로 목...","","영상 여기가 바로 목동 1등 한강 안양천 동시조망 아크로 목","38257","","0","금리","12","N","2026-06-16 15:20:31","2026-06-16 15:33:14","2026-06-16 15:20:31",""
"22402","BOJ, 기준금리 1%로 인상…내년 4월부터 국채매입 축소 중단(종합)","일본은행(BOJ)은 16일 금융정책결정 회의를 열고 기준금리를 1%로 인상했다. 이날 BOJ는 성명서를 통해 ""정책금리인 무담보 콜금리를 1.0% 정도에서 추이하도록 유도한다""고 밝혔다. 이번 금리 인상은 지난해 12월...","boj 기준금리 1 로 인상 내년 4월부터 국채매입 축소 중단 종합","38258","","0","금리","15","N","2026-06-16 15:20:31","2026-06-16 15:33:05","2026-06-16 15:20:31","2026-06-16 15:20:32"
"22403","DL이앤씨 목동6단지 ‘아크로 목동리젠시’ 홍보관 둘러보니","27일 시공사 선정 총회 앞두고 '아크로 목동리젠시' 공개…한강과 안양천 모두 조망 조합원 분담금 4년 유예·이주비 LTV 100% 제시 아주경제=이은별 기자 star@ajunews.com DL이앤씨 '아크로 목동리젠시' 모형 [사진=DL이앤씨]...","dl이앤씨 목동6단지 홍보관 공개 1577가구 리버뷰 제안","40290","","0","금리","14","N","2026-06-16 15:20:31","2026-06-16 15:33:15","2026-06-16 15:20:31","2026-06-16 15:33:15"
"22404","[카드사 풍향계] 신한카드, ‘SOL Plan+ 카드’ 출시…포인트 혜택↑ 外","예를 들어 카드 이용으로 월 최대 7만5000포인트를 적립한 뒤 포인트박스에 입금하면 7500포인트가 추가 지급돼 총 8만2500포인트를 받을 수 있으며, 입금된 포인트에는 연 5% 금리도 적용된다. 신한카드는 같은 날...","은행 거래 많을수록 포인트 혜택 신한카드 sol plan 출시 코주부","41906","","0","금리,통신","9","N","2026-06-16 15:20:31","2026-06-16 15:43:34","2026-06-16 15:20:31","2026-06-16 15:43:34"
"22405","롯데파이낸스 베트남, 미사그룹과 디지털 금융 솔루션 구축 협력","","롯데파이낸스 베트남 미사그룹과 디지털 금융 솔루션 구축 협력","38261","","0","금리","2","N","2026-06-16 15:20:31","2026-06-16 15:20:54","2026-06-16 15:20:31",""
"22406","해진공, 중소·연안 선사에 1.1조원 특별지원···""문턱은 낮추고 지원...","그동안 중소·연안 선사는 대기업 중심의 외항 선사에 비해 규모가 영세하기에 고금리 및 원자재 가격 상승... 아울러 해운조합이나 예선업협동조합 등을 통해 2척 이상의 선박을 공동 발주하는 경우 금리 할인 혜택을...","한국해양진흥공사 유동성 위기 중소 연안선사에 1 1조 특별 지원","40287","","0","금리","6","N","2026-06-16 15:20:31","2026-06-16 15:33:04","2026-06-16 15:20:31","2026-06-16 15:33:02"
"22407","IMF ""전쟁 충격 버틴 세계 경제...AI가 성장 이끌고 에너지 수입국에 비...","","imf 전쟁 충격 버틴 세계 경제 ai가 성장 이끌고 에너지 수입국에 비","38266","","0","금리","23","N","2026-06-16 15:20:31","2026-06-16 15:43:46","2026-06-16 15:20:31",""
"22408","인플레이션 우려에 결국…기준금리 인상 단행한 日銀","일본 중앙은행이 16일 기준금리 인상을 단행함에 따라 한국은행이 다음달 기준금리를 인상할 가능성이 높아졌다. 교도통신 등에 따르면 일본은행은 16일 전날부터 이틀간 개최한 금융정책결정회의에서 기준금리인 단기...","인플레이션 우려에 결국 기준금리 인상 단행한","38267","","0","금리,금융","21","N","2026-06-16 15:20:31","2026-06-16 15:33:05","2026-06-16 15:20:31","2026-06-16 15:20:31"
"22409","신상 올리고 수수료 70% 떼고… SNS서 판 치는 불법 사금융","","신상 올리고 수수료 70 떼고 sns서 판 치는 불법 사금융","38268","","0","금리","2","N","2026-06-16 15:20:31","2026-06-16 15:20:54","2026-06-16 15:20:31",""
"22410","폴라리스 리뉴어블 에너지, 멕시코 250MW 수주·푸에르토리코 승인…신...","","폴라리스 리뉴어블 에너지 멕시코 250mw 수주 푸에르토리코 승인 신","38269","","0","금리","5","N","2026-06-16 15:20:31","2026-06-16 15:20:56","2026-06-16 15:20:31",""
"22411","최고 연 8% 금리…22일 출시 '청년미래적금' 가입 신청기간·자격·갈아...","","최고 연 8 금리 22일 출시 청년미래적금 가입 신청기간 자격 갈아","38270","","0","금리","4","N","2026-06-16 15:20:31","2026-06-16 15:33:02","2026-06-16 15:20:31",""
"22412","오늘 금시세(금값)도 뚜렷한 상승세 ... 3거래일 연속 오른 금가격 전망...","특히 이번 주 케빈 워시 신임 의장 체제에서 처음으로 열리는 연준의 통화정책 회의가 예정되어 있는데, 시장은 연준이 기준 금리를 동결할 것으로 강력히 예상하고 있다. 이자를 지급하지 않는 귀금속의 특성상...","오늘 금시세 금값 도 뚜렷한 상승세 3거래일 연속 오른 금가격 전망","38280","","0","금리","16","N","2026-06-16 15:20:31","2026-06-16 15:33:05","2026-06-16 15:20:31",""
"22413","종전 기대감에 국제유가 급락… 두바이유 80달러 붕괴","16일 한국석유공사가 발표한 유가동향 자료에 따르면 15일 기준 주요 국제유가는 브렌트유 83.17달러, 서부텍사스산원유(WTI) 80.75달러, 두바이유 78.90달러를 기록하며 전일 대비 모두 4달러 이상 하락했다. 특히...","미국 이란 종전 합의에 국제 유가 80달러 초반으로 뚝 떨어져","40355","","0","금리,달러,유가,항공,금융","14","N","2026-06-16 15:20:31","2026-06-16 15:43:55","2026-06-16 15:20:31","2026-06-16 15:43:55"
"22414","일본 기준금리 '1%' 입성…1995년 9월 이후 최고치","|중앙이코노미뉴스 김수현 기자|일본 중앙은행인 일본은행이 금융정책결정회의에서 6개월 만에 기준금리를 인상하며 '1%'시대'에 진입했다. [사진=연합뉴스] 일본 중앙은행인 일본은행이 금융정책결정회의에서 6개월...","일본 기준금리 1 입성 1995년 9월 이후 최고치","38286","","0","금융,금리","6","N","2026-06-16 15:20:31","2026-06-16 15:33:05","2026-06-16 15:20:31","2026-06-16 15:20:34"
"22415","[들어보니]시중은행 이어 인뱅까지…신용대출 한도 옥죈다","올해 들어 기준금리 인하 기대감과 서울·수도권 주택 거래 회복이 맞물리면서 주택담보대출 수요가 빠르게 늘어났다. 가계대출 증가분 대부분이 주담대에서 발생하고 있지만 은행 입장에서는 총량 규제를 맞추기 위해...","들어보니 시중은행 이어 인뱅까지 신용대출 한도 옥죈다","38287","","0","금리","1","N","2026-06-16 15:20:31","2026-06-16 15:20:31","2026-06-16 15:20:31",""
"22416","""반도체 빼고 다 비상"" 삼성전자 3대장, 'AX 혁신' 위기 돌파 머리 맞댄...","","반도체 빼고 다 비상 삼성전자 3대장 ax 혁신 위기 돌파 머리 맞댄","38289","","0","환율","7","N","2026-06-16 15:20:31","2026-06-16 15:33:02","2026-06-16 15:20:31",""
"22417","칩플레이션 직격탄 맞은 셋톱박스…KT, 협력사에 145억 긴급 지원","이번 조치는 중동 지역 지정학적 리스크와 고환율 기조, 원자재 가격 상승 등으로 글로벌 공급망... KT는 협력사의 경영 부담을 완화하기 위해 2023년부터 원자재 가격 변동분을 납품대금에 반영하는 '납품대금 연동제'도...","칩플레이션 직격탄 맞은 셋톱박스 kt 협력사에 145억 긴급 지원","38290","","0","환율","10","N","2026-06-16 15:20:31","2026-06-16 15:33:19","2026-06-16 15:20:31","2026-06-16 15:20:33"
"22418","金 총리 “美·이란 종전 MOU, 긴장 끈 놓아선 안 돼”","","총리 이란 종전 mou 긴장 끈 놓아선 안 돼","38291","","0","환율","8","N","2026-06-16 15:20:31","2026-06-16 15:33:04","2026-06-16 15:20:31",""
"22419","에이스침대, 고물가 속 4년째 가격 묶었다… 소비자 신뢰·ESG로 '정면승...","","에이스침대 고물가 속 4년째 가격 묶었다 소비자 신뢰 esg로 정면승","38292","","0","환율","12","N","2026-06-16 15:20:31","2026-06-16 15:43:41","2026-06-16 15:20:31",""
"22420","유가는 내려왔지만…기름값 상한은 그대로","","유가는 내려왔지만 기름값 상한은 그대로","38293","","0","환율","17","N","2026-06-16 15:20:31","2026-06-16 15:33:05","2026-06-16 15:20:31",""
"22421","고환율·유류할증료 부담에 여름휴가 근거리 82%…중국 1위, 국내 여행도...","","고환율 유류할증료 부담에 여름휴가 근거리 82 중국 1위 국내 여행도","38294","","0","환율","5","N","2026-06-16 15:20:31","2026-06-16 15:33:05","2026-06-16 15:20:31",""
"22422","수입물가 3개월째 전년 대비 20%대 상승···소비자물가 상승 우려","","수입물가 3개월째 전년 대비 20 대 상승 소비자물가 상승 우려","38295","","0","환율","16","N","2026-06-16 15:20:31","2026-06-16 15:33:05","2026-06-16 15:20:31",""
"22423","닫혔던 호르무즈 열리나…수입 식품·화장품 값도 숨통 트일까","이마트 관계자는 ""향후 가장 중요하게 보는 부분 역시 운임과 물류비에 영향을 미치는 유가의 흐름""이라며 ""실제 소비자 가격 안정으로 이어지기 위해서는 유가와 환율, 운임 등이 함께 안정돼야 한다""고 했다. 뷰티업계...","닫혔던 호르무즈 열리나 수입 식품 화장품 값도 숨통 트일까","38296","","0","환율","13","N","2026-06-16 15:20:31","2026-06-16 15:33:12","2026-06-16 15:20:31","2026-06-16 15:33:02"
"22424","구윤철 부총리 ""민생물가 안정 위해 가용수단 총동원""","","구윤철 부총리 민생물가 안정 위해 가용수단 총동원","38297","","0","환율","6","N","2026-06-16 15:20:31","2026-06-16 15:33:06","2026-06-16 15:20:31",""
"22425","농협사료 사료값 인상 추진…한우농가 반발","","농협사료 사료값 인상 추진 한우농가 반발","38298","","0","환율","5","N","2026-06-16 15:20:31","2026-06-16 15:33:10","2026-06-16 15:20:31",""
"22426","중동 전쟁 종전 임박...""국내 기름값 하락은 최소 한달 걸릴 듯""","","중동 전쟁 종전 임박 국내 기름값 하락은 최소 한달 걸릴 듯","38299","","0","환율","9","N","2026-06-16 15:20:31","2026-06-16 15:33:04","2026-06-16 15:20:31","2026-06-16 15:20:31"
"22427","반도체값 뛰자 수출물가 또 상승…수입물가는 유가 하락에 내려","","반도체값 뛰자 수출물가 또 상승 수입물가는 유가 하락에 내려","38300","","0","환율","12","N","2026-06-16 15:20:31","2026-06-16 15:33:09","2026-06-16 15:20:31","2026-06-16 15:20:31"
"22428","전력 관련 대장주·수혜주… 지금 주목해야 할 이유","","전력 관련 대장주 수혜주 지금 주목해야 할 이유","38301","","0","환율","10","N","2026-06-16 15:20:31","2026-06-16 15:43:53","2026-06-16 15:20:31",""
"22429","美 싱크탱크 “정치적 달러 스왑 안 돼…건전한 국가에 제공해야”","","싱크탱크 정치적 달러 스왑 안 돼 건전한 국가에 제공해야","38304","","0","환율","4","N","2026-06-16 15:20:31","2026-06-16 15:33:05","2026-06-16 15:20:31",""
"22430","'중동사태' 종료에도 1500원대…고환율 '정상화' 언제쯤?","","중동사태 종료에도 1500원대 고환율 정상화 언제쯤","38305","","0","환율","1","N","2026-06-16 15:20:31","2026-06-16 15:20:31","2026-06-16 15:20:31",""
"22431","유바이오로직스, UNICEF와 298억원 규모 콜레라 백신 공급계약 체결","","유바이오로직스 unicef와 298억원 규모 콜레라 백신 공급계약 체결","38306","","0","환율","1","N","2026-06-16 15:20:31","2026-06-16 15:20:31","2026-06-16 15:20:31",""
"22432","[미·이란 종전] '33단계 잔혹사' 끝났다… 항공업 3분기 '반등' 예고","","미 이란 종전 33단계 잔혹사 끝났다 항공업 3분기 반등 예고","38307","","0","환율","2","N","2026-06-16 15:20:31","2026-06-16 15:43:32","2026-06-16 15:20:31",""
"22433","""이게 저가커피 맞아?""…'야금야금' 오르더니 가격표 보고 깜짝","","이게 저가커피 맞아 야금야금 오르더니 가격표 보고 깜짝","38308","","0","환율","1","N","2026-06-16 15:20:31","2026-06-16 15:20:31","2026-06-16 15:20:31",""
"22434","최소 1억 8천만 원 NBA 코트사이드 좌석, 시계는 뭘 차고 갈까?","","최소 1억 8천만 원 nba 코트사이드 좌석 시계는 뭘 차고 갈까","38309","","0","환율","1","N","2026-06-16 15:20:31","2026-06-16 15:20:31","2026-06-16 15:20:31",""
"22435","""공무원 대신 주민이 뛴다""…보은군 체납관리단 운영","","공무원 대신 주민이 뛴다 보은군 체납관리단 운영","38310","","0","","6","N","2026-06-16 15:20:31","2026-06-16 15:33:04","2026-06-16 15:20:31",""
"22436","한국나눔연맹 천사무료급식소, 고령층 급식 지원 강화","","한국나눔연맹 천사무료급식소 고령층 급식 지원 강화","38311","","0","","4","N","2026-06-16 15:20:31","2026-06-16 15:33:03","2026-06-16 15:20:31",""
"22437","中 소비, 마이너스까지 뚫었는데 생산은 급성장…수급 불균형 심화","","소비 마이너스까지 뚫었는데 생산은 급성장 수급 불균형 심화","38312","","0","","6","N","2026-06-16 15:20:31","2026-06-16 15:33:03","2026-06-16 15:20:31",""
"22438","""발전 이익은 도시로 생산지역은 피해만 초래하는 구조 개선해야""","","발전 이익은 도시로 생산지역은 피해만 초래하는 구조 개선해야","38313","","0","","3","N","2026-06-16 15:20:31","2026-06-16 15:33:03","2026-06-16 15:20:31",""
"22439","2천원대 치킨에 반값 소고기까지…이마트, 상반기 결산 역대급 할인","","2천원대 치킨에 반값 소고기까지 이마트 상반기 결산 역대급 할인","38314","","0","음식료","5","N","2026-06-16 15:20:31","2026-06-16 15:33:03","2026-06-16 15:20:31",""
"22440","식당, 카페에서 일하면 돈 덜 준다?...최저임금 '차등 지급' 논란","","식당 카페에서 일하면 돈 덜 준다 최저임금 차등 지급 논란","38315","","0","","3","N","2026-06-16 15:20:31","2026-06-16 15:33:03","2026-06-16 15:20:31",""
"22441","플랫폼 떠나는 '프차'···무너진 상생에 '자생' 택했다","","플랫폼 떠나는 프차 무너진 상생에 자생 택했다","38316","","0","","3","N","2026-06-16 15:20:31","2026-06-16 15:33:03","2026-06-16 15:20:31",""
"22442","이개호 의원 ""발전소 주변지역 지원단가 현실화 필요""","그러나 지원 단가가 지난 2006년 이후 20년간 한 차례도 조정되지 않아 그간 각종 물가 상승률을 반영하지... 이번 개정안은 매년 전력산업기반기금에서 지원하는 지원금(kWh당 0.25원)에 대해서는 소비자물가상승률을...","이개호 의원 발전소 주변지역 지원단가 현실화 필요","38317","","0","원전","12","N","2026-06-16 15:20:31","2026-06-16 15:33:10","2026-06-16 15:20:31","2026-06-16 15:20:44"
"22443","휴전해도 기름값 4달러선…트럼프 '물가 급락' 장담 시험대","","휴전해도 기름값 4달러선 트럼프 물가 급락 장담 시험대","38318","","0","달러","10","N","2026-06-16 15:20:31","2026-06-16 15:33:05","2026-06-16 15:20:31",""
"22444","반도체 질주에 수출물가 11개월 상승...수출가격·교역조건지수 역대급...","업다운뉴스= 김한석 기자 / 지난달 수입물가가 국제유가 하락에 두 달째 내리고 수출물가는 반도체 가격 강세로 11개월 연속 올랐다. 이달 미국과 이란의 종전 합의로 수입물가 상방 압력이 완화될 가능성은...","반도체 질주에 수출물가 11개월 상승 수출가격 교역조건지수 역대급","38319","","0","반도체,유가","10","N","2026-06-16 15:20:31","2026-06-16 15:33:05","2026-06-16 15:20:31","2026-06-16 15:33:04"
"22445","의협 대의원회 분노...""탈모 치료 급여하면서 수가인상은 고작 1.6%?'","","의협 대의원회 분노 탈모 치료 급여하면서 수가인상은 고작 1 6","38320","","0","금리","5","N","2026-06-16 15:20:31","2026-06-16 15:33:08","2026-06-16 15:20:31",""
"22446","종전에도 고물가는 계속…유통가, 장바구니 부담 낮추기 총력","","종전에도 고물가는 계속 유통가 장바구니 부담 낮추기 총력","38321","","0","유가","3","N","2026-06-16 15:20:31","2026-06-16 15:20:54","2026-06-16 15:20:31",""
"22447","포스코퓨처엠, 새만금 투자 속도…구형흑연 공급망 핵심 거점으로","","포스코퓨처엠 새만금 투자 속도 구형흑연 공급망 핵심 거점으로","38322","","0","","9","N","2026-06-16 15:20:32","2026-06-16 15:43:39","2026-06-16 15:20:32",""
"22448","이란 전쟁 여파에...미얀마 물가 상승률 25% 육박","","이란 전쟁 여파에 미얀마 물가 상승률 25 육박","38323","","0","","3","N","2026-06-16 15:20:32","2026-06-16 15:33:03","2026-06-16 15:20:32",""
"22449","PGIM “연준, 올해 3회 금리 인상 후 다음해 3회 내릴 것”","연준이 세 차례 금리를 인상할 것으로 내다봤다. PGIM은 미국 경제를 둘러싼 기본 시나리오를 ‘과열’로 제시했다. 유가 상승에 따른 물가 압력이 지속될 것이라는 기존 견해는 유지했다. PGIM은 “이러한 배경과 연준이...","pgim 연준 올해 3회 금리 인상 후 다음해 3회 내릴 것","38324","","0","금리,유가","16","N","2026-06-16 15:20:32","2026-06-16 15:33:05","2026-06-16 15:20:32","2026-06-16 15:20:34"
"22450","호르무즈 다시 열린다지만 … 정유·해운업계 덮친 '통행 수수료 청구서...","","호르무즈 다시 열린다지만 정유 해운업계 덮친 통행 수수료 청구서","38325","","0","조선","3","N","2026-06-16 15:20:32","2026-06-16 15:33:03","2026-06-16 15:20:32",""
"22451","'무거운 입' 강조한 워시…연준 20년 소통 관행 끝?","당시 연준은 인플레이션을 ""일시적 현상""이라고 많이 언급했는데, 이 예측은 틀렸고 결국 연준이 뒤늦게 금리를 가파르게 올렸습니다. 연준 인사들이 예측성 발언을 하고 나면 상황이 바뀐 후에도 오랫동안 그 예측을...","무거운 입 강조한 워시 연준 20년 소통 관행 끝","38329","","0","금리","6","N","2026-06-16 15:20:32","2026-06-16 15:33:05","2026-06-16 15:20:32",""
"22452","케빈 워시 연준 의장, 16일 첫 FOMC서 '금리 동결·중립 전환' 예고","여전히 연준의 목표치를 웃도는 인플레이션 지표와 고공행진 중인 국제 유가 등은 금리 인하 가능성을 가로막는 주요인으로 꼽힌다. 시장의 관심은 금리 동결 여부보다 향후 연준의 기조 변화와 워시 의장의 입에 쏠려...","케빈 워시 연준 의장 16일 첫 fomc서 금리 동결 중립 전환 예고","38330","","0","금리,유가","6","N","2026-06-16 15:20:32","2026-06-16 15:33:05","2026-06-16 15:20:32",""
"22453","종전 합의에도 美 인플레 후폭풍…유가·물가 정상화는 2027년?","그레이스 즈웨머 옥스퍼드 이코노믹스 미국 담당 이코노미스트는 ""유가가 합의 이후 급락하더라도 인플레이션이 같은 속도로 떨어진다는 의미는 아니다""라며 ""상황이 곧바로 전쟁 이전으로 돌아가지는 않을 것""이라고...","종전 합의에도 인플레 후폭풍 유가 물가 정상화는 2027년","38331","","0","","6","N","2026-06-16 15:20:32","2026-06-16 15:33:05","2026-06-16 15:20:32",""
"22454","호주중앙은행, 기준금리 4.35% 유지…""필요시 추가 인상 고려""","앞서 지난달 RBA는 인플레이션 급등을 억제하기 위해 시장 예상대로 기준금리를 4.35%로 25bp 인상했습니다.... 있다""면서 ""그러나 인플레이션은 여전히 높은 수준이므로, 이전금리 인상에 대한 반응과 유가 하락의 영향을...","호주중앙은행 기준금리 4 35 유지 필요시 추가 인상 고려","38332","","0","금리,유가","5","N","2026-06-16 15:20:32","2026-06-16 15:33:03","2026-06-16 15:20:32","2026-06-16 15:20:32"
"22455","솔라나(SOL), 73달러 돌파하며 주간 상승세 지속","무한 공급 구조를 가지고 있지만, 스테이킹과 소각 메커니즘을 통해 인플레이션 압력을 관리하고 있다. 자체 보고 유통량 기준으로는 5억 2,523만 개로 집계되며, 이에 따른 시가총액은 385억 달러 수준이다. 공식...","솔라나 sol 73달러 돌파하며 주간 상승세 지속","38333","","0","달러","3","N","2026-06-16 15:20:32","2026-06-16 15:33:03","2026-06-16 15:20:32",""
"22456","印 정부, 경유·항공유 수출 '횡재세' 재인상...자국 에너지 안보 우선시","인도 국내 연료 공급을 보장하고 인플레이션을 억제하기 위한 조치다. 15일(현지 시간) 인도 이코노믹 타임스(ET)와 비즈니스 스탠다드(BS) 등에 따르면, 인도 정부는 이날 경유 및 ATF에 대한 특별추가소비세를...","정부 경유 항공유 수출 횡재세 재인상 자국 에너지 안보 우선시","38334","","0","항공","3","N","2026-06-16 15:20:32","2026-06-16 15:33:03","2026-06-16 15:20:32",""
"22457","키움에 자리 내준 신한증권, DCM 입지 흔들","지정학적 리스크(미국이란 전쟁 등)로 인플레이션 우려가 지속되자, 금리 변동성을 의식한 기업들이 발행 시기를 미룬 결과다. 반면 키움증권은 같은 기간 주관 실적을 1조 7570억원에서 2조3160억원으로 31.8...","키움에 자리 내준 신한증권 dcm 입지 흔들","38335","","0","금리","3","N","2026-06-16 15:20:32","2026-06-16 15:43:39","2026-06-16 15:20:32",""
"22458","[美·이란 종전 합의] 금값, 호르무즈 재개방 기대 속 상승분 유지","전쟁 기간 에너지 가격 상승이 인플레이션(물가 상승) 우려를 키우고 주요 중앙은행의 고금리 기조를 장기화할 수 있다는 전망이 금값에 부담으로 작용했다. 시장 참가자들은 이번 주 주요 중앙은행들의 통화정책...","이란 종전 합의 금값 호르무즈 재개방 기대 속 상승분 유지","38338","","0","금리","5","N","2026-06-16 15:20:32","2026-06-16 15:33:05","2026-06-16 15:20:32",""
"22459","“이날 위해 15년째”…40세 골키퍼, 스페인 27개 슈팅 다 막아냈다","","이날 위해 15년째 40세 골키퍼 스페인 27개 슈팅 다 막아냈다","38339","","0","","2","N","2026-06-16 15:20:32","2026-06-16 15:20:55","2026-06-16 15:20:32",""
"22460","김천시의회, 양파농가 일손 돕기 발 벗고 나서","","김천시의회 양파농가 일손 돕기 발 벗고 나서","38340","","0","","2","N","2026-06-16 15:20:32","2026-06-16 15:20:55","2026-06-16 15:20:32",""
"22461","하늘은 왜 일본 괴롭히나...'1-5 대패' 감독 경질 기뻐했는데, '前 한국...","","하늘은 왜 일본 괴롭히나 1 5 대패 감독 경질 기뻐했는데 한국","38341","","0","","2","N","2026-06-16 15:20:32","2026-06-16 15:20:55","2026-06-16 15:20:32",""
"22462","체육단체 핸드볼경기장 진입, 시위대와 합의","","체육단체 핸드볼경기장 진입 시위대와 합의","38342","","0","","2","N","2026-06-16 15:20:32","2026-06-16 15:20:55","2026-06-16 15:20:32",""
"22463","이준석, '전면 재선거' 장동혁에 ""무책임 선동…선별 재선거가 답""","","이준석 전면 재선거 장동혁에 무책임 선동 선별 재선거가 답","38343","","0","","3","N","2026-06-16 15:20:32","2026-06-16 15:20:55","2026-06-16 15:20:32",""
"22464","미국 비자·장거리 이동 '악재' 이겨낸 이란…뉴질랜드와 2-2 무승부","","미국 비자 장거리 이동 악재 이겨낸 이란 뉴질랜드와 2 2 무승부","38344","","0","","2","N","2026-06-16 15:20:32","2026-06-16 15:20:55","2026-06-16 15:20:32",""
"22465","[그래픽] 동탄 집값 상승률 급등…서울·경기 평균 훌쩍 웃돌아","","그래픽 동탄 집값 상승률 급등 서울 경기 평균 훌쩍 웃돌아","38345","","0","반도체","6","N","2026-06-16 15:20:32","2026-06-16 15:33:04","2026-06-16 15:20:32",""
"22466","구리시 마을공동체, 주민 손으로 지역문제 해결","","구리시 마을공동체 주민 손으로 지역문제 해결","38346","","0","","2","N","2026-06-16 15:20:32","2026-06-16 15:20:55","2026-06-16 15:20:32",""
"22467","평택시장애인체육회, '2026 발달장애인 트레킹 대회' 성료…149명 참여","","평택시장애인체육회 2026 발달장애인 트레킹 대회 성료 149명 참여","38347","","0","","2","N","2026-06-16 15:20:32","2026-06-16 15:20:55","2026-06-16 15:20:32",""
"22468","제주항공, 5월 여행객 증가....황금연휴 특수덕","","제주항공 5월 여행객 증가 황금연휴 특수덕","38348","","0","항공","4","N","2026-06-16 15:20:32","2026-06-16 15:21:01","2026-06-16 15:20:32",""
"22469","일본 핸드볼, 브레이브 킹스 디펜딩 챔피언 블루 팔콘 꺾고 창단 첫 통...","","일본 핸드볼 브레이브 킹스 디펜딩 챔피언 블루 팔콘 꺾고 창단 첫 통","38349","","0","","4","N","2026-06-16 15:20:32","2026-06-16 15:21:00","2026-06-16 15:20:32",""
"22470","[NDC 26] 강대현 ""크아 IP 계승…팬 경험 확장 구상""","","ndc 26 강대현 크아 ip 계승 팬 경험 확장 구상","38350","","0","","4","N","2026-06-16 15:20:32","2026-06-16 15:21:00","2026-06-16 15:20:32",""
"22471","""지방선거 광역·기초단체장 당선인 86%가 기후공약 내걸었다""","","지방선거 광역 기초단체장 당선인 86 가 기후공약 내걸었다","38351","","0","","6","N","2026-06-16 15:20:32","2026-06-16 15:33:08","2026-06-16 15:20:32",""
"22472","[기획] 세계 2위 화장품 강국…K뷰티가 연 수출 신시장","특정 국가 경기나 규제 변화에 따라 영향을 크게 받던 구조에서 벗어나 수출 기반 자체가 넓어지고 있다는 평가가 나온다. 업계에서는 K뷰티가 단순한 화장품 산업을 넘어 한국 소비재 수출을 이끄는 대표 산업으로...","기획 세계 2위 화장품 강국 k뷰티가 연 수출 신시장","38352","","0","화장품","17","N","2026-06-16 15:20:32","2026-06-16 15:43:29","2026-06-16 15:20:32","2026-06-16 15:31:04"
"22473","아프면 쉬도록... '독감 비극' 막을 유치원 순회 교사 배치","","아프면 쉬도록 독감 비극 막을 유치원 순회 교사 배치","38353","","0","","3","N","2026-06-16 15:20:32","2026-06-16 15:20:55","2026-06-16 15:20:32",""
"22474","이광재, 위례성심병원 사전심의 승인…700병상 종합병원 추진","","이광재 위례성심병원 사전심의 승인 700병상 종합병원 추진","38354","","0","","5","N","2026-06-16 15:20:32","2026-06-16 15:21:01","2026-06-16 15:20:32",""
"22475","LG, 광주서 KIA 다시 만난다…웰스가 선두팀 흐름 지킬까","","lg 광주서 kia 다시 만난다 웰스가 선두팀 흐름 지킬까","38355","","0","","3","N","2026-06-16 15:20:32","2026-06-16 15:33:16","2026-06-16 15:20:32",""
"22476","""9회도 던질래?""→""그게 질문입니까?"" 유리몸 투수 맞나, '9K 1피안타' 생...","","9회도 던질래 그게 질문입니까 유리몸 투수 맞나 9k 1피안타 생","38356","","0","","2","N","2026-06-16 15:20:32","2026-06-16 15:20:55","2026-06-16 15:20:32",""
"22477","경기도의회 기재위 차세대 융합기술연구원 방문","경기도의회,기재위,융기원 경기도의회 기획재정위원회 차세대융합기술연구원 현장 방문 모습. 경기도의회 제공 경기도의회 기획재정위원회는 최근 차세대융합기술연구원을 방문해 주요 현안사항을 듣고 메이커스페이스...","경기도의회 기재위 차세대 융합기술연구원 방문","38357","","0","","3","N","2026-06-16 15:20:32","2026-06-16 15:20:55","2026-06-16 15:20:32",""
"22478","'다음' 품은 업스테이지, 7300억 투자 유치…""모두를 위한 AI""","","다음 품은 업스테이지 7300억 투자 유치 모두를 위한 ai","38358","","0","","7","N","2026-06-16 15:20:32","2026-06-16 15:33:04","2026-06-16 15:20:32",""
"22479","시원소주·충북대학생, 사창동서 '시원한 청춘사진관' 진행","","시원소주 충북대학생 사창동서 시원한 청춘사진관 진행","38359","","0","","2","N","2026-06-16 15:20:32","2026-06-16 15:20:55","2026-06-16 15:20:32",""
"22480","[위클리오늘] 강원도, 파리 K-프리미엄 소비재전 참가 지원…유럽 수출...","","위클리오늘 강원도 파리 k 프리미엄 소비재전 참가 지원 유럽 수출","38360","","0","","7","N","2026-06-16 15:20:32","2026-06-16 15:33:12","2026-06-16 15:20:32",""
"22481","500만 돌파 '군체', SCREENX·4DX 타고 해외서도 흥행…글로벌 특별관 매...","","500만 돌파 군체 screenx 4dx 타고 해외서도 흥행 글로벌 특별관 매","38361","","0","","3","N","2026-06-16 15:20:32","2026-06-16 15:41:11","2026-06-16 15:20:32",""
"22482","[기획] 韓 수출의 진화… 반도체 넘어 K브랜드까지","","기획 수출의 진화 반도체 넘어 k브랜드까지","38362","","0","반도체","22","N","2026-06-16 15:20:32","2026-06-16 15:41:11","2026-06-16 15:20:32",""
"22483","""백악관, 中연계 韓통신회사 앤트로픽 미토스 접근 발견 후 차단""","","백악관 연계 통신회사 앤트로픽 미토스 접근 발견 후 차단","38363","","0","","6","N","2026-06-16 15:20:32","2026-06-16 15:33:19","2026-06-16 15:20:32",""
"22484","'생산적 금융 동맥' 신용보증기금…혁신 지원·내실 '두 마리 토끼' 잡는...","우리은행은 전날 효성그룹과 인공지능(AI), 전력기기 등 첨단전략산업 분야에 향후 5년간 2조원 규모의 금융지원 한도를 설정하기로 했다. 특히 투자 계획 단계에서 미리 대출 한도를 정하는 '사전 여신한도 설정' 방식을...","생산적 금융 동맥 신용보증기금 혁신 지원 내실 두 마리 토끼 잡는","38364","","0","금융,반도체","5","N","2026-06-16 15:20:32","2026-06-16 15:43:53","2026-06-16 15:20:32","2026-06-16 15:43:53"
"22485","무보·코트라·법무부·경찰청, 무역사기 공동 대응…수출기업 피해 예...","","무보 코트라 법무부 경찰청 무역사기 공동 대응 수출기업 피해 예","38365","","0","","4","N","2026-06-16 15:20:32","2026-06-16 15:33:04","2026-06-16 15:20:32",""
"22486","EU 안보대표 ""中, 우크라전 투입 러시아군 훈련시켜""…중국 기업도 추가...","","eu 안보대표 우크라전 투입 러시아군 훈련시켜 중국 기업도 추가","38366","","0","유가,조선","9","N","2026-06-16 15:20:32","2026-06-16 15:33:11","2026-06-16 15:20:32",""
"22487","5월 부산 지역 수출 16.4% ↑…3개월 연속 증가세","","5월 부산 지역 수출 16 4 3개월 연속 증가세","38368","","0","","16","N","2026-06-16 15:20:32","2026-06-16 15:33:10","2026-06-16 15:20:32",""
"22488","포스코 포항제철소 찾은 대구세관장 ""철강산업 수출지원 강화""","","포스코 포항제철소 찾은 대구세관장 철강산업 수출지원 강화","38369","","0","철강","10","N","2026-06-16 15:20:32","2026-06-16 15:33:10","2026-06-16 15:20:32",""
"22489","당진시, 산업위기선제대응지역 지정","철강 산업은 최근 글로벌 공급 과잉, 미 관세정책, 탄소 규제 강화, 미국·이란 전쟁에 따른 원자재 가격 상승 등으로 인해 어려움을 겪고 있다. 당진 지역 주요 철강 기업 5곳의 영업이익은 2023년 2623억원 흑자에서...","당진시 산업위기선제대응지역 지정","38370","","0","철강","25","N","2026-06-16 15:20:32","2026-06-16 15:43:46","2026-06-16 15:20:32","2026-06-16 15:43:46"
"22490","시선AI, AI 스마트 버스 국책사업 수주…온디바이스 LLM 에이전트 개발","","시선ai ai 스마트 버스 국책사업 수주 온디바이스 llm 에이전트 개발","38371","","0","","4","N","2026-06-16 15:20:32","2026-06-16 15:20:58","2026-06-16 15:20:32",""
"22491","K-방산, 유럽 최대 방산전시회 '올인'... 유럽 추가 수주 공략","능동방호장치와 드론 재머 등을 탑재한 수출형 K2 전차 콘셉트 모델을 선보이며 고객 맞춤형 솔루션을... 한화는 폴란드 등에서 입증된 빠른 납기 능력과 가성비를 바탕으로 유럽 내 추가 수출 물밑 작업에 전력을 다하고...","k 방산 유럽 최대 방산전시회 올인 유럽 추가 수주 공략","38372","","0","방산","16","N","2026-06-16 15:20:32","2026-06-16 15:33:16","2026-06-16 15:20:32","2026-06-16 15:30:58"
"22492","[현장] 대한민국 해상풍력, 친환경 산업 대안으로 우뚝… 여수서 차세대...","김 회장은 ""대한민국은 산업 경쟁력 세계 4위, 수출 규모 세계 5위권의 산업 강국이지만, 최근 급성장 중인 반도체, 배터리, 데이터센터, AI 등 첨단 산업의 지속 가능한 경쟁력을 위해서는 아리백(RE100) 이행을 위한...","현장 대한민국 해상풍력 친환경 산업 대안으로 우뚝 여수서 차세대","38373","","0","반도체","17","N","2026-06-16 15:20:32","2026-06-16 15:33:10","2026-06-16 15:20:32","2026-06-16 15:20:38"
"22493","혹한 견뎌낸 명품의 귀환…'의성 한지마늘' 수확 한창","특히 대구경북신공항 건설과 연계한 글로벌 물류 인프라 구축이 본격화되면 의성마늘의 해외 수출 경쟁력은 한층 강화될 것으로 기대된다. 김주수 의성군수는 ""올해 수확기에도 땀 흘려 명품 마늘을 결실로 맺어준...","혹한 견뎌낸 명품의 귀환 의성 한지마늘 수확 한창","38374","","0","건설,기계","10","N","2026-06-16 15:20:32","2026-06-16 15:43:58","2026-06-16 15:20:32","2026-06-16 15:20:48"
"22494","대규모 초과세수 어디에 쓰일까…'AI·반도체·첨단제조' 집중 투자 유력","","대규모 초과세수 어디에 쓰일까 ai 반도체 첨단제조 집중 투자 유력","38375","","0","반도체,방산,원전","16","N","2026-06-16 15:20:32","2026-06-16 15:33:10","2026-06-16 15:20:32",""
"22495","신라에스지, 기업가치 제고 계획 발표 ""수익성·성장성 동시 확보""","","신라에스지 기업가치 제고 계획 발표 수익성 성장성 동시 확보","38376","","0","음식료","2","N","2026-06-16 15:20:32","2026-06-16 15:20:55","2026-06-16 15:20:32",""
"22496","렉스이노베이션, 글로벌시장개척 국제공동연구 태양광분야에 참여","","렉스이노베이션 글로벌시장개척 국제공동연구 태양광분야에 참여","38377","","0","","3","N","2026-06-16 15:20:32","2026-06-16 15:20:58","2026-06-16 15:20:32",""
"22497","中 소매판매 코로나 봉쇄 해제 후 첫 감소…추가 부양론 솔솔","","소매판매 코로나 봉쇄 해제 후 첫 감소 추가 부양론 솔솔","38378","","0","","3","N","2026-06-16 15:20:32","2026-06-16 15:20:55","2026-06-16 15:20:32",""
"22498","부산국세청 세무관서장회의…강성팔, ""체납관리단 운영, 책임있는 관리...","","부산국세청 세무관서장회의 강성팔 체납관리단 운영 책임있는 관리","38379","","0","","3","N","2026-06-16 15:20:32","2026-06-16 15:33:04","2026-06-16 15:20:32",""
"22499","[위클리오늘] 강원도, 우박 피해 농가 복구 총력…농작물재해보험 가입...","","위클리오늘 강원도 우박 피해 농가 복구 총력 농작물재해보험 가입","38380","","0","사료","4","N","2026-06-16 15:20:32","2026-06-16 15:33:04","2026-06-16 15:20:32",""
"22500","부산국세청, 체납관리단 7월 출범 앞두고 '대응체계' 점검","","부산국세청 체납관리단 7월 출범 앞두고 대응체계 점검","38381","","0","","3","N","2026-06-16 15:20:32","2026-06-16 15:33:04","2026-06-16 15:20:32",""
"22501","'개인정보 유출' 듀오 집단소송, 1000명 돌파…티빙은 9만명 넘어(종합)","","개인정보 유출 듀오 집단소송 1000명 돌파 티빙은 9만명 넘어 종합","38382","","0","","3","N","2026-06-16 15:20:32","2026-06-16 15:33:04","2026-06-16 15:20:32",""
"22502","여한구 통상본부장 ""美 301조 '12.5% 관세 제안'에 이익균형 유지 대응할...","","여한구 통상본부장 301조 12 5 관세 제안 에 이익균형 유지 대응할","38383","","0","","8","N","2026-06-16 15:20:32","2026-06-16 15:43:46","2026-06-16 15:20:32",""
"22503","중국 정유 처리량 4년 만에 최저…원유 수입도 급감","","중국 정유 처리량 4년 만에 최저 원유 수입도 급감","38384","","0","유가","3","N","2026-06-16 15:20:32","2026-06-16 15:33:04","2026-06-16 15:20:32",""
"22504","'코카카(KoCACA) 문예회관 우수사례 발표대회' 공주문예회관 우수상 수상","","코카카 kocaca 문예회관 우수사례 발표대회 공주문예회관 우수상 수상","38385","","0","","3","N","2026-06-16 15:20:32","2026-06-16 15:33:04","2026-06-16 15:20:32",""
"22505","커진 대구TP, 적자 난 DIP…새 시정 산업기관 재정 점검대에","","커진 대구tp 적자 난 dip 새 시정 산업기관 재정 점검대에","38386","","0","","3","N","2026-06-16 15:20:32","2026-06-16 15:33:04","2026-06-16 15:20:32",""
"22506","[유통가 상반기 돌아보니] ③웃었지만 불안한 패션, '이중압박' 여전","","유통가 상반기 돌아보니 웃었지만 불안한 패션 이중압박 여전","38387","","0","화장품","4","N","2026-06-16 15:20:32","2026-06-16 15:43:48","2026-06-16 15:20:32",""
"22507","SUV 명가 토요타의 승부수…'올 뉴 RAV4' 국내 출시","PHEV 모델은 2.5리터 가솔린 엔진과 신규 대용량 리튬이온 배터리, 고효율 e-액슬을 결합해 시스템 총출력 329마력, 최대 토크 23.8kg·m을 발휘한다. 특히 22.68kWh 리튬 이온 배터리를 탑재해 순수 전기 모드로 최대 77...","토요타 신형 rav4 국내 출시","38720","","0","","17","N","2026-06-16 15:20:32","2026-06-16 15:41:10","2026-06-16 15:20:32","2026-06-16 15:20:38"
"22508","대학 10곳 중 6곳, 2년 연속 등록금 인상","","대학 10곳 중 6곳 2년 연속 등록금 인상","38389","","0","","2","N","2026-06-16 15:20:32","2026-06-16 15:20:55","2026-06-16 15:20:32",""
"22509","스페인 막아낸 '인간 벽' 카보베르데 골키퍼는 눈물을 흘렸다 : 어머니...","","스페인 막아낸 인간 벽 카보베르데 골키퍼는 눈물을 흘렸다 어머니","38390","","0","달러","2","N","2026-06-16 15:20:32","2026-06-16 15:20:55","2026-06-16 15:20:32",""
"22510","트럼프, 이란전 끝내고 곧장 우크라이나로…""푸틴 압박 카드, 결국 석유...","","트럼프 이란전 끝내고 곧장 우크라이나로 푸틴 압박 카드 결국 석유","38391","","0","유가","3","N","2026-06-16 15:20:32","2026-06-16 15:20:55","2026-06-16 15:20:32",""
"22511","깨끗한나라, 종이의 날 맞아 자원순환 경쟁력 강화…“폐지, 공급망 안...","깨끗한나라(004540)가 제10회 종이의 날을 맞아 공급망 불확실성이 확대되는 가운데 종이자원(폐지)의 산업적 가치와 자원순환 기반 패키징 경쟁력을 강화하고 있다고 16일 밝혔다. 최근 중동 지역 정세 불안과 원자재...","깨끗한나라 종이의 날 맞아 자원순환 경쟁력 강화 폐지 공급망 안","38392","","0","","9","N","2026-06-16 15:20:32","2026-06-16 15:43:51","2026-06-16 15:20:32","2026-06-16 15:43:51"
"22512","폭스바겐, 2026년형 ID.5프로 인도 시작…대형 화면에 무선 연결 더해","","폭스바겐 2026년형 id 5프로 인도 시작 대형 화면에 무선 연결 더해","38393","","0","","7","N","2026-06-16 15:20:32","2026-06-16 15:33:08","2026-06-16 15:20:32",""
"22513","한국주류수입협회, '2026 주류산업 관련 제도 설명회' 18일 개최","한국주류수입협회(회장 마승철)는 오는 6월 18일(목) 오전 10시 30분부터 서울 삼성동 코엑스 컨퍼런스룸... 제조·수입업계는 물론 미디어와 광고업계의 높은 관심이 예상된다. 설명회는 ▲오전 10시 30분 국세청...","한국주류수입협회 2026 주류산업 관련 제도 설명회 18일 개최","38394","","0","","2","N","2026-06-16 15:20:32","2026-06-16 15:20:55","2026-06-16 15:20:32",""
"22514","광명시, 중소기업 대상 하반기 경제전망·자금·수출 설명회 개최","16일 광명 GIDC(광명국제디자인클러스터) 더가치홀에서 관내 중소기업을 대상으로 '하반기 경제전망 및 자금·수출 분야 기업 전략 설명회'를 진행하고 있다. / 광명시 제공 광명시가 경제 불확실성에 대응하기 위한 지역...","광명시 중소기업 경영 전략 돕는다 경제전망 자금 수출 설명회 열","40268","","0","","12","N","2026-06-16 15:20:32","2026-06-16 15:41:38","2026-06-16 15:20:32","2026-06-16 15:33:02"
"22515","시제(SIJE), 'VIVATECH 2026'서 에이전틱 AI 전격 공개... 유럽·미국 시장...","","시제 sije vivatech 2026 서 에이전틱 ai 전격 공개 유럽 미국 시장","38396","","0","","8","N","2026-06-16 15:20:32","2026-06-16 15:43:46","2026-06-16 15:20:32",""
"22516","디지털위안 국제운영센터, 26개 금융기관과 계약","","디지털위안 국제운영센터 26개 금융기관과 계약","38397","","0","금융","2","N","2026-06-16 15:20:32","2026-06-16 15:33:04","2026-06-16 15:20:32",""
"22517","조달청·KOTRA, 혁신제품 해외진출 지원 맞손…글로벌 공공조달시장 진...","","조달청 kotra 혁신제품 해외진출 지원 맞손 글로벌 공공조달시장 진","38398","","0","","3","N","2026-06-16 15:20:32","2026-06-16 15:33:04","2026-06-16 15:20:32","2026-06-16 15:20:32"
"22518","[김학도 칼럼] 위기를 기회로 바꾼 K-무역 DNA…연간 수출 1조달러 넘본...","","김학도 칼럼 위기를 기회로 바꾼 k 무역 dna 연간 수출 1조달러 넘본","38401","","0","달러","14","N","2026-06-16 15:20:32","2026-06-16 15:43:46","2026-06-16 15:20:32",""
"22519","도, 수출 중소 제조업체 물류비 지원","","도 수출 중소 제조업체 물류비 지원","38402","","0","","3","N","2026-06-16 15:20:32","2026-06-16 15:33:04","2026-06-16 15:20:32",""
"22520","무역보험공사, 지자체 출연 기반 수출기업 우대금융 추진","","무역보험공사 지자체 출연 기반 수출기업 우대금융 추진","38403","","0","금융","3","N","2026-06-16 15:20:32","2026-06-16 15:20:58","2026-06-16 15:20:32",""
"22521","반도체 수출 3개월 연속 300억달러 돌파 '신기록'","","반도체 수출 3개월 연속 300억달러 돌파 신기록","38404","","0","반도체,달러","1","N","2026-06-16 15:20:32","2026-06-16 15:20:32","2026-06-16 15:20:32",""
"22522","숭실대, 조선·해양 전시 '포시도니아'서 500만 달러 수출 상담 지원","","숭실대 조선 해양 전시 포시도니아 서 500만 달러 수출 상담 지원","38405","","0","달러","2","N","2026-06-16 15:20:32","2026-06-16 15:41:19","2026-06-16 15:20:32",""
"22523","강기윤 창원시장 당선인, 마산해양신도시 등 현안 첫 점검 나서","","강기윤 창원시장 당선인 마산해양신도시 등 현안 첫 점검 나서","38406","","0","","1","N","2026-06-16 15:20:32","2026-06-16 15:20:32","2026-06-16 15:20:32",""
"22524","""공공기관 분쟁, 해외 중재 의존 심각… 제도적 정착 시급""","","공공기관 분쟁 해외 중재 의존 심각 제도적 정착 시급","38407","","0","","3","N","2026-06-16 15:20:32","2026-06-16 15:33:12","2026-06-16 15:20:32",""
"22525","'MBK 겨냥' 일본 경단련 ""안보 위협, 행동주의 펀드에 국가 개입 필요""","","mbk 겨냥 일본 경단련 안보 위협 행동주의 펀드에 국가 개입 필요","38408","","0","","1","N","2026-06-16 15:20:32","2026-06-16 15:20:32","2026-06-16 15:20:32",""
"22526","EU ""러시아군, 중국서 훈련"" 제재리스트에 中기업 추가","위한 무역 수단을 논의한다. EU는 중국산 수입품 급증으로 제조업 부문이 심각한 압박을 받고 있다고 본다. EU 통계에 따르면 올해 1분기 대중국 무역 적자는 2년 전 동기 대비 50% 이상 급증했다. 우르줄라 폰 데어 라이엔...","eu 러시아군 중국서 훈련 제재리스트에 기업 추가","38409","","0","","2","N","2026-06-16 15:20:32","2026-06-16 15:20:33","2026-06-16 15:20:32",""
"22527","[기획] K-브랜드 명성 커질수록 짝퉁도 활개… 국산제품 보호 비상","","기획 k 브랜드 명성 커질수록 짝퉁도 활개 국산제품 보호 비상","38410","","0","","5","N","2026-06-16 15:20:33","2026-06-16 15:33:12","2026-06-16 15:20:33",""
"22528","K-관세행정, 아·태·아프리카 세관 공무원에게 전수한다","관세청 관세국경인재개발원은 세계관세기구(WCO) 아시아·태평양 및 아프리카 회원국 세관공무원을 초청해 16일부터 22일까지 '제32차 관세행정 능력배양 세미나'를 개최한다고 밝혔다. 참가국은 나미비아, 나이지리아...","k 관세행정 아 태 아프리카 세관 공무원에게 전수한다","38411","","0","","8","N","2026-06-16 15:20:33","2026-06-16 15:33:04","2026-06-16 15:20:33","2026-06-16 15:20:33"
"22529","노악 일렉트릭, AI 데이터센터 프로젝트 수주…북미 시장 입지 확대","","노악 일렉트릭 ai 데이터센터 프로젝트 수주 북미 시장 입지 확대","38412","","0","","3","N","2026-06-16 15:20:33","2026-06-16 15:33:04","2026-06-16 15:20:33",""
"22530","당진 철강산업, 정부 경영자금으로 불씨 살린다","","당진 철강산업 정부 경영자금으로 불씨 살린다","38413","","0","철강","5","N","2026-06-16 15:20:33","2026-06-16 15:33:10","2026-06-16 15:20:33",""
"22531","피부과 다녀간 외국인, 집에서 관리한다…K-뷰티 디바이스 수출 날개","","피부과 다녀간 외국인 집에서 관리한다 k 뷰티 디바이스 수출 날개","38414","","0","달러,화장품","5","N","2026-06-16 15:20:33","2026-06-16 15:33:12","2026-06-16 15:20:33",""
"22532","화우·한경협 '전환기 대한민국, 기업의 과제와 기회' 세미나 개최","","화우 한경협 전환기 대한민국 기업의 과제와 기회 세미나 개최","38415","","0","반도체","3","N","2026-06-16 15:20:33","2026-06-16 15:33:04","2026-06-16 15:20:33","2026-06-16 15:20:33"
"22533","EU 철강 쿼터 46% 줄인다…정부, 50% 관세 앞두고 협상 총력","","eu 철강 쿼터 46 줄인다 정부 50 관세 앞두고 협상 총력","38416","","0","철강","9","N","2026-06-16 15:20:33","2026-06-16 15:33:10","2026-06-16 15:20:33","2026-06-16 15:20:33"
"22534","K뷰티 다음 먹거리는 헤어케어…성장 날개 달까","","k뷰티 다음 먹거리는 헤어케어 성장 날개 달까","38417","","0","달러,화장품","4","N","2026-06-16 15:20:33","2026-06-16 15:33:04","2026-06-16 15:20:33",""
"22535","이철훈 대구본부세관장, K-철강 수출 현장 방문","","이철훈 대구본부세관장 k 철강 수출 현장 방문","38421","","0","철강","4","N","2026-06-16 15:20:33","2026-06-16 15:33:10","2026-06-16 15:20:33",""
"22536","EU '철강 관세폭탄' 보름 앞으로…여한구 ""협상 최종 단계""","","eu 철강 관세폭탄 보름 앞으로 여한구 협상 최종 단계","38422","","0","철강","4","N","2026-06-16 15:20:33","2026-06-16 15:33:10","2026-06-16 15:20:33",""
"22537","신차 쏟아내는 현대차···파업 리스크에 하반기 '긴장'","최근 자동차 업계는 미국 관세 정책 변수, 글로벌 경쟁 심화 등 복합적인 경영 불확실성에 직면해 있다. 이에 현대차는 지난 1분기 미국 관세 영향 등으로 영업이익이 전년대비 30.8% 감소한 2조5147억원에 그쳤다. 수익성...","신차 쏟아내는 현대차 파업 리스크에 하반기 긴장","38423","","0","자동차","7","N","2026-06-16 15:20:33","2026-06-16 15:43:46","2026-06-16 15:20:33","2026-06-16 15:20:37"
"22538","""커피 나눔부터 밴드공연까지"" 인천세관, 개청 143주년 기념행사","","커피 나눔부터 밴드공연까지 인천세관 개청 143주년 기념행사","38424","","0","","1","N","2026-06-16 15:20:33","2026-06-16 15:20:33","2026-06-16 15:20:33",""
"22539","대구상의·세관, FTA 원산지증명서 발급 실무교육","","대구상의 세관 fta 원산지증명서 발급 실무교육","38426","","0","","1","N","2026-06-16 15:20:33","2026-06-16 15:20:33","2026-06-16 15:20:33",""
"22540","산업부, 57차 통상추진위 개최... 미 무역법 301조 대응 등 논의","협력해 나갈 계획""이라며 ""최근 추진되고 있는 주요 통상협정 협상을 차질없이 수행해 우리 통상 네트워크를 확대하고 기존 한미 관세 합의에 따른 이익균형이 유지되도록 지속 대응해나가겠다""고 말했다.김영채 기자","산업부 57차 통상추진위 개최 미 무역법 301조 대응 등 논의","38430","","0","","2","N","2026-06-16 15:20:33","2026-06-16 15:43:47","2026-06-16 15:20:33",""
"22541","bhc, 상생 행보 효과 톡톡… ""가맹점 매출·주문 20% 이상 증가""","","bhc 상생 행보 효과 톡톡 가맹점 매출 주문 20 이상 증가","38431","","0","유가","5","N","2026-06-16 15:20:33","2026-06-16 15:33:04","2026-06-16 15:20:33",""
"22542","7월 국제선 유류할증료 20%↓…中 2.9만원 美 21.5만원 인하(종합)","대한항공은 다음 달 국제선 노선별로 편도 기준 4만6400원~34만4000원의 유류할증료를 부과한다. 이는 이달보다 최저 1만5100원, 최대 10만7500원 낮은 수준이다. 최고치를 기록했던 지난 5월과 비교하면 최대 22만원...","국제유가 하락에 7월 국제선 유류할증료 20 대 인하 여름 성수기 수요","40354","","0","유가,항공","24","N","2026-06-16 15:20:33","2026-06-16 15:43:32","2026-06-16 15:20:33","2026-06-16 15:43:32"
"22543","“충격적 외교 실패” 미·이란 종전 합의에 들끓는 이스라엘…사면초...","전쟁 기간 고공행진을 이어가던 국제유가와 해상 운임이 안정세로 돌아서면 필수 의료제품의 생산 여건이... 종전 소식이 전해지자마자 브렌트유 기준 국제유가가 하루 만에 4% 넘게 하락하는 등 시장은 즉각 반응했다....","미 이란 종전 합의에 제약바이오 안도 원료수급 물류비 안정 기대","40353","","0","유가,반도체,달러,환율,음식료","17","N","2026-06-16 15:20:33","2026-06-16 15:43:59","2026-06-16 15:20:33","2026-06-16 15:43:59"
"22544","중부발전, 고유가 극복 위한 '노사 공동 희망 나눔차' 전달","","중부발전 고유가 극복 위한 노사 공동 희망 나눔차 전달","38435","","0","유가","10","N","2026-06-16 15:20:33","2026-06-16 15:43:42","2026-06-16 15:20:33","2026-06-16 15:20:33"
"22545","휴가철 항공료 부담 완화…유류할증료 최대구간 10.7만원 감소","","휴가철 항공료 부담 완화 유류할증료 최대구간 10 7만원 감소","38436","","0","유가","4","N","2026-06-16 15:20:33","2026-06-16 15:43:32","2026-06-16 15:20:33",""
"22546","기장군의회, 제295회 임시회 1일간 운영…총 3건의 안건 심사·처리","","기장군의회 제295회 임시회 1일간 운영 총 3건의 안건 심사 처리","38438","","0","유가","1","N","2026-06-16 15:20:33","2026-06-16 15:20:33","2026-06-16 15:20:33",""
"22547","국제유가 5% 하락…""그래서 주유소 기름값은 언제 내려가나요?""","","국제유가 5 하락 그래서 주유소 기름값은 언제 내려가나요","38439","","0","유가","1","N","2026-06-16 15:20:33","2026-06-16 15:20:33","2026-06-16 15:20:33",""
"22548","정부, 중소 해운업계에 1조1천억 특별 금융 지원 발표","특히 중소 선사와 연안 선사는 대형 해운사보다 운임 변동과 유가 상승의 영향을 더 크게 받는 경우가 많아, 정부는 선제적으로 유동성 지원 폭을 넓힌 것으로 풀이된다. 지원 대상도 이전보다 넓어졌다. 정부는 선박의...","정부 중소 해운업계에 1조1천억 특별 금융 지원 발표","38441","","0","유가","4","N","2026-06-16 15:20:33","2026-06-16 15:33:04","2026-06-16 15:20:33","2026-06-16 15:20:33"
"22549","bhc·큰맘할매순대국, 고유가 피해지원금 고객 잡기 나서","","bhc 큰맘할매순대국 고유가 피해지원금 고객 잡기 나서","38442","","0","유가","1","N","2026-06-16 15:20:33","2026-06-16 15:20:33","2026-06-16 15:20:33",""
"22550","""메모리 얼마나 올랐길래""…KT, 통신업계 최초 협력사에 선금 지급","","메모리 얼마나 올랐길래 kt 통신업계 최초 협력사에 선금 지급","38445","","0","환율","3","N","2026-06-16 15:20:33","2026-06-16 15:33:04","2026-06-16 15:20:33",""
"22551","제지연합회장 ""정부 정책, 일관성 있어야 지속 투자""","","제지연합회장 정부 정책 일관성 있어야 지속 투자","38446","","0","화학","8","N","2026-06-16 15:20:33","2026-06-16 15:33:04","2026-06-16 15:20:33",""
"22552","[단독]HUG 수수료 할인 효과 톡톡…첫 일주일간 38억 감면","","단독 hug 수수료 할인 효과 톡톡 첫 일주일간 38억 감면","38447","","0","금융,건설","2","N","2026-06-16 15:20:33","2026-06-16 15:33:04","2026-06-16 15:20:33",""
"22553","[기획] 정비사업 대형사 독주…중견건설사 생존 전략은?","착공 감소로 공사 물량이 줄어든 데다 원자재 가격 상승분을 공사비에 반영할 협상력도 부족한 중견·중소 건설사들이 이중고를 겪고 있기 때문이다. 여기에 금융권의 건설업 대출 심사 강화까지 겹치면서 자금 조달...","기획 정비사업 대형사 독주 중견건설사 생존 전략은","38448","","0","금융,건설","5","N","2026-06-16 15:20:33","2026-06-16 15:43:37","2026-06-16 15:20:33","2026-06-16 15:43:37"
"22554","아산시, 태안~안성 고속도로 통과...대한민국 교통지도의 중심으로","","아산시 태안 안성 고속도로 통과 대한민국 교통지도의 중심으로","38449","","0","","2","N","2026-06-16 15:20:33","2026-06-16 15:33:04","2026-06-16 15:20:33",""
"22555","KT, 메모리값 급등에 상생협력 프로젝트…셋톱박스 협력사 145억 지원","","kt 메모리값 급등에 상생협력 프로젝트 셋톱박스 협력사 145억 지원","38450","","0","","2","N","2026-06-16 15:20:33","2026-06-16 15:33:04","2026-06-16 15:20:33",""
"22556","[아유경제_부동산] 올해 6월 주택사업경기전망지수 전월비 0.5p 하락… ""...","","아유경제 부동산 올해 6월 주택사업경기전망지수 전월비 0 5p 하락","38451","","0","금융","2","N","2026-06-16 15:20:33","2026-06-16 15:33:04","2026-06-16 15:20:33",""
"22557","""위기를 기회로""…유통 품은 하림, 더미식 성장판 넓힐까","이기홍 회장은 ""중동발 전쟁 이후 비료 원자재 가격이 크게 오르면서 가축분뇨를 비료로 활용해야 한다는 공감대가 형성됐다""며 ""지금이야말로 물 들어올 때 노를 저어야 할 시기""라고 말했다. 이어 ""가축분뇨를 폐기물이...","위기를 기회로 한돈산업 미래를 열다","38984","","0","사료","10","N","2026-06-16 15:20:33","2026-06-16 15:43:50","2026-06-16 15:20:33","2026-06-16 15:20:44"
"22558","항만공사 노조, '강제 통합' 정부 안 반대","인천항(대중국 교역 관문),부산항(글로벌 컨테이너 허브), 울산항(에너지·액체벌크 특화), 여수·광양항(제철·석유화학 원자재 기지)은 저마다의 고유성을 갖고 있으나 성격이 전혀 다른 조직을 일률적인 잣대로 통합하면...","정부 전국 4개 항만공사 통합 추진 즉각 철회 요구로 시끌","40361","","0","화학,철강","3","N","2026-06-16 15:20:33","2026-06-16 15:33:11","2026-06-16 15:20:33","2026-06-16 15:33:04"
"22559","[금융 브리핑] 삼성화재·DB손해보험·하나손해보험","SK증권은 AI 기반 차세대 금융플랫폼 구축을 위해 에스엠소프트랩과 업무협약을 체결했다.... “신한금융그룹의 글로벌 CIB 네트워크와 DB그룹의 자산운용 역량, 첨단산업 전문성을 결합해 미래 성장 산업에 대한...","더밸류 브리핑 오늘의 미래에셋자산운용 소식 배당커버드콜 토큰화","40962","","0","금융","8","N","2026-06-16 15:20:33","2026-06-16 15:41:10","2026-06-16 15:20:33","2026-06-16 15:41:06"
"22560","6월 대구 주택사업경기전망지수 7.2p '뚝'…한달만에 하강국면 진입","","6월 대구 주택사업경기전망지수 7 2p 뚝 한달만에 하강국면 진입","38455","","0","","1","N","2026-06-16 15:20:33","2026-06-16 15:20:33","2026-06-16 15:20:33",""
"22561","'압·잠·반·흑' 한강변 서울 부촌 방점 '흑석동' '써밋 더힐' 정당계약...","","압 잠 반 흑 한강변 서울 부촌 방점 흑석동 써밋 더힐 정당계약","38457","","0","","6","N","2026-06-16 15:20:33","2026-06-16 15:43:48","2026-06-16 15:20:33",""
"22562","[CEO NOW] ‘70년대생 투톱’ IB 신재욱·WM 배광수… NH투자證 체질 확 ...","","ceo now 70년대생 투톱 ib 신재욱 wm 배광수 nh투자 체질 확","38458","","0","금융","3","N","2026-06-16 15:20:33","2026-06-16 15:33:04","2026-06-16 15:20:33",""
"22563","김성훈 업스테이지 대표 “하정우 전 수석 보유 지분 없다”... 주식 파...","단순 정보성 검색뿐 아니라 쇼핑, 여행, 부동산 등 분야별로 특화된 버티컬 검색도 강화한다는 계획이다. 이건수 AXZ 대표는 ""각 분야 전문 기업과 제휴로 업스테이지 AI 모델과 다음의 검색엔진, 파트너사의 데이터를...","김성훈 업스테이지 대표의 큰 새우 역할론","41334","","0","","7","N","2026-06-16 15:20:33","2026-06-16 15:41:23","2026-06-16 15:20:33","2026-06-16 15:41:23"
"22564","張, ""서울·부산·인천·광주·경기 등 7개 광역시도에 선거소청 제기 결...","","서울 부산 인천 광주 경기 등 7개 광역시도에 선거소청 제기 결","38460","","0","","1","N","2026-06-16 15:20:33","2026-06-16 15:20:33","2026-06-16 15:20:33",""
"22565","태광그룹의 쇼핑 리스트, 시장은 왜 불안해하나","","태광그룹의 쇼핑 리스트 시장은 왜 불안해하나","38461","","0","금융,화학,화장품","10","N","2026-06-16 15:20:33","2026-06-16 15:43:28","2026-06-16 15:20:33",""
"22566","""검색 넘어 실행까지""… 다음, AI 에이전트 포털로 바뀐다","","검색 넘어 실행까지 다음 ai 에이전트 포털로 바뀐다","38462","","0","","1","N","2026-06-16 15:20:33","2026-06-16 15:20:33","2026-06-16 15:20:33",""
"22567","금융투자협회, 자산운용사 3곳 정회원 가입 승인","가입으로 금융투자협회 회원 수는 총 592개사로 증가했다. 이 가운데 정회원은 409개사로 증권사 60개사, 자산운용사 332개사, 선물회사 3개사, 부동산신탁회사 14개사로 구성됐다. 준회원은 155개사, 특별회원은 28개사다.","금투협 골든스톤 릿지 앤도버자산운용 정회원 가입 회원사 592곳 확","40368","","0","금융,반도체","5","N","2026-06-16 15:20:33","2026-06-16 15:41:10","2026-06-16 15:20:33","2026-06-16 15:41:10"
"22568","정점식 원내대표 ""선거소청, 유불리 아닌 참정권 회복 위한 결정""","","정점식 원내대표 선거소청 유불리 아닌 참정권 회복 위한 결정","38464","","0","","1","N","2026-06-16 15:20:33","2026-06-16 15:20:33","2026-06-16 15:20:33",""
"22569","中 5월 소매판매 3년 만에 감소…경기부양 압박 확대","","5월 소매판매 3년 만에 감소 경기부양 압박 확대","38465","","0","","3","N","2026-06-16 15:20:33","2026-06-16 15:33:05","2026-06-16 15:20:33",""
"22570","""대통령비서실, 이해충돌 정보 공개해야""…참여연대 소송","","대통령비서실 이해충돌 정보 공개해야 참여연대 소송","38466","","0","","1","N","2026-06-16 15:20:33","2026-06-16 15:20:33","2026-06-16 15:20:33",""
"22571","용산구, GIS 기반 ‘공유재산 스마트관리시스템’ 만들어","","용산구 gis 기반 공유재산 스마트관리시스템 만들어","38468","","0","","1","N","2026-06-16 15:20:33","2026-06-16 15:20:33","2026-06-16 15:20:33",""
"22572","배형근 현대차증권 사장, PF 소방수에서 체질개선 CEO로[CEO파일]","부동산 프로젝트파이낸싱(PF) 부실 우려가 증권업계 전반을 흔들던 시기였다. 현대차증권 역시 PF 익스포저... 고금리와 부동산 경기 침체가 장기화되면서 증권사들은 대규모 충당금 부담에 직면했다. 배 사장은 취임...","배형근 현대차증권 사장 pf 소방수에서 체질개선 ceo로 ceo파일","38469","","0","금리","2","N","2026-06-16 15:20:33","2026-06-16 15:41:18","2026-06-16 15:20:33","2026-06-16 15:41:18"
"22573","조망 환경 강조한 신규 분양 단지 공급","","조망 환경 강조한 신규 분양 단지 공급","38470","","0","","2","N","2026-06-16 15:20:33","2026-06-16 15:33:14","2026-06-16 15:20:33",""
"22574","[더벨]한국토지신탁, 종로 보령빌딩 매각 추진","","더벨 한국토지신탁 종로 보령빌딩 매각 추진","38471","","0","","2","N","2026-06-16 15:20:33","2026-06-16 15:43:42","2026-06-16 15:20:33",""
"22575","[정치家] 장동혁 국민의힘 대표 ⑦ㅣ 투표용지 사태 총력 대응…사퇴론...","","정치 장동혁 국민의힘 대표 투표용지 사태 총력 대응 사퇴론","38472","","0","","3","N","2026-06-16 15:20:33","2026-06-16 15:20:58","2026-06-16 15:20:33",""
"22576","오피스텔, '원룸 임대'에서 '대형 주거상품'으로 탈바꿈","KB부동산에 따르면 수도권 대형 오피스텔 매매가격지수는 2024년 10월 이후 20개월 연속 상승하며 2022년 호황기 수치를 넘어섰다. KB부동산에 따르면 올해 5월 기준 수도권 대형(전용 85㎡ 초과) 오피스텔 매매가격지수는...","오피스텔 원룸 임대 에서 대형 주거상품 으로 탈바꿈","38474","","0","","3","N","2026-06-16 15:20:33","2026-06-16 15:20:58","2026-06-16 15:20:33",""
"22577","[아유경제_재건축] 한국투자부동산신탁, 수원 정자1구역 재건축 MOU 체결","한국금융지주 자회사 한국투자부동산신탁은 경기 수원시 정자1구역(동신1ㆍ303~304동ㆍ남서울) 재건축사업... 한국투자부동산신탁은 신탁 방식 특례를 활용해 정비구역 지정과 사업시행자 지정을 통합 추진할 수 있어...","아유경제 재건축 한국투자부동산신탁 수원 정자1구역 재건축 mou 체결","38475","","0","금융","1","N","2026-06-16 15:20:33","2026-06-16 15:20:33","2026-06-16 15:20:33",""
"22578","전국은 오르는데…대구 집값 5개월째 하락","한국부동산원이 발표한 전국주택가격동향조사'에 따르면 지난달(5월) 대구 주택종합매매가격지수는 0.14% 하락했습니다. 전월 -0.09%보다 낙폭이 0.05% 포인트 커진 것으로 특히 아파트 가격 감소 폭이 두드러졌습니다....","전국은 오르는데 대구 집값 5개월째 하락","38476","","0","","1","N","2026-06-16 15:20:33","2026-06-16 15:20:33","2026-06-16 15:20:33",""
"22579","[그래픽] 4월 시중 통화량 4153조원…전월대비 25조원↑","","그래픽 4월 시중 통화량 4153조원 전월대비 25조원","38477","","0","","6","N","2026-06-16 15:20:33","2026-06-16 15:33:05","2026-06-16 15:20:33","2026-06-16 15:20:33"
"22580","하나은행, 한국공인노무사회와 맞손… 중소기업 퇴직연금 도입 문턱 낮...","","하나은행 한국공인노무사회와 맞손 중소기업 퇴직연금 도입 문턱 낮","38478","","0","","8","N","2026-06-16 15:20:33","2026-06-16 15:33:05","2026-06-16 15:20:33","2026-06-16 15:20:33"
"22581","열돌 맞은…한국성장금융, '모험자본 파트너' 비전 제시[한 컷]","이억원 금융위원장과 장상익 한국성장금융투자운용 대표, 정은보 한국거래소 이사장을 비롯한 참석자들이 16일 오후 서울 여의도 한국거래소에서 열린 한국성장금융 출범 10주년 기념식에 참석해 기념촬영을 하고 있다.","한국성장금융 출범 10주년 장상익 대표 생산적 금융에 역량 집중","38957","","0","금융","6","N","2026-06-16 15:20:33","2026-06-16 15:33:05","2026-06-16 15:20:33","2026-06-16 15:20:43"
"22582","4월 통화량 25조원 급증…광의통화 4154조원 육박","","4월 통화량 25조원 급증 광의통화 4154조원 육박","38480","","0","","6","N","2026-06-16 15:20:33","2026-06-16 15:33:05","2026-06-16 15:20:33","2026-06-16 15:20:33"
"22583","하나은행, 퇴직연금 규약신고 간편화로 기업 고객 편의 높인다","","하나은행 퇴직연금 규약신고 간편화로 기업 고객 편의 높인다","38481","","0","","3","N","2026-06-16 15:20:33","2026-06-16 15:33:05","2026-06-16 15:20:33",""
"22584","가계부채 비율 6년 3개월 만에 최저...정부부채 비율도 최대폭 하락","한국의 가계부채 비율이 6년 3개월 만에 최저 수준으로 떨어졌다. 이와 함께 정부부채 비율도 분기 기준 역대 최대 폭으로 하락한 것으로 나타났다.","가계부채 비율 6년 3개월 만에 최저 정부부채 비율 최대폭","38563","GOOD","2","금융,건설,코스피,코스닥,환율","38","Y","2026-06-16 15:20:33","2026-06-16 15:33:05","2026-06-16 15:20:33","2026-06-16 15:21:05"
"22585","한국형 길놀이의 정수 ‘산통대길 길놀이’로 강릉단오제 후끈 달아올라","","한국형 길놀이의 정수 산통대길 길놀이 로 강릉단오제 후끈 달아올라","38487","","0","","3","N","2026-06-16 15:20:33","2026-06-16 15:33:05","2026-06-16 15:20:33",""
"22586","10년 만의 민간 여신협회장…상근 체제의 결론은 또 'KB'였다","","10년 만의 민간 여신협회장 상근 체제의 결론은 또 kb 였다","38490","","0","","4","N","2026-06-16 15:20:33","2026-06-16 15:43:56","2026-06-16 15:20:33",""
"22587","금융·제약·게임업계, 세미나·팝업스토어 개최","","금융 제약 게임업계 세미나 팝업스토어 개최","38491","","0","금융,게임,바이오","3","N","2026-06-16 15:20:33","2026-06-16 15:33:05","2026-06-16 15:20:33",""
"22588","수출입은행, 더 공격적 투자한다…“벤처·중소기업 해외진출 지원”","","수출입은행 더 공격적 투자한다 벤처 중소기업 해외진출 지원","38493","","0","금융","2","N","2026-06-16 15:20:33","2026-06-16 15:20:55","2026-06-16 15:20:33",""
"22589","부유세는 왜 다시 논란의 중심에 섰을까","","부유세는 왜 다시 논란의 중심에 섰을까","38496","","0","달러","5","N","2026-06-16 15:20:34","2026-06-16 15:33:05","2026-06-16 15:20:34",""
"22590","TXT 연준, 7월 10일 미니 2집 발매..솔로 아티스트 컴백 ‘시선집중’","","txt 연준 7월 10일 미니 2집 발매 솔로 아티스트 컴백 시선집중","38497","","0","","3","N","2026-06-16 15:20:34","2026-06-16 15:33:05","2026-06-16 15:20:34",""
"22591","연준, 미니 2집 'NO LABELS: PART 02' 7월 10일 공개","","연준 미니 2집 no labels part 02 7월 10일 공개","38498","","0","","3","N","2026-06-16 15:20:34","2026-06-16 15:33:05","2026-06-16 15:20:34",""
"22592","투모로우바이투게더 연준, 다음달 10일 솔로 컴백","","투모로우바이투게더 연준 다음달 10일 솔로 컴백","38499","","0","","3","N","2026-06-16 15:20:34","2026-06-16 15:33:05","2026-06-16 15:20:34",""
"22593","한숨 돌렸지만 불안한 환율·높은 체감물가...양극화 심화 우려","","한숨 돌렸지만 불안한 환율 높은 체감물가 양극화 심화 우려","38500","","0","환율,금리","3","N","2026-06-16 15:20:34","2026-06-16 15:33:05","2026-06-16 15:20:34",""
"22594","UBS “유가하락으로 美 연준 금리 인상 부담 완화”","","ubs 유가하락으로 연준 금리 인상 부담 완화","38501","","0","금리","3","N","2026-06-16 15:20:34","2026-06-16 15:33:05","2026-06-16 15:20:34",""
"22595","[시장 따라잡기] 최근 조정의 골 깊었던 건설주…종전 타고 비상?","","시장 따라잡기 최근 조정의 골 깊었던 건설주 종전 타고 비상","38502","","0","금융,코스피,금리,건설","3","N","2026-06-16 15:20:34","2026-06-16 15:33:05","2026-06-16 15:20:34",""
"22596","투바투 연준, 8개월 만의 솔로 컴백…독창적 세계관 예고","","투바투 연준 8개월 만의 솔로 컴백 독창적 세계관 예고","38503","","0","","3","N","2026-06-16 15:20:34","2026-06-16 15:33:05","2026-06-16 15:20:34",""
"22597","자본연 ""'경상수지 흑자→원화 강세' 단절 구조 당분간 지속""","연구원은 ""달러화 지수가 추세적으로 하락하기 위해서는 전쟁 종식이 글로벌 에너지 가격 안정과 미국 물가상승률 둔화로 이어지고, 연방준비제도(Fed·연준)의 통화 긴축 기조 완화 경로가 현실화할 필요가 있다""며...","자본연 경상수지 흑자 원화 강세 단절 구조 당분간 지속","38507","","0","달러","2","N","2026-06-16 15:20:34","2026-06-16 15:20:55","2026-06-16 15:20:34",""
"22598","하노이시, '내연기관→전기이륜차' 전환 보조금 지급…저소득층 1인당 ...","","하노이시 내연기관 전기이륜차 전환 보조금 지급 저소득층 1인당","38509","","0","달러","4","N","2026-06-16 15:20:34","2026-06-16 15:33:05","2026-06-16 15:20:34",""
"22599","트럼프 ""민주당원이 퍼뜨린 가짜뉴스""...이란 450조 투자 펀드 반박","","트럼프 민주당원이 퍼뜨린 가짜뉴스 이란 450조 투자 펀드 반박","38510","","0","달러","2","N","2026-06-16 15:20:34","2026-06-16 15:20:55","2026-06-16 15:20:34",""
"22600","세토웍스, ﻿대만 펀딩 플랫폼 '젝젝'서 K-덕질 가방 펀딩","","세토웍스 대만 펀딩 플랫폼 젝젝 서 k 덕질 가방 펀딩","38511","","0","달러","2","N","2026-06-16 15:20:34","2026-06-16 15:20:55","2026-06-16 15:20:34",""
"22601","머스크, 오픈AI 소송서 또 졌다…법원 ""영업비밀 훔친 것 아냐""","","머스크 오픈ai 소송서 또 졌다 법원 영업비밀 훔친 것 아냐","38512","","0","달러","2","N","2026-06-16 15:20:34","2026-06-16 15:20:55","2026-06-16 15:20:34",""
"22602","호주 광산재벌, 스페이스X에 10억달러 베팅","","호주 광산재벌 스페이스x에 10억달러 베팅","38514","","0","달러","2","N","2026-06-16 15:20:34","2026-06-16 15:20:55","2026-06-16 15:20:34",""
"22603","스트래티지, 비트코인 1587개 또 샀다…장부상 손실 78억달러에도 매입...","","스트래티지 비트코인 1587개 또 샀다 장부상 손실 78억달러에도 매입","38515","","0","달러","2","N","2026-06-16 15:20:34","2026-06-16 15:20:55","2026-06-16 15:20:34",""
"22604","""밤티 호랑이 CG, 개봉일 때문""... 장항준, 유재석·윤종신 앞 '왕사남 C...","","밤티 호랑이 cg 개봉일 때문 장항준 유재석 윤종신 앞 왕사남 c","38516","","0","금","3","N","2026-06-16 15:20:34","2026-06-16 15:33:05","2026-06-16 15:20:34",""
"22605","'숲길등산지도사 1기 교육 과정' 성공적 마무리","","숲길등산지도사 1기 교육 과정 성공적 마무리","38517","","0","금","3","N","2026-06-16 15:20:34","2026-06-16 15:33:05","2026-06-16 15:20:34",""
"22606","채널스완, 인터참 코리아 2026서 K-헤리티지 스킨케어 'Satin Dew Glow Serie...","","채널스완 인터참 코리아 2026서 k 헤리티지 스킨케어 satin dew glow serie","38518","","0","금","9","N","2026-06-16 15:20:34","2026-06-16 15:33:12","2026-06-16 15:20:34",""
"22607","[국회라이브1/정치인사이트] 서갑원 ""당락 영향 없는 선거 소청…장동혁...","","국회라이브1 정치인사이트 서갑원 당락 영향 없는 선거 소청 장동혁","38519","","0","금","3","N","2026-06-16 15:20:34","2026-06-16 15:33:05","2026-06-16 15:20:34",""
"22608","“순금 싸게 드릴게” 금 900돈 등 10억대 사기친 30대…반복 범행 ‘징...","중고 거래 애플리케이션에서 금 거래를 미끼로 피해자들을 속여 10억 원대 사기를 친 30대가 실형을... A씨는 지난해 1월 2일부터 4월 8일까지 인천 일대에서 피해자 20명을 속여 현금 5억 4,451만원과 순금 900돈을 비롯한...","금 싸게 사줄게 10억대 공동구매 사기 징역 4년","40385","","0","금","19","N","2026-06-16 15:20:34","2026-06-16 15:43:49","2026-06-16 15:20:34","2026-06-16 15:33:05"
"22609","20% 하락에 金 투자자 이탈…증권가선 ""하방 다졌다""","","20 하락에 투자자 이탈 증권가선 하방 다졌다","38522","","0","금","4","N","2026-06-16 15:20:34","2026-06-16 15:43:32","2026-06-16 15:20:34",""
"22610","대구체고 체조부, 싱가포르 국제기계체조 오픈대회 '금메달'…정강우 링...","","대구체고 체조부 싱가포르 국제기계체조 오픈대회 금메달 정강우 링","38523","","0","금","5","N","2026-06-16 15:20:34","2026-06-16 15:33:05","2026-06-16 15:20:34",""
"22611","▲ 김정문화회관 연극 '4통 3반 복층사건' 알림","","김정문화회관 연극 4통 3반 복층사건 알림","38524","","0","금","3","N","2026-06-16 15:20:34","2026-06-16 15:33:05","2026-06-16 15:20:34",""
"22612","▲ '서귀포in정' 2026년 3분기 입점업체 모집 알림","","서귀포in정 2026년 3분기 입점업체 모집 알림","38525","","0","금","3","N","2026-06-16 15:20:34","2026-06-16 15:33:05","2026-06-16 15:20:34",""
"22613","라이카 빔벤더스 전시...예스24 서울야외도서관 전자책 서비스","'크레마클럽 QR' 서비스는 매주 금·토·일 서울광장, 광화문광장, 청계광장 내 독서존에서 시범 운영된다. 현장에 비치된 '크레마클럽 QR' 코드를 촬영한 뒤 GPS 기반 위치 인증을 완료하면 별도 회원가입 없이 무료로...","예스24 서울야외도서관서 크레마클럽 qr 서비스 운영","40384","","0","금","4","N","2026-06-16 15:20:34","2026-06-16 15:33:05","2026-06-16 15:20:34","2026-06-16 15:33:05"
"22614","문화적 실천의 장이 된 영상 이미지...국립현대미술관, MMCA 필름앤비디...","","문화적 실천의 장이 된 영상 이미지 국립현대미술관 mmca 필름앤비디","38528","","0","금","6","N","2026-06-16 15:20:34","2026-06-16 15:33:05","2026-06-16 15:20:34",""
"22615","최대훈·윤경호, '김부장'서 역대급 티키타카 폭발...""우린 그냥 안경 쓴...","","최대훈 윤경호 김부장 서 역대급 티키타카 폭발 우린 그냥 안경 쓴","38529","","0","금","3","N","2026-06-16 15:20:34","2026-06-16 15:33:05","2026-06-16 15:20:34",""
"22616","분당 수학학원 탑티어, 2026 여름방학 특강 연계 무료 진단 테스트 실시...","","분당 수학학원 탑티어 2026 여름방학 특강 연계 무료 진단 테스트 실시","38531","","0","금","2","N","2026-06-16 15:20:34","2026-06-16 15:20:55","2026-06-16 15:20:34",""
"22617","tvN 드라마 '스물다섯 스물하나' ""청춘들의 청량로맨스! 김태리·남주혁...","","tvn 드라마 스물다섯 스물하나 청춘들의 청량로맨스 김태리 남주혁","38533","","0","금","2","N","2026-06-16 15:20:34","2026-06-16 15:20:55","2026-06-16 15:20:34",""
"22618","[AI프리뷰] 16일 잠실 두산-KT전, '6월 ERA 2.08' 부활한 KT 에이스 고영...","","ai프리뷰 16일 잠실 두산 kt전 6월 era 2 08 부활한 kt 에이스 고영","38534","","0","금","2","N","2026-06-16 15:20:34","2026-06-16 15:20:55","2026-06-16 15:20:34",""
"22619","“달걀 냉장 보관이 정답이라면서?” 마트는 왜 상온에 진열할까","","달걀 냉장 보관이 정답이라면서 마트는 왜 상온에 진열할까","38535","","0","금","2","N","2026-06-16 15:20:34","2026-06-16 15:20:55","2026-06-16 15:20:34",""
"22620","호르무즈 해협 정박 日선박 '3번째' 손상…인명 피해는 없어","","호르무즈 해협 정박 선박 3번째 손상 인명 피해는 없어","38536","","0","금","2","N","2026-06-16 15:20:34","2026-06-16 15:20:55","2026-06-16 15:20:34",""
"22621","위메이드맥스, 방치형 RPG 신작 ‘윈드러너 키우기’ 사전예약 실시","게임은 몰려오는 적을 처치하는 핵앤슬래시 액션을 중심으로 전개되며, 150여종에 달하는 캐릭터, 소환수, 탈... 라이트컨은 한국과 대만 구글플레이 및 애플 앱스토어를 통해 '윈드러너 키우기'의 사전예약을 실시한다....","6000만 다운로드 윈드러너 방치형 rpg 윈드러너 키우기 로 돌아온다","39360","","0","은,게임","10","N","2026-06-16 15:20:34","2026-06-16 15:33:05","2026-06-16 15:20:34","2026-06-16 15:21:00"
"22622","씨네21 추천도서 - <굴과 모래>","","씨네21 추천도서","38539","","0","은","3","N","2026-06-16 15:20:34","2026-06-16 15:33:05","2026-06-16 15:20:34",""
"22623","합격자 변경→채용 취소…중국 여론이 들끓은 이유는","","합격자 변경 채용 취소 중국 여론이 들끓은 이유는","38541","","0","은","3","N","2026-06-16 15:20:34","2026-06-16 15:33:05","2026-06-16 15:20:34",""
"22624","【공시 모니터링】 메리츠금융그룹, 녹색금융전략 추진은 강점, 핵심 리...","","공시 모니터링 메리츠금융그룹 녹색금융전략 추진은 강점 핵심 리","38542","","0","은","3","N","2026-06-16 15:20:34","2026-06-16 15:33:05","2026-06-16 15:20:34",""
"22625","아이폰18 프로, 카메라 '혁신' 예고…디자인 '복붙' 수준","","아이폰18 프로 카메라 혁신 예고 디자인 복붙 수준","38543","","0","은","3","N","2026-06-16 15:20:34","2026-06-16 15:33:05","2026-06-16 15:20:34",""
"22626","울산 현대공고 졸업생, 모교에 장학금 500만원","","울산 현대공고 졸업생 모교에 장학금 500만원","38544","","0","은","3","N","2026-06-16 15:20:34","2026-06-16 15:33:05","2026-06-16 15:20:34",""
"22627","충남 당진 어기구 의원 , 2026 상반기 교육부 특교 21 억 9 백만원 확보","","충남 당진 어기구 의원 2026 상반기 교육부 특교 21 억 9 백만원 확보","38545","","0","은","3","N","2026-06-16 15:20:34","2026-06-16 15:33:05","2026-06-16 15:20:34",""
"22628","치매가족 통합케어·""우리아이 웃음소리"" 대상…인구정책 공모전 결과 ...","","치매가족 통합케어 우리아이 웃음소리 대상 인구정책 공모전 결과","38546","","0","은","3","N","2026-06-16 15:20:34","2026-06-16 15:33:05","2026-06-16 15:20:34",""
"22629","반복되는 자외선 노출, 피부 탄력 저하 부른다… 피부과 관리 중요성 강...","","반복되는 자외선 노출 피부 탄력 저하 부른다 피부과 관리 중요성 강","38547","","0","은","3","N","2026-06-16 15:20:34","2026-06-16 15:33:05","2026-06-16 15:20:34",""
"22630","향후 10년 제주시 5개 섬 발전 계획 세운다","","향후 10년 제주시 5개 섬 발전 계획 세운다","38548","","0","은","3","N","2026-06-16 15:20:34","2026-06-16 15:33:05","2026-06-16 15:20:34",""
"22631","지커 7X, 사전계약 엿새 만에 500대 돌파…가격 논란 속 초기 흥행?","","지커 7x 사전계약 엿새 만에 500대 돌파 가격 논란 속 초기 흥행","38549","","0","은","3","N","2026-06-16 15:20:34","2026-06-16 15:33:05","2026-06-16 15:20:34",""
"22632","홈플러스도 못 살리는데 고려아연은?…MBK 향한 시선 싸늘","","홈플러스도 못 살리는데 고려아연은 mbk 향한 시선 싸늘","38550","","0","은","4","N","2026-06-16 15:20:34","2026-06-16 15:33:19","2026-06-16 15:20:34",""
"22633","[부산도시공사 소식] 헌혈문화 확산 공로 인정…양궁팀도 전국대회 은메...","","부산도시공사 소식 헌혈문화 확산 공로 인정 양궁팀도 전국대회 은메","38551","","0","은","6","N","2026-06-16 15:20:34","2026-06-16 15:33:05","2026-06-16 15:20:34","2026-06-16 15:20:34"
"22634","김세의, 가세연서 쫓겨나나…은현장 임시이사 선임 신청","","김세의 가세연서 쫓겨나나 은현장 임시이사 선임 신청","38553","","0","은","3","N","2026-06-16 15:20:34","2026-06-16 15:33:05","2026-06-16 15:20:34",""
"22635","사라 피전과 조 알윈의 데이트가 포착됐다","","사라 피전과 조 알윈의 데이트가 포착됐다","38554","","0","은","3","N","2026-06-16 15:20:34","2026-06-16 15:33:05","2026-06-16 15:20:34",""
"22636","애플 시리 AI '유료 요금제' 도입되나…과금 시나리오 부상","","애플 시리 ai 유료 요금제 도입되나 과금 시나리오 부상","38555","","0","은","3","N","2026-06-16 15:20:34","2026-06-16 15:33:05","2026-06-16 15:20:34",""
"22637","서울호서직업전문학교, 국제요리대회서 메달 16개 획득","","서울호서직업전문학교 국제요리대회서 메달 16개 획득","38556","","0","은","3","N","2026-06-16 15:20:35","2026-06-16 15:33:05","2026-06-16 15:20:35",""
"22638","[창간기획: 미래를 설계하는 기업들] 현대해상, 보험의 경계를 다시 쓰...","두산그룹은 에너지와 AI 인프라를 연결하는 사업 포트폴리오를 확대하고 있다. 창립 130주년을 맞은 두산은 발전설비와 원자력, 수소, 풍력, 반도체 소재를 중심으로 미래 성장동력을 강화하고 있다. 과거 중공업 중심...","창간기획 미래를 설계하는 기업들 두산 ai 산업 인프라 공급 인프라","41212","","0","은","5","N","2026-06-16 15:20:35","2026-06-16 15:43:47","2026-06-16 15:20:35","2026-06-16 15:41:17"
"22639","전북대 소프트웨어공학과 '논문경진대회' 금2 은2 동4.. 'AI연구역량 입...","","전북대 소프트웨어공학과 논문경진대회 금2 은2 동4 ai연구역량 입","38558","","0","은","2","N","2026-06-16 15:20:35","2026-06-16 15:20:56","2026-06-16 15:20:35",""
"22640","드웨인 존슨, 파이터로 돌아갔다…베니스 은사자상 ‘스매싱 머신’ 올...","","드웨인 존슨 파이터로 돌아갔다 베니스 은사자상 스매싱 머신 올","38559","","0","은","2","N","2026-06-16 15:20:35","2026-06-16 15:20:56","2026-06-16 15:20:35",""
"22641","[문화예술과 메세나의 힘] 미국을 세계 문화 중심 만든 메세나 운동의 ...","","문화예술과 메세나의 힘 미국을 세계 문화 중심 만든 메세나 운동의","38560","","0","은","2","N","2026-06-16 15:20:35","2026-06-16 15:20:56","2026-06-16 15:20:35",""
"22642","[협약형특성화고⑦] 미래 방위산업 이끌 충남기계공고의 7개 핵심 동력...","","협약형특성화고 미래 방위산업 이끌 충남기계공고의 7개 핵심 동력","38561","","0","은","2","N","2026-06-16 15:20:35","2026-06-16 15:20:56","2026-06-16 15:20:35",""
"22643","강남 한복판서 프로포폴 '셀프 투약'한 피부과 직원…길거리 마약, 처벌...","더욱 충격적인 것은 당시 상황을 지켜본 시민의 목격담이다. 한 시민은 MBC와의 인터뷰에서 ""해당 여성이 넘어졌다 정신을 차린 뒤 프로포폴 용액을 자신에게 투약했다""고 증언했다. 경찰 조사 결과 A씨는 인근 피부과...","강남 한복판서 프로포폴 셀프 투약 한 피부과 직원 길거리 마약 처벌","38562","","0","은","2","N","2026-06-16 15:20:35","2026-06-16 15:20:56","2026-06-16 15:20:35",""
"22644","상하이 디즈니랜드 10주년…새 호텔·스파이더맨 놀이기구 들어선다","","상하이 디즈니랜드 10주년 새 호텔 스파이더맨 놀이기구 들어선다","38564","","0","","7","N","2026-06-16 15:20:35","2026-06-16 15:33:11","2026-06-16 15:20:35",""
"22645","AI 시대 R&D, 규모보다 생산성 혁신에 초점 맞춰야 [이민형의 과학기술...","국가 R&D 투자 규모는 이미 국내총생산(GDP) 대비 세계 최고 수준이지만 연구 생산성에 대한 체계적인 분석과 정책적 접근은 부족하다. 특히 지금의 연구 시스템이 효과적인지에 대한 근본적인 질문을 시도하지 않고 있다....","ai 시대 r d 규모보다 생산성 혁신에 초점 맞춰야 이민형의 과학기술","38566","","0","","5","N","2026-06-16 15:20:35","2026-06-16 15:33:08","2026-06-16 15:20:35",""
"22646","GDP 대비 가계부채 2019년 이후 최저 수준…정부부채 비율은 하락","지난해 말 우리나라 명목 국내총생산(GDP) 대비 가계부채 비율이 코로나 영향을 받기 전인 2019년 이후 최저 수준까지 하락한 것으로 조사됐다. 16일 국제결제은행(BIS)에 따르면, 지난해 말 기준 한국의 GDP 대비...","gdp 대비 가계부채 2019년 이후 최저 수준 정부부채 비율은 하락","38568","","0","","2","N","2026-06-16 15:20:35","2026-06-16 15:33:05","2026-06-16 15:20:35",""
"22647","""DL이앤씨, 2026년 영업이익 46% 급증 전망에 '450조 이란 특수' 날개 달...","신대현 키움증권 연구원은 ""특히, 이란의 GDP에선 상당부분 석유화학시설 등 제조업 비중이 차지하는 만큼 여러 플랜트 수요가 나타날 것""이라며 ""고질적인 물 부족에 따른 담수화 시설 및 추가 발전 시설 등에 대한...","dl이앤씨 2026년 영업이익 46 급증 전망에 450조 이란 특수 날개 달","38569","","0","화학","3","N","2026-06-16 15:20:35","2026-06-16 15:33:15","2026-06-16 15:20:35",""
"22648","[연합뉴스 이 시각 헤드라인] - 14:30","전문보기: https://www.yna.co.kr/view/AKR20260616065400530 ■ GDP 대비 가계부채 6년3개월만에 최저…정부부채 비율 최대폭↓ 지난해 말 우리나라 명목 국내총생산(GDP) 대비 가계부채 비율이 6년 3개월 만에 최저...","연합뉴스 이 시각 헤드라인 14 30","38570","","0","","2","N","2026-06-16 15:20:35","2026-06-16 15:33:05","2026-06-16 15:20:35",""
"22649","침팬지와 전쟁의 기원","독일 GDP가 영국 GDP를 추월한 해가 1차 대전이 발발한 1914년인 것은 우연이 아니다. 인간은 누구나 자기가 속한 집단의 팽창과 이를 방해하려는 집단의 제거를 원한다. 한 때 핵무기가 ‘공포의 균형’으로 전쟁을 막아줄...","침팬지와 전쟁의 기원","38571","","0","","3","N","2026-06-16 15:20:35","2026-06-16 15:43:47","2026-06-16 15:20:35",""
"22650","[통화정책 따라잡기] '잃어버린 30년' 마침표 1%대 금리로 정상화?","일본의 1분기 GDP 숫자도 긍정적이었고, 경상수지도 흑자 규모가 커졌습니다. 이번 금리 인상이 다카이치... 일본 GDP 개인소비 비중 50%…회복속도 더뎌 - 日 임금상승, 소비 확대로 이어지는지 확인 필요 - 日 인구 감소와...","통화정책 따라잡기 잃어버린 30년 마침표 1 대 금리로 정상화","38572","","0","금리","2","N","2026-06-16 15:20:35","2026-06-16 15:33:05","2026-06-16 15:20:35",""
"22651","'150조원' 호르무즈 통행료는 없고 수수료는 있다?","지난달 타스님 통신은 평시 하루 약 140척이 통과하는 해협에서 척당 200만 달러(약 30억 원)를 받는다면 연간 통행료 수입이 1000억 달러(약 150조 원)에 달하며, 이는 이란 명목 국내총생산(GDP)의 20~25%에 해당한다고...","150조원 호르무즈 통행료는 없고 수수료는 있다","38573","","0","달러","2","N","2026-06-16 15:20:35","2026-06-16 15:33:05","2026-06-16 15:20:35",""
"22652","中 5월 소매판매 3년5개월만 마이너스…산업생산은 4.5%↑","핀포인트자산운용의 장즈웨이 사장 겸 수석이코노미스트는 ""부진한 소매 판매 지표는 정부에 소비 안정을 위한 정책 조치를 검토해야 한다는 압박을 가하고 있다""며 ""2분기 국내총생산(GDP) 발표 이후인 7월에 정책의...","5월 소매판매 3년5개월만 마이너스 산업생산은 4 5","38574","","0","","2","N","2026-06-16 15:20:35","2026-06-16 15:33:05","2026-06-16 15:20:35",""
"22653","EU 이어 일본도 금리 인상. 우리나라도 초읽기","금리인상으로 GDP의 210%를 넘는 일본 국가부채 상환 부담이 크게 늘 것을 우려했기 때문이다. 요컨대 일본 국가부채는 앞으로 더욱 눈덩이처럼 불어날 것이라는 의미다. 앞서 유럽중앙은행도 지난 11일 기준금리를 2...","eu 이어 일본도 금리 인상 우리나라도 초읽기","38575","","0","금리","2","N","2026-06-16 15:20:35","2026-06-16 15:33:05","2026-06-16 15:20:35",""
"22654","삼성전자, 갤럭시 보안 '사전 차단'으로 고도화","◆가온전선, 美 AI 데이터센터 전력 인프라 확대 투자 가온전선은 미국 생산법인 LSCUS가 5,000만 달러(약 760억원)를 투자해 AI 데이터센터용 송전 케이블 생산능력을 2배 확대한다. 이번 투자를 통해 미국...","삼성전자 갤럭시 보안 사전 차단 으로 고도화","38579","","0","달러","7","N","2026-06-16 15:20:35","2026-06-16 15:33:18","2026-06-16 15:20:35","2026-06-16 15:33:18"
"22655","목포시 '호국보훈 특별위로금' 지급","","목포시 호국보훈 특별위로금 지급","38580","","0","","1","N","2026-06-16 15:20:35","2026-06-16 15:20:35","2026-06-16 15:20:35",""
"22656","“생존 문제? 포퓰리즘!” 2030 탈모약 건보 적용 논란","","생존 문제 포퓰리즘 2030 탈모약 건보 적용 논란","38581","","0","바이오","7","N","2026-06-16 15:20:35","2026-06-16 15:33:09","2026-06-16 15:20:35",""
"22657","신복위, 불법사금융 원스톱 지원체계 안착 속도","","신복위 불법사금융 원스톱 지원체계 안착 속도","38582","","0","금융","2","N","2026-06-16 15:20:35","2026-06-16 15:20:43","2026-06-16 15:20:35",""
"22658","[단독]""태국 데이터센터 선점한다""…삼성물산, 연내 현지 법인 설립","","단독 태국 데이터센터 선점한다 삼성물산 연내 현지 법인 설립","38583","","0","","12","N","2026-06-16 15:20:35","2026-06-16 15:33:14","2026-06-16 15:20:35",""
"22659","육사 총동창회 ""사관학교 통합 졸속 추진…국가 안보 약화""","육군사관학교 총동창회가 국방부의 육·해·공군 사관학교 통합 정책이 졸속으로 추진되고 있다고 비판하며 원점에서 재검토하라고 요구했습니다. 특히 육사가 전남 장성군으로 이전되는 방안이 정부 내에서 유력하게...","육사 총동창회 사관학교 통합 반대 국방부 육사 이전 미정","40398","","0","","2","N","2026-06-16 15:20:35","2026-06-16 15:33:05","2026-06-16 15:20:35","2026-06-16 15:33:05"
"22660","오리온그룹, 675억 규모 자사주 전량 소각...주주환원 강화","오리온홀딩스와 오리온은 16일 각각 이사회를 열고 보유 중인 자기주식 전량을 소각하기로 의결했다고 공시했다. 이번 자사주 소각은 지난 3월 발표한 기업가치 제고 계획에 따른 후속 조치다. 특히 최근 개정된 상법...","오리온홀딩스 오리온 675억원 규모 자사주 전량 소각 주주환원 강화","40392","","0","금융","22","N","2026-06-16 15:20:35","2026-06-16 15:41:26","2026-06-16 15:20:35","2026-06-16 15:41:26"
"22661","""가난과 차별이 노화를 앞당긴다""... 사회적 불평등, 생물학적 노화 가...","","가난과 차별이 노화를 앞당긴다 사회적 불평등 생물학적 노화 가","38586","","0","","7","N","2026-06-16 15:20:35","2026-06-16 15:33:11","2026-06-16 15:20:35",""
"22662","삼성, 갤럭시 보안 기능 고도화…""예방 중심 보안체계 구축""","","삼성 갤럭시 보안 기능 고도화 예방 중심 보안체계 구축","38587","","0","","2","N","2026-06-16 15:20:35","2026-06-16 15:20:43","2026-06-16 15:20:35",""
"22663","장정민 옹진군수 당선인 인수위 출범 ""변화와 발전 방안 마련""","","장정민 옹진군수 당선인 인수위 출범 변화와 발전 방안 마련","38588","","0","","1","N","2026-06-16 15:20:35","2026-06-16 15:20:35","2026-06-16 15:20:35",""
"22664","［패트롤］경북여성경제인협회-구미시-김천시-상주시-문경시","","패트롤 경북여성경제인협회 구미시 김천시 상주시 문경시","38589","","0","","1","N","2026-06-16 15:20:35","2026-06-16 15:20:35","2026-06-16 15:20:35",""
"22665","유치원 대체인력 확대 추진…현장선 ""예산보다 교사 확보가 먼저""","질 향상을 동시에 달성할 수 있는 계기가 될 수 있다는 평가가 나온다. 다만 현장에서는 예산 지원에 그치지 않고 실제 학교 현장에서 즉시 활용 가능한 인력 확충이 뒤따라야 정책 효과를 거둘 수 있을 것으로 보고 있다.","유치원 대체인력 확대 추진 현장선 예산보다 교사 확보가 먼저","38590","","0","","2","N","2026-06-16 15:20:35","2026-06-16 15:20:36","2026-06-16 15:20:35",""
"22666","SK AX, IMAGINE AX 2026서 에이전틱 엔터프라이즈 공식화","신한금융그룹은 SK AX와 함께 데이터 보안, 권한 관리, 규제 대응을 충족하는 '1인 1 금융 에이전트' 기반 업무 혁신 모델을 구체화하고 있으며, 글로벌 HR 컨설팅 기업 Mercer(머서) 역시 SK AX와 파트너십을 기반으로...","sk ax ai가 일하는 에이전틱 엔터프라이즈 시대 연다","40408","","0","금융,엔터테인먼트","22","N","2026-06-16 15:20:35","2026-06-16 15:33:19","2026-06-16 15:20:35","2026-06-16 15:33:06"
"22667","HD현대, 조선업계 첫 선체관리 자동화 나선다","HD현대중공업, HD한국조선해양, HD현대로보틱스, HD현대마린솔루션, 아비커스 등 HD현대 5개 계열사가 KCC, 타스글로벌과 'Total Hull Care Solution' 공동 개발 및 사업화를 위한 업무협약(MOU)을 체결했다. HD현대가 로봇과...","hd현대 로봇 데이터 기반 통합 선체 관리 솔루션 개발 나서","40500","","0","조선,은","32","N","2026-06-16 15:20:35","2026-06-16 15:33:10","2026-06-16 15:20:35","2026-06-16 15:33:08"
"22668","이동철 여신협회장 ""스테이블코인·규제완화로 성장동력 확보""","이동철(65) 여신금융협회장은 16일 카드사의 스테이블코인 활용 지원과 데이터 규제 완화, 리스·할부금융 규제 혁신 등을 통해 여신금융업권의 미래 성장동력을 확보하겠다는 청사진을 제시했다. 이 회장은 이날 취임사를...","이동철 신임 여신금융협회장 취임 디지털 혁신 규제 개선 추진","40418","","0","금융","14","N","2026-06-16 15:20:35","2026-06-16 15:33:11","2026-06-16 15:20:35","2026-06-16 15:33:06"
"22669","금투협, 골드스톤자산운용 등 3개사 정회원 가입 승인","또 각종 회의체에 참여해 시장과 산업 전반에 대한 법령·제도 개선, 규제완화 등에 대해 의견을 개진할 수 있다. 또 홍보, 공시·통계, 광고·약관 심사, 전문인력 등록·관리 등에 대한 업무지원을 받을 수 있으며...","금투협 골드스톤자산운용 등 3개사 정회원 가입 승인","38598","","0","","3","N","2026-06-16 15:20:35","2026-06-16 15:41:23","2026-06-16 15:20:35","2026-06-16 15:41:13"
"22670","민주당 일당 독점 깨뜨린 청년, 진보당 전주시의원 당선인 최한별","","민주당 일당 독점 깨뜨린 청년 진보당 전주시의원 당선인 최한별","38599","","0","","1","N","2026-06-16 15:20:36","2026-06-16 15:20:36","2026-06-16 15:20:36",""
"22671","인사동 한옥규제 대폭 완화 … 면적 기준 70%→50% 낮춰","","인사동 한옥규제 대폭 완화 면적 기준 70 50 낮춰","38600","","0","","1","N","2026-06-16 15:20:36","2026-06-16 15:20:36","2026-06-16 15:20:36",""
"22672","“한의사에게 의료기사지도권 부여해 국민의료 선택권 강화해야!”","","한의사에게 의료기사지도권 부여해 국민의료 선택권 강화해야","38601","","0","","1","N","2026-06-16 15:20:36","2026-06-16 15:20:36","2026-06-16 15:20:36",""
"22673","검체검사 위·수탁 개편 논란… 의료계 ""획일적 보상체계, 일차의료 혼...","","검체검사 위 수탁 개편 논란 의료계 획일적 보상체계 일차의료 혼","38602","","0","","1","N","2026-06-16 15:20:36","2026-06-16 15:20:36","2026-06-16 15:20:36",""
"22674","예산·권한 없이 개발 속도 10배 단축? 전문가도 ‘갸웃’ [궤도 이탈 K...","","예산 권한 없이 개발 속도 10배 단축 전문가도 갸웃 궤도 이탈 k","38603","","0","","9","N","2026-06-16 15:20:36","2026-06-16 15:33:08","2026-06-16 15:20:36",""
"22675","식약처, 브라질과 의료제품·화장품 규제협력 강화…시장 진출 지원","","식약처 브라질과 의료제품 화장품 규제협력 강화 시장 진출 지원","38604","","0","화장품,음식료","4","N","2026-06-16 15:20:36","2026-06-16 15:33:12","2026-06-16 15:20:36",""
"22676","[단독] ""韓 통신사에 中 그림자가?""… 백악관 신뢰 깨뜨린 앤스로픽의 ...","","단독 통신사에 그림자가 백악관 신뢰 깨뜨린 앤스로픽의","38605","","0","","1","N","2026-06-16 15:20:36","2026-06-16 15:20:36","2026-06-16 15:20:36",""
"22677","금융위, 씬파일러·AI 위한 신정법 개정 착수","","금융위 씬파일러 ai 위한 신정법 개정 착수","38606","","0","금융","3","N","2026-06-16 15:20:36","2026-06-16 15:21:01","2026-06-16 15:20:36",""
"22678","[국회라이브] 배달앱 매출은 늘었는데 왜 적자일까… 1만 3098곳이 보여...","","국회라이브 배달앱 매출은 늘었는데 왜 적자일까 1만 3098곳이 보여","38607","","0","","1","N","2026-06-16 15:20:36","2026-06-16 15:20:36","2026-06-16 15:20:36",""
"22679","국가바이오혁신위, 투자·기술·진흥 3개 분과 연계...""전주기 시스템 가...","조욱제 유한양행 사장, 황상연 한미약품 대표 등 주요 제약바이오기업 CEO들이 참석했다. 이날 제약바이오기업 CEO들은 산업 경쟁력과 활력을 높이기 위한 정책 제안과 제도 개선 사항을 비롯해 현장에서 체감하는 애로사항...","국가바이오혁신위 투자 기술 진흥 3개 분과 연계 전주기 시스템 가","38608","","0","바이오","5","N","2026-06-16 15:20:36","2026-06-16 15:33:13","2026-06-16 15:20:36","2026-06-16 15:33:13"
"22680","청양군, 주택 신축·구입 시 취득세 '최대 50%' 감면","","청양군 주택 신축 구입 시 취득세 최대 50 감면","38610","","0","","4","N","2026-06-16 15:20:36","2026-06-16 15:33:06","2026-06-16 15:20:36","2026-06-16 15:20:36"
"22681","단양교육지원청, '우리가 GREEN 단양' 환경행사 성료","","단양교육지원청 우리가 green 단양 환경행사 성료","38611","","0","","4","N","2026-06-16 15:20:36","2026-06-16 15:33:06","2026-06-16 15:20:36","2026-06-16 15:20:36"
"22682","[기획] 반도체특별법 시행령 논란…""수도권 배제, 득인가 실인가?""","","기획 반도체특별법 시행령 논란 수도권 배제 득인가 실인가","38612","","0","반도체","3","N","2026-06-16 15:20:36","2026-06-16 15:33:06","2026-06-16 15:20:36",""
"22683","SSG닷컴 '녹색소비주간' 맞아 친환경 상품 행사","","ssg닷컴 녹색소비주간 맞아 친환경 상품 행사","38613","","0","자동차,음식료","6","N","2026-06-16 15:20:36","2026-06-16 15:33:06","2026-06-16 15:20:36","2026-06-16 15:20:36"
"22684","먼지와 정전기가 고민?…욕실에 있는 '이것' 쓰면 살림이 쉬워집니다","","먼지와 정전기가 고민 욕실에 있는 이것 쓰면 살림이 쉬워집니다","38614","","0","화장품","4","N","2026-06-16 15:20:36","2026-06-16 15:33:06","2026-06-16 15:20:36",""
"22685","2차 국민성장펀드 땐 소득확인 공공마이데이터로…업무 편의성↑","","2차 국민성장펀드 땐 소득확인 공공마이데이터로 업무 편의성","38615","","0","금융","2","N","2026-06-16 15:20:36","2026-06-16 15:33:06","2026-06-16 15:20:36",""
"22686","서울 '30억 이상' 초고가 거래 35% 급감 … ""추가 규제에 상급지 갈아타...","","서울 30억 이상 초고가 거래 35 급감 추가 규제에 상급지 갈아타","38616","","0","","2","N","2026-06-16 15:20:36","2026-06-16 15:33:06","2026-06-16 15:20:36",""
"22687","""전세는 사금융"" 갭투자 겨눈 정부… 전세대출 손보나","","전세는 사금융 갭투자 겨눈 정부 전세대출 손보나","38617","","0","금융","2","N","2026-06-16 15:20:36","2026-06-16 15:33:06","2026-06-16 15:20:36",""
"22688","폭스바겐코리아, '4000만원대' 전기 SUV 'ID.5' 고객 인도 시작","","폭스바겐코리아 4000만원대 전기 suv id 5 고객 인도 시작","38620","","0","","5","N","2026-06-16 15:20:36","2026-06-16 15:33:06","2026-06-16 15:20:36","2026-06-16 15:20:36"
"22689","영동 심천면 착한기업·착한가게 4곳 동참","","영동 심천면 착한기업 착한가게 4곳 동참","38621","","0","","2","N","2026-06-16 15:20:36","2026-06-16 15:33:06","2026-06-16 15:20:36",""
"22690","폭스바겐, '2026년형 ID.5' 고객 인도…보조금 적용시 4680만원","","폭스바겐 2026년형 id 5 고객 인도 보조금 적용시 4680만원","38622","","0","","2","N","2026-06-16 15:20:36","2026-06-16 15:33:06","2026-06-16 15:20:36",""
"22691","지방투자 촉진 특별법 발의…수도권 기업 지방 이전 지원 확대","","지방투자 촉진 특별법 발의 수도권 기업 지방 이전 지원 확대","38624","","0","","2","N","2026-06-16 15:20:36","2026-06-16 15:33:06","2026-06-16 15:20:36",""
"22692","""보유세 손질·공급 확대를 동시에""···부동산 '투트랙' 승부수","","보유세 손질 공급 확대를 동시에 부동산 투트랙 승부수","38625","","0","","2","N","2026-06-16 15:20:36","2026-06-16 15:33:06","2026-06-16 15:20:36",""
"22693","﻿美, 中 희토류 독점 깨기 총력전…韓 기업에 열린 '자석 특수'","","희토류 독점 깨기 총력전 기업에 열린 자석 특수","38626","","0","","2","N","2026-06-16 15:20:36","2026-06-16 15:33:06","2026-06-16 15:20:36",""
"22694","[유통레이더] NS홈쇼핑, 유한킴벌리, 교촌치킨, 오리온, 오설록, 에이피...","","유통레이더 ns홈쇼핑 유한킴벌리 교촌치킨 오리온 오설록 에이피","38627","","0","자동차,바이오,음식료","4","N","2026-06-16 15:20:36","2026-06-16 15:33:13","2026-06-16 15:20:36",""
"22695","국민의힘… 여야 협력 강조 속 경제기조 재검토 요구","","국민의힘 여야 협력 강조 속 경제기조 재검토 요구","38628","","0","","2","N","2026-06-16 15:20:36","2026-06-16 15:33:06","2026-06-16 15:20:36",""
"22696","무신사 '소요한남' 설계 뒷배…'브릭스인베'","","무신사 소요한남 설계 뒷배 브릭스인베","38629","","0","금융","2","N","2026-06-16 15:20:36","2026-06-16 15:33:06","2026-06-16 15:20:36",""
"22697","금융위 ‘기후금융촉진법’ 제정 추진… 10년간 790조원 공급 법적 뒷받...","","금융위 기후금융촉진법 제정 추진 10년간 790조원 공급 법적 뒷받","38630","","0","금융","4","N","2026-06-16 15:20:36","2026-06-16 15:33:06","2026-06-16 15:20:36",""
"22698","택배 뜯고 남은 통통한 완충재 버리지 말고 일단 반으로 잘라 보세요......","","택배 뜯고 남은 통통한 완충재 버리지 말고 일단 반으로 잘라 보세요","38631","","0","","2","N","2026-06-16 15:20:36","2026-06-16 15:33:06","2026-06-16 15:20:36",""
"22699","무신사 조만호 야심작 소요한남…절세 묘수?","","무신사 조만호 야심작 소요한남 절세 묘수","38632","","0","","2","N","2026-06-16 15:20:36","2026-06-16 15:33:06","2026-06-16 15:20:36",""
"22700","이민법인 대양, 텍사스 산업시찰단과 미국 현지서 한국 기업 진출 전략...","","이민법인 대양 텍사스 산업시찰단과 미국 현지서 한국 기업 진출 전략","38635","","0","","1","N","2026-06-16 15:20:36","2026-06-16 15:20:36","2026-06-16 15:20:36",""
"22701","개인사업자, 가업승계 증여세 과세특례 안되는데","◇가업 영위기간 합산하는 현물출자 활용=개인사업자가 생전에 세제 혜택을 받으며 가업을 넘겨줄 수 있는 돌파구 중 하나는 현물출자를 통한 법인전환이다. 국세청의 유권해석에 따르면, 피상속인이 개인사업체를...","개인사업자 가업승계 증여세 과세특례 안되는데","38637","","0","","1","N","2026-06-16 15:20:36","2026-06-16 15:20:36","2026-06-16 15:20:36",""
"22702","[포스코 안전보고서/下]반복되는 사망사고, 장인화 연임 변수 되나","","포스코 안전보고서 반복되는 사망사고 장인화 연임 변수 되나","38638","","0","","5","N","2026-06-16 15:20:36","2026-06-16 15:33:10","2026-06-16 15:20:36",""
"22703","15년째 이어진 건강관리…옥천군 만성질환 포인트제 등록자 4천255명","","15년째 이어진 건강관리 옥천군 만성질환 포인트제 등록자 4천255명","38639","","0","","1","N","2026-06-16 15:20:36","2026-06-16 15:20:36","2026-06-16 15:20:36",""
"22704","김중남 강릉시장 당선인, 지역아동센터장들과 간담회 “돌봄 환경 개선...","","김중남 강릉시장 당선인 지역아동센터장들과 간담회 돌봄 환경 개선","38640","","0","","1","N","2026-06-16 15:20:36","2026-06-16 15:20:36","2026-06-16 15:20:36",""
"22705","""아파도 쉴 수 없는 교사들""… 유치원 현장의 절규","","아파도 쉴 수 없는 교사들 유치원 현장의 절규","38641","","0","","1","N","2026-06-16 15:20:36","2026-06-16 15:20:36","2026-06-16 15:20:36",""
"22706","부산전자공고·이리공고·목포공고 등 6개교, 마이스터고 신규 지정","AI 융복합 분야는 이리공고(AI+2차전지), 목포공고(AI 에너지), 해남공고(AI 산업인프라), 문경공고(AI 로봇)가... 목포공고는 AI 에너지, 해남공고는 AI 산업인프라, 문경공고는 AI 로봇 분야 특화 교육을 담당할 방침이다....","교육부 용인반도체고 부산전자고 등 마이스터고 6개교 신규 지정","40506","","0","반도체,2차전지","30","N","2026-06-16 15:20:36","2026-06-16 15:33:12","2026-06-16 15:20:36","2026-06-16 15:33:08"
"22707","3선 임만균 서울시의회 환경수자원위원장, 제12대 전반기 의장 출마… ...","","3선 임만균 서울시의회 환경수자원위원장 제12대 전반기 의장 출마","38644","","0","","1","N","2026-06-16 15:20:36","2026-06-16 15:20:36","2026-06-16 15:20:36",""
"22708","천안시의회, 부산서 '의정역량 강화 오리엔테이션' 실시","","천안시의회 부산서 의정역량 강화 오리엔테이션 실시","38645","","0","","1","N","2026-06-16 15:20:36","2026-06-16 15:20:36","2026-06-16 15:20:36",""
"22709","[인사] 충북교육청","주병성 ▲예산과 류승덕 ▲교육연구정보원 정보보호기반과장 이영미 ▲교육도서관 지식정보기반과장 이미용 ▲교육시설과 김진한 ▲충북공업고 행정실장 김용철 □ 5급 파견복귀 ▲ 공보관 이창우(학교안전공제회)","인사 충청북도교육청","40435","","0","","2","N","2026-06-16 15:20:36","2026-06-16 15:33:06","2026-06-16 15:20:36","2026-06-16 15:33:06"
"22710","전남광주특별시 임시 상징물 공모 보류…민 당선인, '예산 중복' 지적","측이 ""중복 예산 낭비""로 지적해 유보했다. 16일 광주시 등에 따르면 지난 4월20일부터 5월17일까지... 광주시와 전남도는 임시 상징물 선정을 위한 예산으로 각각 1억7000만원, 총 3억4000여만원을 책정했다. 총 상금은...","전남광주특별시 임시 상징물 공모 보류 민 당선인 예산 중복 지적","38649","","0","","1","N","2026-06-16 15:20:36","2026-06-16 15:20:36","2026-06-16 15:20:36",""
"22711","강석주 서울시의원 “자활기금 지원, 질적 자립 성과 강조”","아울러 “성과가 미흡한 사업장에 대해서는 단순히 지원을 연장할 것이 아니라 업종 전환, 경영 컨설팅, 판로 지원, 통폐합, 지원 종료 기준 마련 등을 포함한 체계적인 관리가 필요하다”며 “예산 규모보다 중요한 것은...","강석주 서울시의원 자활기금 지원 질적 자립 성과 강조","38650","","0","","1","N","2026-06-16 15:20:37","2026-06-16 15:20:37","2026-06-16 15:20:37",""
"22712","행정안전부, ‘섬 방문의 해’ 맞아 도서 지역 여행비 지원 사업 펼쳐","신청자가 많아 예산을 초과하면 추첨으로 대상자를 선정할 계획이다. 행안부는 이번 사업을 일회성 지원에 그치지 않도록 다른 지자체 및 유관기관과 연계하여 운영한다. 오는 8월말 전라남도가 진행하는 ‘섬 반값...","행정안전부 섬 방문의 해 맞아 도서 지역 여행비 지원 사업 펼쳐","38651","","0","","1","N","2026-06-16 15:20:37","2026-06-16 15:20:37","2026-06-16 15:20:37",""
"22713","김해시 정책 수립때 '인구 영향평가' 받는다","특히 김해시는 평가 결과를 단순 분석에 그치지 않고 향후 사업계획과 예산 편성, 정책 개선 과정에 반영해 실질적인 정책 전환으로 연결할 방침이다. 시는 이번 시범사업 결과를 토대로 평가체계를 보완한 뒤 임신·출산...","김해시 정책 수립때 인구 영향평가 받는다","38653","","0","","1","N","2026-06-16 15:20:37","2026-06-16 15:20:37","2026-06-16 15:20:37",""
"22714","목포공고·해남공고, 신규 마이스터고 지정","목포공업고에는 총 162억 원(교육부 50억 원·도교육청 100억 원·목포시 12억 원), 해남공업고에는 총 189억 원(교육부 50억 원·도교육청 100억 원·해남군 39억 원)의 예산이 투입될 예정이다. 도교육청 관계자는...","목포공고 해남공고 신규 마이스터고 지정","38654","","0","","2","N","2026-06-16 15:20:37","2026-06-16 15:20:40","2026-06-16 15:20:37",""
"22715","인천공항, 국민참여 아이디어 공모전 시행","중장기 성장 전략 및 사업 예산 등 정책 반영 인천공항공사는 ‘국민참여 중장기 전략 및 사업․예산’아이디어 공모를 진행한다고 16일 밝혔다. 이번 공모는 7월 3일까지 약 3주간 진행되며, 공사의 중장기 성장 방향성을...","인천공항 국민참여 아이디어 공모전 시행","38655","","0","항공","1","N","2026-06-16 15:20:37","2026-06-16 15:20:37","2026-06-16 15:20:37",""
"22716","""현대차 노조 파업 앞두고 있는데""···로봇·AI 생산체제 구축은 '착착...","","현대차 노조 파업 앞두고 있는데 로봇 ai 생산체제 구축은 착착","38656","","0","자동차,IT","7","N","2026-06-16 15:20:37","2026-06-16 15:33:06","2026-06-16 15:20:37",""
"22717","이찬희 삼성 준감위원장 “반도체 지방 투자, 정치 논리 아닌 기업 경쟁...","지난해 SK하이닉스가 영업이익의 10%를 성과급으로 지급하기로 한 데 이어, 삼성전자도 지난달 반도체 사업을... 호남 반도체 지방 투자 문제에 대해서는 ""정치 논리 좌우되지 않도록 주시"" 이 위원장은 이날 호남·충청...","이찬희 삼성 준감위원장 반도체 지방투자 정치논리 좌우 안 돼","40531","","0","반도체","24","N","2026-06-16 15:20:37","2026-06-16 15:41:07","2026-06-16 15:20:37","2026-06-16 15:41:07"
"22718","현대차 원청 교섭 '인용'에 전운…""격화하는 하투 최대 분수령""","","현대차 원청 교섭 인용 에 전운 격화하는 하투 최대 분수령","38659","","0","","3","N","2026-06-16 15:20:37","2026-06-16 15:33:16","2026-06-16 15:20:37",""
"22719","'금요일 휴무' 엮어 4일짜리 파업 논란⋯전문가 ""카카오 노조 행보 이례...","","금요일 휴무 엮어 4일짜리 파업 논란 전문가 카카오 노조 행보 이례","38660","","0","","2","N","2026-06-16 15:20:37","2026-06-16 15:33:06","2026-06-16 15:20:37",""
"22720","최고경영자(CEO)의 ‘사과’ [김찬석의 위기 관리]","","최고경영자 ceo 의 사과 김찬석의 위기 관리","38661","","0","","3","N","2026-06-16 15:20:37","2026-06-16 15:43:48","2026-06-16 15:20:37",""
"22721","LIG D&A, 올해 임단협 체결…노사 공동선언 채택","15일(현지 시간) 양사는 프랑스 파리에서 진행 중인 국제 방산전시회 유로사토리(Eurosatory) 전시장에... /LIG D&A LIG디펜스앤에어로스페이스(LIG D&A)는 16일 독일 방산기업 라인메탈 에어디펜스와 전략적 파트너십을 맺고...","lig d a 노란봉투법 파고 뚫고 임단협 타결 방산업계 상생 이정표 세워","40569","","0","방산","23","N","2026-06-16 15:20:37","2026-06-16 15:33:11","2026-06-16 15:20:37","2026-06-16 15:33:10"
"22722","오리온, 노사 추가 협상 임박…식품업계 성과배분 기준 '주목'","","오리온 노사 추가 협상 임박 식품업계 성과배분 기준 주목","38663","","0","화학,음식료","2","N","2026-06-16 15:20:37","2026-06-16 15:33:06","2026-06-16 15:20:37",""
"22723","[시시비비]K반도체 '마지막 기회'","","시시비비 k반도체 마지막 기회","38664","","0","반도체","2","N","2026-06-16 15:20:37","2026-06-16 15:33:06","2026-06-16 15:20:37",""
"22724","‘무한 교섭’ 지옥문 열리는 대기업… 더 센 ‘성과급 요구’ 온다","","무한 교섭 지옥문 열리는 대기업 더 센 성과급 요구 온다","38666","","0","철강","5","N","2026-06-16 15:20:37","2026-06-16 15:43:45","2026-06-16 15:20:37",""
"22725","레미콘 파업은 끝났지만…'6일 한계' 건설 공급망 개선 시급","이번 파업은 반도체 공장 등 대형 건설현장에 직접적인 부담으로 작용했다. 대한건설협회에 따르면 지난... 이번 합의로 파업은 멈췄지만 교섭 방식 자체를 둘러싼 이견은 그대로 남았다. 파업 과정에서는 일부 비노조...","레미콘 파업 종료 반도체 급한 불 껐지만 재협상 불씨 여전","40409","","0","반도체,건설","7","N","2026-06-16 15:20:37","2026-06-16 15:33:19","2026-06-16 15:20:37","2026-06-16 15:33:06"
"22726","[초점] 구내식당까지 원청 책임?…노란봉투법 첫 시험대 오른 사용자성","","초점 구내식당까지 원청 책임 노란봉투법 첫 시험대 오른 사용자성","38668","","0","","6","N","2026-06-16 15:20:37","2026-06-16 15:43:45","2026-06-16 15:20:37",""
"22727","급식·청소 하청까지 원청이 ‘진짜 사장’… 노봉법 파장 산업 전방위...","","급식 청소 하청까지 원청이 진짜 사장 노봉법 파장 산업 전방위","38669","","0","","2","N","2026-06-16 15:20:37","2026-06-16 15:33:06","2026-06-16 15:20:37",""
"22728","육동한 춘천시장 ""시민버스 파업 배경·경위 냉정하게 평가해야""","","육동한 춘천시장 시민버스 파업 배경 경위 냉정하게 평가해야","38670","","0","","2","N","2026-06-16 15:20:37","2026-06-16 15:33:06","2026-06-16 15:20:37",""
"22729","건설 안전 새 패러다임 설계한 김경수 타워크레인 노조위원장","","건설 안전 새 패러다임 설계한 김경수 타워크레인 노조위원장","38671","","0","건설","2","N","2026-06-16 15:20:37","2026-06-16 15:33:06","2026-06-16 15:20:37",""
"22730","중노위 ""한화오션, 급식·버스 하청 사용자 맞다""","법 시행 직후 우려했던 대규모 파업이나 노사 충돌은 나타나지 않았지만, 최근 노동위원회가 현대자동차와... 향후 임금 교섭과 연계해 쟁의권 확보 절차를 진행할 가능성도 있으며, 파업이 현실화할 경우 창사 이후 58년...","노란봉투법 100일 현대차 이어 한화오션도 원청 책임 인정","40991","","0","자동차,조선,철강,건설","19","N","2026-06-16 15:20:37","2026-06-16 15:43:49","2026-06-16 15:20:37","2026-06-16 15:43:49"
"22731","중노위 “급식 하청과도 교섭해야”…한화오션 사용자성 인정","","중노위 급식 하청과도 교섭해야 한화오션 사용자성 인정","38673","","0","조선","2","N","2026-06-16 15:20:37","2026-06-16 15:33:06","2026-06-16 15:20:37",""
"22732","레미콘 파업은 끝났지만…건설업계 '지체상금 폭탄' 우려는 현재진행형","","레미콘 파업은 끝났지만 건설업계 지체상금 폭탄 우려는 현재진행형","38674","","0","건설","2","N","2026-06-16 15:20:37","2026-06-16 15:33:06","2026-06-16 15:20:37",""
"22733","최보윤 국힘 대변인 “李정부 ‘방탄·부패·무능’ 국민과 함께 저지”","","최보윤 국힘 대변인 정부 방탄 부패 무능 국민과 함께 저지","38675","","0","","2","N","2026-06-16 15:20:37","2026-06-16 15:33:06","2026-06-16 15:20:37",""
"22734","셀트리온·삼성바이오 노조 연대 움직임… K-바이오 노조 세력화되나","코미팜, 삼성제약, 한올바이오파마, JW중외제약 순으로 분석됐다. 제약 상장기업 브랜드평판 1위를 기록한 삼성바이오로직스 브랜드는 참여지수 598,896 소통지수 308,566 커뮤니티지수 324,305 시장지수 13...","셀트리온 삼성바이오 노조 연대 움직임 k 바이오 노조 세력화되나","38676","","0","바이오,코스피,코스닥","14","N","2026-06-16 15:20:37","2026-06-16 15:41:40","2026-06-16 15:20:37","2026-06-16 15:41:40"
"22735","나경원 ""잠실 개표소 강제 진입 중단해야…국민 향한 국가폭력""","","나경원 잠실 개표소 강제 진입 중단해야 국민 향한 국가폭력","38677","","0","","2","N","2026-06-16 15:20:37","2026-06-16 15:33:06","2026-06-16 15:20:37",""
"22736","임협 결렬에 원청 교섭 의무까지…현대차 노사관계 ‘시험대’","","임협 결렬에 원청 교섭 의무까지 현대차 노사관계 시험대","38679","","0","자동차","2","N","2026-06-16 15:20:37","2026-06-16 15:33:06","2026-06-16 15:20:37",""
"22737","나경원 “경찰, 증거인멸하려 하나”…‘잠실 개표소 진입 시도’ 비판","","나경원 경찰 증거인멸하려 하나 잠실 개표소 진입 시도 비판","38680","","0","","2","N","2026-06-16 15:20:37","2026-06-16 15:33:06","2026-06-16 15:20:37",""
"22738","‘원청 사용자성’ 판정 줄줄이…26건 판정 대기 중","","원청 사용자성 판정 줄줄이 26건 판정 대기 중","38681","","0","","3","N","2026-06-16 15:20:37","2026-06-16 15:43:46","2026-06-16 15:20:37",""
"22739","'최저임금 업종별 차등 적용' 노사 줄다리기","","최저임금 업종별 차등 적용 노사 줄다리기","38682","","0","","1","N","2026-06-16 15:20:37","2026-06-16 15:20:37","2026-06-16 15:20:37",""
"22740","레미콘 대란 피했지만, 갈등 불씨 여전…""교섭체계 불안""","레미콘 제조사와 수도권 레미콘 운송노조의 운송비 인상 협상이 최종 타결되면서 8일간 이어지던 파업이... 전운련은 2차 잠정 합의안이 가결됨에 따라 이날부로 파업을 종료했다. 전운련은 지난 8일 서울·경기·인천 등...","레미콘 대란 피했지만 갈등 불씨 여전 교섭체계 불안","38683","","0","","1","N","2026-06-16 15:20:37","2026-06-16 15:20:37","2026-06-16 15:20:37",""
"22741","의석수냐 경륜이냐…순천시의회 의장 선거 달아오르나","","의석수냐 경륜이냐 순천시의회 의장 선거 달아오르나","38684","","0","","1","N","2026-06-16 15:20:37","2026-06-16 15:20:37","2026-06-16 15:20:37",""
"22742","여야, 선관위 국정조사 합의…위원장은 국민의힘","","여야 선관위 국정조사 합의 위원장은 국민의힘","38685","","0","","1","N","2026-06-16 15:20:37","2026-06-16 15:20:37","2026-06-16 15:20:37",""
"22743","여야, 선관위 국정조사 실시 합의...'투표용지 부족 사태' 진상 규명 나...","","여야 선관위 국정조사 실시 합의 투표용지 부족 사태 진상 규명 나","38686","","0","","1","N","2026-06-16 15:20:37","2026-06-16 15:20:37","2026-06-16 15:20:37",""
"22744","정청래 대표 ""당의 주인은 당원""…중앙위서 당원 중심 운영 강조","","정청래 대표 당의 주인은 당원 중앙위서 당원 중심 운영 강조","38687","","0","","1","N","2026-06-16 15:20:37","2026-06-16 15:20:37","2026-06-16 15:20:37",""
"22745","정부, 대국민 담화 ""참정권 빌미로 중대 범죄, 결코 용납 안돼""(상보)","","정부 대국민 담화 참정권 빌미로 중대 범죄 결코 용납 안돼 상보","38689","","0","","1","N","2026-06-16 15:20:37","2026-06-16 15:20:37","2026-06-16 15:20:37",""
"22746","'체육단체 물품 반출' 극적 합의했는데 … 시민들 여전히 저지 중","","체육단체 물품 반출 극적 합의했는데 시민들 여전히 저지 중","38690","","0","","1","N","2026-06-16 15:20:37","2026-06-16 15:20:37","2026-06-16 15:20:37",""
"22747","""정치 아닌 민주주의 문제""…슈카월드, 대학가 투표용지 부족 사태 규탄...","","정치 아닌 민주주의 문제 슈카월드 대학가 투표용지 부족 사태 규탄","38691","","0","","1","N","2026-06-16 15:20:37","2026-06-16 15:20:37","2026-06-16 15:20:37",""
"22748","[현장연결] 참정권 침해·개표소 시위 관련 정부 담화문 발표","","현장연결 참정권 침해 개표소 시위 관련 정부 담화문 발표","38692","","0","","1","N","2026-06-16 15:20:37","2026-06-16 15:20:37","2026-06-16 15:20:37",""
"22749","장동혁 ""선거 소청은 시작일 뿐…전국 재선거 위해 싸우겠다""","","장동혁 선거 소청은 시작일 뿐 전국 재선거 위해 싸우겠다","38693","","0","","1","N","2026-06-16 15:20:37","2026-06-16 15:20:37","2026-06-16 15:20:37",""
"22750","장동혁 ""소청은 시작에 불과‥전국 재선거를 목표로 싸워야""","","장동혁 소청은 시작에 불과 전국 재선거를 목표로 싸워야","38694","","0","","1","N","2026-06-16 15:20:37","2026-06-16 15:20:37","2026-06-16 15:20:37",""
"22751","강석주 통영시장 당선인, 인수위원회 본격 가동","","강석주 통영시장 당선인 인수위원회 본격 가동","38695","","0","","1","N","2026-06-16 15:20:37","2026-06-16 15:20:37","2026-06-16 15:20:37",""
"22752","與 ""선관위, 2단계 개혁 제시…개헌도 검토""","","선관위 2단계 개혁 제시 개헌도 검토","38696","","0","","1","N","2026-06-16 15:20:37","2026-06-16 15:20:37","2026-06-16 15:20:37",""
"22753","정근식 서울시교육감, 대한민국교육감협의회 제11대 회장 추대","","정근식 서울시교육감 대한민국교육감협의회 제11대 회장 추대","38697","","0","","1","N","2026-06-16 15:20:37","2026-06-16 15:20:37","2026-06-16 15:20:37",""
"22754","황운하, ‘투표용지 부족 방지법’ 발의…선관위 지침 변경도 공식 통제","","황운하 투표용지 부족 방지법 발의 선관위 지침 변경도 공식 통제","38698","","0","","1","N","2026-06-16 15:20:37","2026-06-16 15:20:37","2026-06-16 15:20:37",""
"22755","정점식, 국힘 5선 중진과 오찬…""당 변화·쇄신 필요""","한 참석 의원은 연합뉴스에 ""정 원내대표에게 빨리 '지방선거 백서'부터 만들자고 제안했다""며 ""백서를... 회동에서는 투표용지 부족 사태와 '잠실 개표소 봉쇄 시위', 당 지도부의 '재선거 소청'에 대한 논의도 이뤄졌다. 윤...","정점식 국힘 5선과 오찬 쇄신 혁신 방안 논의","40446","","0","","2","N","2026-06-16 15:20:37","2026-06-16 15:33:07","2026-06-16 15:20:37","2026-06-16 15:33:07"
"22756","농협은행, 영국 금융 중심지와 협력 확대…글로벌 경쟁력 강화","","농협은행 영국 금융 중심지와 협력 확대 글로벌 경쟁력 강화","38701","","0","금융","4","N","2026-06-16 15:20:37","2026-06-16 15:20:56","2026-06-16 15:20:37",""
"22757","퇴직연금, BNK금융에 맡기면 AI로 적립식 투자","BNK금융그룹 본사 [사진=BNK금융그룹] 퇴직연금 사업자들의 서비스가 점차 진화하는 가운데, BNK금융그룹이 개인형 퇴직연금(IRP)에 인공지능(AI) 기반 일임운용 서비스를 도입했다. 금융권에서는 최초로 자동이체를 활용한...","퇴직연금 bnk금융에 맡기면 ai로 적립식 투자","38702","","0","금융,금,은,통신,항공,철강","7","N","2026-06-16 15:20:37","2026-06-16 15:41:16","2026-06-16 15:20:37","2026-06-16 15:22:53"
"22758","전력 수급 최적화의 핵심… 옴니시스템, 스마트그리드 확충 수혜 기대","","전력 수급 최적화의 핵심 옴니시스템 스마트그리드 확충 수혜 기대","38703","","0","","20","N","2026-06-16 15:20:37","2026-06-16 15:41:30","2026-06-16 15:20:37",""
"22759","배터리 3사, 4조원 실탄 장전…북미·AI 시장 ‘정조준’","","배터리 3사 4조원 실탄 장전 북미 ai 시장 정조준","38704","","0","","12","N","2026-06-16 15:20:37","2026-06-16 15:33:09","2026-06-16 15:20:37",""
"22760","[현장] AI 모델부터 포털까지 하나로…업스테이지 컴퍼니 공식 출범","IR서 기업가치 최대 5조원 평가…미래에셋·KB 잡고 코스피 상장 조준 최근 진행된 업스테이지의 기관 대상... 업스테이지는 지난해 말 미래에셋증권과 KB증권을 공동 주관사로 선정하고, 유가증권시장(코스피) 상장을...","ai 종합 컴퍼니 업스테이지 컴퍼니 출범 ai 모델 에이전트 포","40209","","0","IT,코스피","12","N","2026-06-16 15:20:37","2026-06-16 15:33:10","2026-06-16 15:20:37","2026-06-16 15:33:04"
"22761","삼성전자, 글로벌전략회의 돌입…가전·반도체·AX 새판 짠다","생성형 AI를 전면 개방하고 AI 전담 조직을 구축하는 등 전사적인 AI 대전환에 속도를 내고 있습니다. 미래 성장동력을 좌우할 삼성전자의 하반기 전략 구상에 재계의 이목이 쏠리고 있습니다. 매일경제TV 조문경입니다. [ / ]","삼성전자 글로벌전략회의 개막 이재용 2 0 ax 전환 속도낸다","40276","","0","반도체","6","N","2026-06-16 15:20:38","2026-06-16 15:33:09","2026-06-16 15:20:38","2026-06-16 15:33:02"
"22762","롯데, 전사 AI 전환 가속…신동빈 회장 직접 참여로 AX 드라이브 강화","롯데그룹이 인공지능 전환(AX)에 속도를 내며 전사적 체질 개선에 나섰다. 특히 최고경영진이 직접 참여하는 교육을 시작으로 임직원 전반의 AI 활용 역량을 끌어올려 업무 방식 혁신을 추진한다는 구상이다. 16일...","롯데 전사 ai 전환 가속 신동빈 회장 직접 참여로 ax 드라이브 강화","38708","","0","","3","N","2026-06-16 15:20:38","2026-06-16 15:21:00","2026-06-16 15:20:38",""
"22763","피지컬 AI시대… 데이터 보유 기업이 뜬다","단순 반복 작업을 수행하는 자동화를 넘어 인공지능(AI)이 스스로 판단하고 움직이는 '피지컬 AI'가 차세대 물류 기술로 주목받는 가운데, 업계에서는 현장 운영 데이터 확보 여부가 경쟁력을 좌우할 것이라는 분석이...","피지컬 ai시대 데이터 보유 기업이 뜬다","38709","","0","","10","N","2026-06-16 15:20:38","2026-06-16 15:41:11","2026-06-16 15:20:38",""
"22764","삼성, 글로벌 전략회의 돌입…AX로 판 바꾼다","최근 전사 차원에서 강조하는 인공지능(AI) 전환에 대한 공감대를 해외법인으로 확대하고, 중장기적인 글로벌 불확실성에 대비하는 돌파구를 마련하겠다는 구상이다. 16일 업계에 따르면 삼성전자는 이날 디바이스경험...","삼성전자 글로벌 전략회의 돌입 ai 대전환 해외로 확장","38719","","0","","7","N","2026-06-16 15:20:38","2026-06-16 15:20:57","2026-06-16 15:20:38","2026-06-16 15:20:38"
"22765","AI가 되살린 양산 읍성 설화…영산대, ‘테크 투어리즘’ 구축","영산대학교가 인공지능(AI)과 드론 등 디지털 기술을 지역 설화와 결합한 ‘테크 투어리즘(Tech-Tourism)’ 구축에 나섰다. 영산대학교 경남RISE사업단은 최근 양산시 목화당1944에서 ‘양산시 지역관광자원 발굴 민·관·산...","ai가 되살린 양산 읍성 설화 영산대 테크 투어리즘 구축","38711","","0","","1","N","2026-06-16 15:20:38","2026-06-16 15:20:38","2026-06-16 15:20:38",""
"22766","국립한밭대, 반도체·드론 등 산대특 사업 3개 과정 선정","특히 반도체, 인공지능(AI), 드론 분야는 정부와 지역사회가 중점 육성하는 미래 성장산업으로, 관련 분야 취업을 희망하는 청년들에게 실질적인 직무역량 향상 기회를 제공할 것으로 기대된다. 총 사업비는 약...","국립한밭대 반도체 드론 등 산대특 사업 3개 과정 선정","38712","","0","반도체","3","N","2026-06-16 15:20:38","2026-06-16 15:20:57","2026-06-16 15:20:38",""
"22767","현업에서 바로 쓰는 '하네스 엔지니어링' 실습 교육 7월 3일 개최","최근 인공지능(AI) 업계에서 가장 뜨거운 화두 중 하나가 '하네스(Harness) 엔지니어링'이다. 하네스 엔지니어링은 AI에게 일을 시키기 전에 매뉴얼과 작업 환경을 차려주는 것으로, AI가 안정적으로 일하도록 환경을...","현업에서 바로 쓰는 하네스 엔지니어링 실습 교육 7월 3일 개최","38713","","0","","1","N","2026-06-16 15:20:38","2026-06-16 15:20:38","2026-06-16 15:20:38",""
"22768","김상욱 당선인, 민선 9기 시정 인수 작업 착수…울산 시민 중심 민주도...","동시에 시민 이동권 보장, 노동이 존중받는 산업 인공지능 전환(AX), 동북아 에너지 물류거점(허브) 구축 등 주요 공약의 실행 방안도 함께 검토할 예정이다. 김상욱 당선인은 이날 민선 9기 시정 비전으로 '시민이 주인되는...","김상욱 당선인 민선 9기 시정 인수 작업 착수 울산 시민 중심 민주도","38714","","0","","1","N","2026-06-16 15:20:38","2026-06-16 15:20:38","2026-06-16 15:20:38",""
"22769","덱스터스튜디오, 최장수 컴퓨터 애니메이션 학회 수상…AI 3D 모션 기술...","","덱스터스튜디오 최장수 컴퓨터 애니메이션 학회 수상 ai 3d 모션 기술","38715","","0","엔터테인먼트","2","N","2026-06-16 15:20:38","2026-06-16 15:20:56","2026-06-16 15:20:38",""
"22770","카카오톡 채팅방에서 바로 챗GPT 쓴다","유용하 카카오 AI커넥트 성과리더는 ""챗봇 기능을 통해 이용자들이 카카오톡 대화를 하며 더욱 쉽고 유용하게 AI를 활용할 수 있게 됐다""며 ""카카오톡과 AI의 유기적인 결합을 통해 일상 속 AI 대중화를 이끌어 나갈...","카카오 카톡 채팅방서 바로 묻고 답하는 챗gpt 챗봇 출시","40622","","0","게임","3","N","2026-06-16 15:20:38","2026-06-16 15:33:11","2026-06-16 15:20:38","2026-06-16 15:33:11"
"22771","화장품 거리였던 명동, 럭셔리 관광지로...신세계백화점 본점의 반전","","화장품 거리였던 명동 럭셔리 관광지로 신세계백화점 본점의 반전","38718","","0","화장품","6","N","2026-06-16 15:20:38","2026-06-16 15:43:48","2026-06-16 15:20:38",""
"22772","[단독] KCC 장남 정명선 계열사 ‘호두나무’ 지분 확보…장녀 중심 승...","이와 관련해 KCC 관계자는 “호두나무는 인간의 뇌파 등 생체 신호 데이터를 AI로 해석해 개인의 감정과 기억을 예술 작품·미디어 아트·디지털 콘텐츠로 구현하는 사업을 진행하고 있다”며 “KCC와는 실질적인 거래가...","단독 kcc 장남 정명선 계열사 호두나무 지분 확보 장녀 중심 승","38721","","0","","2","N","2026-06-16 15:20:38","2026-06-16 15:20:56","2026-06-16 15:20:38",""
"22773","장마철 빗길 ""타이어 3mm에 교체하고 적정 공기압 유지해야""","","장마철 빗길 타이어 3mm에 교체하고 적정 공기압 유지해야","38722","","0","","5","N","2026-06-16 15:20:38","2026-06-16 15:33:08","2026-06-16 15:20:38",""
"22774","SK이노 E&S KCE, 美 미시간 'ESS 맹주' 자리 차지…100MW 규모 신규 추진","","sk이노 e s kce 미시간 ess 맹주 자리 차지 100mw 규모 신규 추진","38723","","0","","5","N","2026-06-16 15:20:38","2026-06-16 15:33:08","2026-06-16 15:20:38",""
"22775","[현장] 준중형 HEV강자 토요타 '올 뉴 라브4' 국내 상륙","","현장 준중형 hev강자 토요타 올 뉴 라브4 국내 상륙","38724","","0","","5","N","2026-06-16 15:20:38","2026-06-16 15:33:08","2026-06-16 15:20:38",""
"22776","토요타코리아, '올 뉴 RAV4' 출시…경제성과 편의성 증진","새로운 PHEV 시스템은 2.5ℓ 직렬 4기통 가솔린 엔진(D4-S)과 신규 대용량 리튬이온 배터리, 고효율 e-Axle을 결합해 시스템 총출력 329마력(PS), 최대 토크 23.8kg·m을 발휘한다. 배터리 용량은 기존 18.1kWh에서 22....","토요타코리아 올 뉴 rav4 출시 phev 항속거리 77km dc 급속충전 첫 탑","40486","","0","","11","N","2026-06-16 15:20:38","2026-06-16 15:43:49","2026-06-16 15:20:38","2026-06-16 15:41:10"
"22777","코레일, 전동킥보드·대용량 배터리 열차 반입 제한","","코레일 전동킥보드 대용량 배터리 열차 반입 제한","38726","","0","IT","5","N","2026-06-16 15:20:38","2026-06-16 15:33:08","2026-06-16 15:20:38","2026-06-16 15:20:38"
"22778","코레일, 철도 안전 강화·노숙인 지원 사업 나선다","","코레일 철도 안전 강화 노숙인 지원 사업 나선다","38727","","0","","3","N","2026-06-16 15:20:38","2026-06-16 15:33:08","2026-06-16 15:20:38",""
"22779","[CarTalk] 7년 만에 새 모습으로 돌아온 연비 강자 '올 뉴 RAV4'","","cartalk 7년 만에 새 모습으로 돌아온 연비 강자 올 뉴 rav4","38728","","0","","3","N","2026-06-16 15:20:38","2026-06-16 15:33:08","2026-06-16 15:20:38",""
"22780","도요타 준중형 SUV 'RAV4' 6세대 출시…전동화·SDV 전환 가속(종합)","","도요타 준중형 suv rav4 6세대 출시 전동화 sdv 전환 가속 종합","38729","","0","","4","N","2026-06-16 15:20:38","2026-06-16 15:41:10","2026-06-16 15:20:38",""
"22781","[현장] 토요타코리아, 6세대 완전변경 '올 뉴 RAV4' 출시···전동화·커...","특히 배터리 용량을 기존 18.1kWh에서 22.7kWh로 늘리고, 실리콘 카바이드(SiC)를 활용해 새롭게 개발한 파워 컨트롤 유닛(PCU)을 탑재해 효율을 극대화했다. 이를 통해 시스템 총 출력 329마력을 달성하면서도 유닛의...","현장 토요타코리아 6세대 완전변경 올 뉴 rav4 출시 전동화 커","38731","","0","은","6","N","2026-06-16 15:20:38","2026-06-16 15:33:08","2026-06-16 15:20:38","2026-06-16 15:21:02"
"22782","게이머 지갑 여는 IP 콜라보, 서브컬처와 손잡는 게이밍 기어 [게이머 P...","","게이머 지갑 여는 ip 콜라보 서브컬처와 손잡는 게이밍 기어 게이머 p","38732","","0","","8","N","2026-06-16 15:20:38","2026-06-16 15:33:09","2026-06-16 15:20:38",""
"22783","""하이브리드 명가 넘어 PHEV까지""…토요타, 올 뉴 RAV4 출시[TF현장]","","하이브리드 명가 넘어 phev까지 토요타 올 뉴 rav4 출시 tf현장","38733","","0","","4","N","2026-06-16 15:20:38","2026-06-16 15:20:56","2026-06-16 15:20:38",""
"22784","르노코리아, ‘넥스트라이즈’서 미래 모빌리티 청사진 공개","르노코리아는 또 2028년부터 부산공장에서 차세대 르노 전기차를 생산하고 국내 배터리 공급망 구축에도 나설 계획이다. 특히 행사 둘째 날인 19일에는 니콜라 샹페티에 르노그룹 소프트웨어·SDV 담당 부사장과 레지스...","르노코리아 넥스트라이즈 2026 참가 미래차 기술 공개","40492","","0","IT","14","N","2026-06-16 15:20:38","2026-06-16 15:33:11","2026-06-16 15:20:38","2026-06-16 15:33:08"
"22785","김강학 풍력산업협회 회장 ""해상풍력, 종합 산업이자 국가 전략 산업""","","김강학 풍력산업협회 회장 해상풍력 종합 산업이자 국가 전략 산업","38736","","0","반도체","3","N","2026-06-16 15:20:38","2026-06-16 15:41:16","2026-06-16 15:20:38",""
"22786","한병도, 익산 미래산업·지역경제 '쌍끌이'","","한병도 익산 미래산업 지역경제 쌍끌이","38737","","0","","2","N","2026-06-16 15:20:38","2026-06-16 15:20:56","2026-06-16 15:20:38",""
"22787","[IT신상공개] 소리와 빛으로 공간을 채운다, 더브로 '브로원'","","it신상공개 소리와 빛으로 공간을 채운다 더브로 브로원","38738","","0","IT","2","N","2026-06-16 15:20:38","2026-06-16 15:20:56","2026-06-16 15:20:38",""
"22788","전남도, '영암 서킷 열기' 달아오른다... 현대 N 페스티벌 20일 개막","","전남도 영암 서킷 열기 달아오른다 현대 n 페스티벌 20일 개막","38740","","0","","5","N","2026-06-16 15:20:38","2026-06-16 15:33:08","2026-06-16 15:20:38",""
"22789","전남 영암서 '현대 N 페스티벌' 스피드 축제 열린다","","전남 영암서 현대 n 페스티벌 스피드 축제 열린다","38741","","0","자동차","7","N","2026-06-16 15:20:38","2026-06-16 15:33:08","2026-06-16 15:20:38","2026-06-16 15:20:38"
"22790","경기테크노파크, 친환경차 시대 이끌 첨단모빌리티 인재 200명 키운다","","경기테크노파크 친환경차 시대 이끌 첨단모빌리티 인재 200명 키운다","38742","","0","자동차","7","N","2026-06-16 15:20:38","2026-06-16 15:33:08","2026-06-16 15:20:38","2026-06-16 15:20:38"
"22791","‘中 1위 다크팩토리 석학’ 쩡샹루이 교수, FAMS 2026서 ‘완전 무인 제...","","1위 다크팩토리 석학 쩡샹루이 교수 fams 2026서 완전 무인 제","38743","","0","","9","N","2026-06-16 15:20:38","2026-06-16 15:33:08","2026-06-16 15:20:38",""
"22792","올여름,태국 전역 쇼핑몰 리조트·스파 할인…태국, 여름 관광객 잡기 ...","","올여름 태국 전역 쇼핑몰 리조트 스파 할인 태국 여름 관광객 잡기","38744","","0","","4","N","2026-06-16 15:20:38","2026-06-16 15:41:09","2026-06-16 15:20:38",""
"22793","하정우 전 AI수석 ""제주, AI 기반 초연결 생태계 최적지""","재생에너지와 전기차, 분산에너지, 데이터센터를 결합하면 제주형 에너지 AI 실증 모델을 만들 수 있다는... 우주, 전기차를 포함한 관광과 1차산업 플랫폼 연구는 여기서밖에 할 수 없는 영역""이라고 말했다. 이어 ""이런...","하정우 전 수석 제주 ai 기반 초연결 생태계 구축 최적지","40452","","0","","16","N","2026-06-16 15:20:38","2026-06-16 15:33:09","2026-06-16 15:20:38","2026-06-16 15:33:07"
"22794","교통사고 호의 동승 감액의 역설과 딜레마","","교통사고 호의 동승 감액의 역설과 딜레마","38746","","0","자동차,IT","5","N","2026-06-16 15:20:38","2026-06-16 15:33:08","2026-06-16 15:20:38",""
"22795","현대직업전문학교, 대전RSC∙HS효성더클래스와 자동차정비산업기사 인재...","","현대직업전문학교 대전rsc hs효성더클래스와 자동차정비산업기사 인재","38748","","0","자동차","5","N","2026-06-16 15:20:38","2026-06-16 15:43:53","2026-06-16 15:20:38",""
"22796","현대 N 페스티벌 20~21일 영암 국제자동차경주장서 개최","","현대 n 페스티벌 20 21일 영암 국제자동차경주장서 개최","38749","","0","자동차","5","N","2026-06-16 15:20:38","2026-06-16 15:33:08","2026-06-16 15:20:38","2026-06-16 15:20:38"
"22797","영덕군, 전기차 보급사업 추가 접수…승용차·화물차 160대 지원","","영덕군 전기차 보급사업 추가 접수 승용차 화물차 160대 지원","38751","","0","","2","N","2026-06-16 15:20:38","2026-06-16 15:20:56","2026-06-16 15:20:38",""
"22798","현대차 제네시스, 르망 24시 첫 도전서 13위 기적… 24시간 사투로 기술...","","현대차 제네시스 르망 24시 첫 도전서 13위 기적 24시간 사투로 기술","38754","","0","","2","N","2026-06-16 15:20:38","2026-06-16 15:20:56","2026-06-16 15:20:38",""
"22799","'故 종현 영정 합성' 논란 빚었던 美 팝스타 올리버 트리, 브라질서 헬기...","","종현 영정 합성 논란 빚었던 팝스타 올리버 트리 브라질서 헬기","38755","","0","","2","N","2026-06-16 15:20:38","2026-06-16 15:20:56","2026-06-16 15:20:38",""
"22800","""세방전지, 하방은 막히고 상방은 열렸다…북미 ESS에 승부수를 던진 이...","세방리튬배터리의 현재 사업은 배터리셀을 구매해 전기차(EV)/하이브리드(HEV) 및 전력보조용 배터리 모듈/팩을 조립해 완성차 및 배터리 고객사에 공급하고 있다. 이번에 추진하는 신사업은 차량용 리튬 배터리...","세방전지 하방은 막히고 상방은 열렸다 북미 ess에 승부수를 던진 이","38756","","0","","4","N","2026-06-16 15:20:38","2026-06-16 15:43:51","2026-06-16 15:20:38",""
"22801","메디큐브, 기능성 헤어 제품으로 글로벌 시장 경쟁력 강화","JW중외제약 사장, 안재용 SK바이오사이언스 사장, 윤성태 휴온스그룹 회장, 윤웅섭 일동제약 회장, 정재훈 동아ST 대표이사, 조욱제 유한양행 사장, 황상연 한미약품 대표이사, 협회 이재국 부회장과 엄승인 전무 등이 참석했다.","제약 바이오 pick 제약 바이오 업계 차별화 전략으로 시장 경쟁력","40525","","0","바이오","12","N","2026-06-16 15:20:39","2026-06-16 15:43:23","2026-06-16 15:20:39","2026-06-16 15:33:13"
"22802","전남바이오진흥원-(주)비티씨, 지역특산자원 기반 건강기능식품 개발 ‘...","한편, (주)비티씨는 식약처 인증 개별인정형 원료와 고시형 원료를 개발·공급하는 바이오 헬스케어 전문 기업으로, 차별화된 기술력을 앞세워 국내외 연구기관과 대학 등과의 공동 연구를 확대하며 천연물 신약과 기능성...","전남바이오진흥원 비티씨와 손잡고 지역특산자원 고부가가치 건기","40499","","0","바이오,음식료","8","N","2026-06-16 15:20:39","2026-06-16 15:33:09","2026-06-16 15:20:39","2026-06-16 15:33:08"
"22803","JW중외제약·GC녹십자웰빙, 이상지질혈증·만성간질환 치료제 '매출 1위...","셀트리온제약의 고덱스, 대웅제약의 우루사 등이 시장을 형성하고 있는 가운데 GC녹십자웰빙은 라이넥주의 투여 옵션 확대를 통해 경쟁력을 강화한다는 전략이다. 2005년 출시된 라이넥주는 손상된 간세포의 재생과...","jw중외제약 리바로젯 이상지질혈증 2제 복합제 시장 1위 달성","41092","","0","바이오","38","N","2026-06-16 15:20:39","2026-06-16 15:43:26","2026-06-16 15:20:39","2026-06-16 15:43:26"
"22804","'탈모약 건보 확대'에 보수진영 반발...""중증 질환부터 챙겨라""","","탈모약 건보 확대 에 보수진영 반발 중증 질환부터 챙겨라","38760","","0","바이오","8","N","2026-06-16 15:20:39","2026-06-16 15:33:09","2026-06-16 15:20:39","2026-06-16 15:20:39"
"22805","中 빈자리 노린 글로벌 CDMO…한국 바이오텍에 잇단 '러브콜'","각 기업은 인공지능(AI) 기반 신약 파이프라인과 대규모 위탁개발생산(CDMO) 역량을 내세워 다국적... SK바이오팜은 이번 행사에서 AI 기반 신약개발 전략을 전면에 내세운다. 회사는 지난해에 이어 2년 연속 단독...","빈자리 노린 글로벌 cdmo 한국 바이오텍에 잇단 러브콜","38761","","0","바이오","16","N","2026-06-16 15:20:39","2026-06-16 15:33:08","2026-06-16 15:20:39","2026-06-16 15:21:05"
"22806","한미약품, 美 ADA서 근육 증가형 비만후보 'HM500197' 공개","신약인 'LA-MSTN(HM500197)'을 처음 공개하며 글로벌 제약바이오 업계의 이목을 또다시 집중시켰다. 7일(현지시간) 미국 뉴올리언스에서 열린 미국당뇨병학회(ADA 2026) 발표 현장에는 한미약품의 근육 증가형 비만신약...","빅파마 빅딜로 주목받은 한미약품 ada서 화제 중심으로","40497","","0","바이오","11","N","2026-06-16 15:20:39","2026-06-16 15:43:36","2026-06-16 15:20:39","2026-06-16 15:43:23"
"22807","제약업계, AI 신약개발 경쟁 치열...'국책과제'와 연계되며 투자금 늘고...","","제약업계 ai 신약개발 경쟁 치열 국책과제 와 연계되며 투자금 늘고","38764","","0","바이오","6","N","2026-06-16 15:20:39","2026-06-16 15:43:24","2026-06-16 15:20:39",""
"22808","한미약품, 글로벌 학회서 근육증가 비만 신약으로 관심 집중","비만신약인 'LA-MSTN(HM500197)'을 처음 공개하며 글로벌 제약바이오 업계의 주목을 받았다고 16일 밝혔다.... 한미약품의 세계 최초 근육 증가 비만신약 'LA-UCN2(HM17321)'은 현재 미국 임상 1상 시험이 순항 중이다....","한미약품 글로벌 학회서 근육증가 비만 신약으로 관심 집중","38765","","0","바이오","13","N","2026-06-16 15:20:39","2026-06-16 15:43:23","2026-06-16 15:20:39","2026-06-16 15:41:27"
"22809","AWS, 2년 내 오류 보정 양자컴퓨터 상용화 추진…큐에라와 차세대 시스...","","aws 2년 내 오류 보정 양자컴퓨터 상용화 추진 큐에라와 차세대 시스","38768","","0","금융,바이오","3","N","2026-06-16 15:20:39","2026-06-16 15:33:08","2026-06-16 15:20:39",""
"22810","[단독] 서울대병원, BIO USA 첫 단독 부스…스타트업 '해외 진출 플랫폼...","최대 바이오산업 행사인 'BIO International Convention 2026(BIO USA)'에 단독 부스를 설치한다. 유망 바이오 스타트업을 지원하는 동시에, 디지털 헬스 연구 역량을 앞세워 글로벌 협력 네트워크를 확대하겠다는 목표다. 16일...","sk바이오팜 2026 bio usa 참가 글로벌 파트너링 확대","39292","","0","바이오,은","25","N","2026-06-16 15:20:39","2026-06-16 15:41:15","2026-06-16 15:20:39","2026-06-16 15:41:15"
"22811","사료·간식 넘어 치료제로...제약바이오 반려동물 의약품 속도전","HK이노엔, 반려견 아토피 신약 품목허가 신청 유한양행, 동물병원 전문 의약품 라인업 확대 ""반려동물... (사진=연합뉴스) 16일 제약·바이오 업계에 따르면 HK이노엔은 지난 1일 반려견 아토피 피부염 치료 신약 IN-115314...","사료 간식 넘어 치료제로 제약바이오 반려동물 의약품 속도전","38771","","0","바이오,사료,달러","9","N","2026-06-16 15:20:39","2026-06-16 15:33:15","2026-06-16 15:20:39","2026-06-16 15:33:15"
"22812","발작 환자 살릴 'K-신약', 한국은 출시 미정?…애타는 의사들 뿔났다","","발작 환자 살릴 k 신약 한국은 출시 미정 애타는 의사들 뿔났다","38773","","0","바이오","5","N","2026-06-16 15:20:39","2026-06-16 15:33:09","2026-06-16 15:20:39",""
"22813","[혁신형 제약기업 점검]④ JW중외제약, 재인증 변수 윤리심사","혁신형 제약기업은 신약 R&D 투자와 글로벌 진출 역량 등을 갖춘 기업에 정부가 부여하는 인증 지위다.... 신약 3상이 세운 명분 재인증 명분은 R&D 투자 실체에서 나타난다. 1분기 R&D비는 214억원으로 매출 대비 10.8%를...","혁신형 제약기업 점검 jw중외제약 재인증 변수 윤리심사","38775","","0","바이오,금융","7","N","2026-06-16 15:20:39","2026-06-16 15:41:12","2026-06-16 15:20:39","2026-06-16 15:41:12"
"22814","""탈모 시장 패러다임 바뀐다""...건강보험 훈풍, JW중외제약 '최대 수혜'...","이 대표는 또 ""아직 현장에는 희귀질환과 싸우는 환자가 많고, 그 치료에 쓰이는 신약 가격은 수천만 원대에 달하지만, 아직 급여화가 안 된 경우가 많다. 암으로 투병 중인 분들만 해도 고가 표적 항암제에 고생하는 분이...","이준석 대표 탈모 건강보험 비판","41093","","0","바이오,코스닥,항공","10","N","2026-06-16 15:20:39","2026-06-16 15:43:54","2026-06-16 15:20:39","2026-06-16 15:41:12"
"22815","[카드] 한미약품 ""건강한 체중감량"" 승부수…HM500197 첫선","","카드 한미약품 건강한 체중감량 승부수 hm500197 첫선","38779","","0","바이오","2","N","2026-06-16 15:20:39","2026-06-16 15:20:57","2026-06-16 15:20:39",""
"22816","수도권 '공약 재원조달' 어떻게?...오세훈 '개발이익'-박찬대 '기업유치...","이 재원은 바이오 차세대 신약(1872억원), 인공지능(AI) 혁신거점 도시 조성(2398억원), K-문학 컬처 콘텐츠(4240억원) 등 핵심 공약에 직접 연결됩니다. 그러나 이 계획은 하나금융 본사 이전 속도와 규모에 따라, 반도체...","수도권 공약 재원조달 어떻게 오세훈 개발이익 박찬대 기업유치","38782","","0","반도체,바이오,금융","2","N","2026-06-16 15:20:39","2026-06-16 15:20:57","2026-06-16 15:20:39",""
"22817","LG전자, 거치대 부피 40% 줄인 무선청소기 '컴팩트타워' 2종 출시","대표 모델인 'A7 코어+ 컴팩트타워'는 최대 220와트의 흡입력을 제공한다. 청소기 거치 시 자동으로 먼지를... 손창우 LG전자 리빙솔루션사업부장은 ""주거 공간과 라이프스타일에 대한 이해를 바탕으로 유선·무선...","lg전자 무선청소기 컴팩트타워 출시","40493","","0","은","7","N","2026-06-16 15:20:39","2026-06-16 15:33:08","2026-06-16 15:20:39","2026-06-16 15:33:07"
"22818","김해시, 첨단제조로봇 실증사업 5건 선정…전국 첫 ‘로봇 재제조’ 거...","첨단로봇 실증사업 성과…재제조 산업 선도 경남 김해시가 정부의 첨단제조로봇 실증사업 공모에서 경남지역 최다 선정 성과를 거두며 로봇 재제조 산업 거점도시로 입지를 강화하고 있다.김해시는 산업통상자원부와...","김해시 첨단제조로봇 실증사업 5개 과제 선정 도내 최다","40511","","0","","6","N","2026-06-16 15:20:39","2026-06-16 15:33:08","2026-06-16 15:20:39","2026-06-16 15:33:08"
"22819","화순전남대병원, 첨단 로봇수술 3천례 달성","화순전남대학교병원이 다빈치 로봇수술 누적 3000례를 달성했다. 16일 화순전남대병원에 따르면 지난 2009년... 화순전남대학교병원은 호남권 최초로 로봇수술 시스템을 도입해 다빈치 Xi와 SP를 활용한 정밀수술 체계를...","화순전남대학교병원 로봇수술 3천례 돌파","40501","","0","","3","N","2026-06-16 15:20:39","2026-06-16 15:33:08","2026-06-16 15:20:39","2026-06-16 15:33:08"
"22820","중부발전·KAIST, 피지컬 AI 구축 위해 '맞손'…산·학 연계 프로그램 가...","한국중부발전(사장 이영조)은 세계 최고 수준의 첨단 로봇 기술을 보유한 KAIST(총장 이광형)와 함께... 지향적인 로봇 교육과 로봇 전문가 기술 협력을 추진하기로 뜻을 모았다. 이번 프로그램은 최근 산업계의 핵심...","중부발전 kaist 피지컬 ai 구축 위해 맞손 산 학 연계 프로그램 가","38786","","0","기계","7","N","2026-06-16 15:20:39","2026-06-16 15:33:12","2026-06-16 15:20:39","2026-06-16 15:20:48"
"22821","대동금속, 고부가 정밀주조 수주 확대…올해 700억 목표 순항","대동그룹의 주물 소재·부품 전문기업 대동금속은 조선, 발전기, 산업기계, 반도체 장비 등 고부가 산업 분야로 수주 포트폴리오를 확대하고 있다고 16일 밝혔다. 올해 수주 목표액은 전년 대비 45% 증가한 700억원이다....","대동금속 고부가 정밀주조 수주 확대","40508","","0","반도체,기계,자동차","27","N","2026-06-16 15:20:39","2026-06-16 15:41:08","2026-06-16 15:20:39","2026-06-16 15:33:18"
"22822","폐암 제치고 남성암 1위 오른 전립선암… “PSA 국가검진 도입 필요”","대도시를 중심으로 전립선암 치료 대부분(90%안팎)이 로봇수술로 이뤄지는 가운데 소득수준에 따른 수술... 살펴보고, 로봇수술 및 약제 처방을 중심으로 치료 접근성의 차이를 분석했다는 점에서 의미가 있다""라면서...","전립선암 발생 이미 1위 psa 국가검진 도입 서둘러야","40285","","0","","5","N","2026-06-16 15:20:39","2026-06-16 15:43:49","2026-06-16 15:20:39","2026-06-16 15:33:02"
"22823","[LG CNS가 일하는 법] 로봇을 현장에 보내기 전 먼저 하는 일...'최대한 ...","로봇에게 가장 먼저 가르치는 것은 걷는 법이 아니다. 넘어지지 않는 법이다. 정확히는 어떤 바닥에서도, 어떤 충격에도, 예측하지 못한 상황에서도 스스로 버현티는 법이다. 이를 위해 이들이 택한 방법은 로봇을 실제...","lg cns가 일하는 법 로봇을 현장에 보내기 전 먼저 하는 일 최대한","38791","","0","","4","N","2026-06-16 15:20:39","2026-06-16 15:22:50","2026-06-16 15:20:39",""
"22824","'실의 여정: 손끝에서 로봇까지' 12만7천 명 발길…안산 섬유산업 역사...","안산산업역사박물관 기획전 '실의 여정: 손끝에서 로봇까지'를 찾은 관람객들이 전시장을 둘러보며... /안산시 안산시는 안산산업역사박물관에서 진행한 기획전 '실의 여정: 손끝에서 로봇까지'가 약 9개월간의 전시를...","실의 여정 손끝에서 로봇까지 12만7천 명 발길 안산 섬유산업 역사","38793","","0","","4","N","2026-06-16 15:20:39","2026-06-16 15:21:01","2026-06-16 15:20:39",""
"22825","LG전자 인도 시장서 '구독형 가전사업' 마케팅 핵심 전략으로 추진할듯","경쟁사인 삼성전자 역시 2024년 'AI 구독 클럽'을 출시해 단기간에 매장 가전 판매의 약 30%를 차지했고, 이후 스마트폰과 홈 로봇까지 구독 범위를 넓히고 있다. LG전자는 2024년 말 인도 일부 프리미엄 매장에서 소규모...","lg전자 인도 시장서 구독형 가전사업 마케팅 핵심 전략으로 추진할듯","38794","","0","","2","N","2026-06-16 15:20:39","2026-06-16 15:20:57","2026-06-16 15:20:39",""
"22826","[생보업계 소식] 흥국생명, 동양생명, 신한라이프케어, 교보라이프플래...","특히 암 CT·PET·MRI·초음파검사, 특정 NGS 유전자패널검사 등 검사 단계부터 암 다빈치로봇수술, 표적항암약물허가치료, 특정면역항암약물허가치료, 항암양성자방사선치료 등 고액 치료 영역까지 보장 범위를 확대했다....","생보업계 소식 흥국생명 동양생명 신한라이프케어 교보라이프플래","38795","","0","","3","N","2026-06-16 15:20:39","2026-06-16 15:41:19","2026-06-16 15:20:39",""
"22827","AI의 시 창작 능력에 관하여","최근 AI 컴퓨터나 AI 로봇, AI 팩토리 구축에 있어서 선두 주자인 '엔디비아'의 잰슨황이 홍대 앞에 나타났을 때 많은 젊은이들이 열광했던 이유가 있었다. 지금까지 자신들이 골치 아프게 생각했던 것들을 휴대폰 자판에 몇...","ai의 시 창작 능력에 관하여","38796","","0","","2","N","2026-06-16 15:20:39","2026-06-16 15:20:57","2026-06-16 15:20:39",""
"22828","""푸드로봇 도입, '인력 대체'보다 '위험 저감'에 초점 맞춰야""","푸드테크 산업이 빠르게 확산하는 가운데 푸드로봇 도입이 단순한 인력 대체가 아닌 작업 현장의 위험을... Exhibition)'에서 '푸드로봇 도입의 산업안전보건적 함의: 노동대체인가, 위험저감인가'를 주제로 발표하며...","푸드로봇 도입 인력 대체 보다 위험 저감 에 초점 맞춰야","38797","","0","","4","N","2026-06-16 15:20:39","2026-06-16 15:21:00","2026-06-16 15:20:39",""
"22829","동양생명, 통합치료 특약 선봬…진단금 넘어 치료 전 과정 보장","또한 다빈치 로봇수술과 표적항암약물치료, 특정면역항암약물치료, 항암 양성자방사선치료 등 고액 치료 영역도 보장한다. 치료 이후 통증완화치료와 재활치료까지 담아 후속 치료 단계의 경제적 부담도 줄일 수...","동양생명 통합치료 특약 선봬 진단금 넘어 치료 전 과정 보장","38798","","0","","3","N","2026-06-16 15:20:39","2026-06-16 15:41:19","2026-06-16 15:20:39",""
"22830","KAI, 美·이스라엘 스타트업과 초고해상도 위성 개발 협력","사진=KAI 제공  한국항공우주산업(KAI)이 이스라엘·미국 기반의 우주 항공 스타트업 '레몬도'와 초고해상도 위성 시장 진출을 본격화한다. KAI는 대전컨벤션센터에서 열린 '2026 국제우주컨퍼런스(ISS 2026)'에서 레몬도와...","kai 초고해상도 위성 개발 우주 스타트업 레몬도와 맞손","40512","","0","항공","11","N","2026-06-16 15:20:39","2026-06-16 15:33:12","2026-06-16 15:20:39","2026-06-16 15:33:08"
"22831","한미반도체 곽동신 회장, 사재로 80억 자사주 취득","","한미반도체 곽동신 회장 사재로 80억 자사주 취득","38800","","0","반도체,항공","7","N","2026-06-16 15:20:40","2026-06-16 15:33:08","2026-06-16 15:20:40","2026-06-16 15:20:40"
"22832","부산서 아일랜드까지… 신라대 항공정비학과, 첫 복수학위 합격생 배출","","부산서 아일랜드까지 신라대 항공정비학과 첫 복수학위 합격생 배출","38801","","0","항공","4","N","2026-06-16 15:20:40","2026-06-16 15:33:08","2026-06-16 15:20:40","2026-06-16 15:20:40"
"22833","경상국립대학교 대학원 과학기술정책학과, '2026 STP Planning & Doing STeP ...","","경상국립대학교 대학원 과학기술정책학과 2026 stp planning doing step","38802","","0","항공","4","N","2026-06-16 15:20:40","2026-06-16 15:33:09","2026-06-16 15:20:40",""
"22834","""우주 기술로 전력 안보 지킨다""… 한전, 공기업 최초 저궤도 위성통신...","","우주 기술로 전력 안보 지킨다 한전 공기업 최초 저궤도 위성통신","38805","","0","항공,통신","2","N","2026-06-16 15:20:40","2026-06-16 15:33:08","2026-06-16 15:20:40",""
"22835","공주대, 초내열합금 인코넬 기반 특수볼트 제조 기술 개발 추진","","공주대 초내열합금 인코넬 기반 특수볼트 제조 기술 개발 추진","38806","","0","항공","5","N","2026-06-16 15:20:40","2026-06-16 15:33:10","2026-06-16 15:20:40",""
"22836","[현장스케치] 여수에 모인 해상풍력 공급망, 73개 기업·기관, 102개 부스...","이날 행사에는 김강학 한국풍력산업협회장을 비롯해 민형배 전라남도지사 당선인, 서영학 여수시장 당선인, 위성곤 제주특별자치도지사 당선인, 서왕진·주철현·박지혜·민형배 국회의원, 오태석 우주항공청장 등이...","현장스케치 여수에 모인 해상풍력 산업 공급망 협력 글로벌 교류의","41191","","0","항공","4","N","2026-06-16 15:20:40","2026-06-16 15:43:58","2026-06-16 15:20:40","2026-06-16 15:41:16"
"22837","학생들이 만든 큐브 위성이 우주로…우주청, 경연대회 개최","우주항공청이 대학생과 대학원생이 직접 초소형 위성을 만들고 발사까지 경험하는 경연대회를 연다. 16일 우주청은 내일(17일)부터 7월 10일까지 '제7회 초소형 위성 경연대회' 참가 신청을 받는다고 밝혔다. 초소형...","학생들이 만든 큐브 위성이 우주로 우주청 경연대회 개최","38808","","0","항공,코스닥","6","N","2026-06-16 15:20:40","2026-06-16 15:33:08","2026-06-16 15:20:40","2026-06-16 15:30:56"
"22838","“철보다 가볍고 강하다”…순천서 탄생한 신알루미늄, 방산·우주항공...","","철보다 가볍고 강하다 순천서 탄생한 신알루미늄 방산 우주항공","38809","","0","방산,항공","6","N","2026-06-16 15:20:40","2026-06-16 15:33:10","2026-06-16 15:20:40",""
"22839","손훈모 순천시장 당선인, 인수위 가동…내달 민선9기 출범","","손훈모 순천시장 당선인 인수위 가동 내달 민선9기 출범","38810","","0","항공","1","N","2026-06-16 15:20:40","2026-06-16 15:20:40","2026-06-16 15:20:40",""
"22840","재료연-과학기술연, 'KIST-KIMS 공동워크샵' 개최","KIST는 우리나라 최초의 종합 과학기술연구기관으로서 반도체, 인공지능, 로보틱스, 차세대 에너지, 첨단소재 등 다양한 분야에서 국가 과학기술 혁신을 선도해 왔다. KIMS는 금속, 세라믹, 복합재료 등 소재 원천기술과...","재료연 과기원 첨단소재 전략기술 공조","40475","","0","반도체,바이오,항공","7","N","2026-06-16 15:20:40","2026-06-16 15:33:12","2026-06-16 15:20:40","2026-06-16 15:33:07"
"22841","켄코아에어로스페이스·와이제이링크 주목…스페이스X 관련주 엇갈린 흐...","","켄코아에어로스페이스 와이제이링크 주목 스페이스x 관련주 엇갈린 흐","38812","","0","항공","1","N","2026-06-16 15:20:40","2026-06-16 15:20:40","2026-06-16 15:20:40",""
"22842","사천시, 제15회 구암제 개최… 학생부 신설로 세대 확장","","사천시 제15회 구암제 개최 학생부 신설로 세대 확장","38813","","0","항공","1","N","2026-06-16 15:20:40","2026-06-16 15:20:40","2026-06-16 15:20:40",""
"22843","'페라리급' 기업 민원 해결…李대통령·멜로니 총리 '찰떡호흡'","","페라리급 기업 민원 해결 대통령 멜로니 총리 찰떡호흡","38814","","0","항공","1","N","2026-06-16 15:20:40","2026-06-16 15:20:40","2026-06-16 15:20:40",""
"22844","경북교육청, STEAM+ 클럽 확대 운영...융합인재 키운다","","경북교육청 steam 클럽 확대 운영 융합인재 키운다","38815","","0","바이오,항공","1","N","2026-06-16 15:20:40","2026-06-16 15:20:40","2026-06-16 15:20:40",""
"22845","경남TP, 밀양 우주천문대서 우주 체험 프로그램 운영","경남 홍보 캐릭터 '벼리'를 활용해 우주항공 분야를 체험할 수 있도록 기획됐다. 프로그램은 천문학자·과학해설사 등 천문 분야 직업군 소개를 시작으로 태양 관측 장비(Sunspotter)를 활용한 태양 관측 실습, 외계 행성...","경남tp 밀양 우주천문대서 우주 체험 프로그램 운영","38816","","0","항공","1","N","2026-06-16 15:20:40","2026-06-16 15:20:40","2026-06-16 15:20:40",""
"22846","SWM.AI, 교통약자 이동성 개선 자율주행 실증 협력","","swm ai 교통약자 이동성 개선 자율주행 실증 협력","38817","","0","","2","N","2026-06-16 15:20:40","2026-06-16 15:33:08","2026-06-16 15:20:40",""
"22847","전주시, '대한민국 AI 표준도시' 선언…도시 전반에 인공지능 접목","","전주시 대한민국 ai 표준도시 선언 도시 전반에 인공지능 접목","38818","","0","","2","N","2026-06-16 15:20:40","2026-06-16 15:33:08","2026-06-16 15:20:40",""
"22848","삼천리, 혁신 스타트업과 동행…에스투게더 공모전 개최","삼천리는 유망 스타트업을 발굴·육성하기 위해 투자연계형 스타트업 발굴 콘테스트인 'S-Together(에스투게더)'를 개최한다고 16일 밝혔다. 올해로 3회째를 맞이한 'S-Together'는 삼천리의 사업 경험·노하우와 스타트업의...","삼천리 에스투게더 공모전 개최 유망 스타트업 발굴","41345","","0","","7","N","2026-06-16 15:20:40","2026-06-16 15:43:52","2026-06-16 15:20:40","2026-06-16 15:43:52"
"22849","삼천리, 스타트업 발굴 콘테스트 ‘S-Together’ 공모 개시","태양광, 수소, 연료전지, ESS, VPP, 재활용, CCUS, RE100, 자율주행, 충전기술, MaaS 등 다양한 분야가 포함되며, 특히 AI와 로봇 등 딥테크 기반의 혁신 솔루션을 보유한 스타트업에 주목할 예정이다. 지원 자격은 시드...","삼천리 스타트업 발굴 콘테스트 s together 공모 개시","38820","","0","2차전지","18","N","2026-06-16 15:20:40","2026-06-16 15:43:52","2026-06-16 15:20:40","2026-06-16 15:43:52"
"22850","LIG D&A, 독일 거점 앞세워 유럽 방공시장 공략 … 라인메탈과 합작법인...","올해는 ▲태양광·수소·연료전지·ESS(에너지 저장장치)·VPP(가상 발전소) 등 신에너지 ▲재활용·에너지 효율화·CCUS(이산화탄소 포집·활용·저장), RE100 등 친환경 ▲자율주행·충전기술·MaaS(모빌리티 서비스화) 등...","중화학 on lig d a 라인메탈과 합작법인 설립 추진","38946","","0","화학,방산","7","N","2026-06-16 15:20:40","2026-06-16 15:43:52","2026-06-16 15:20:40","2026-06-16 15:20:43"
"22851","HD현대, KCC·타스글로벌과 선체 관리 통합 솔루션 추진","","hd현대 kcc 타스글로벌과 선체 관리 통합 솔루션 추진","38823","","0","","3","N","2026-06-16 15:20:40","2026-06-16 15:33:08","2026-06-16 15:20:40",""
"22852","[부동산 톺아보기] 장기수 천안시장 당선인 부동산 관련 공약 外 (6/16 방...","","부동산 톺아보기 장기수 천안시장 당선인 부동산 관련 공약 6 16 방","38824","","0","","3","N","2026-06-16 15:20:40","2026-06-16 15:43:47","2026-06-16 15:20:40",""
"22853","[더밸류 브리핑] 오늘의 KB자산운용 소식...피지컬AI ETF·목표전환 펀드","16일 기준 주요 편입 종목은 현대차(23.80%), 현대모비스(16.13%), LG이노텍(14.95%), 기아(12.11%), 현대오토에버(8.64%), 레인보우로보틱스(6.71%), LG씨엔에스(4.93%), 두산로보틱스(3.42%), 로보티즈(2.55%), ...","더밸류 브리핑 오늘의 kb자산운용 소식 피지컬ai etf 목표전환 펀드","38825","","0","자동차,은","9","N","2026-06-16 15:20:40","2026-06-16 15:33:16","2026-06-16 15:20:40","2026-06-16 15:22:54"
"22854","'물류 양강' 현대·LX, 스마트 물류 시장 '상반된 승부수'","","물류 양강 현대 lx 스마트 물류 시장 상반된 승부수","38827","","0","","3","N","2026-06-16 15:20:40","2026-06-16 15:33:08","2026-06-16 15:20:40",""
"22855","국립 공주대, 과학기술정보통신부 ICT 이노베이션 스퀘어 확산사업 운영","","국립 공주대 과학기술정보통신부 ict 이노베이션 스퀘어 확산사업 운영","38828","","0","","1","N","2026-06-16 15:20:40","2026-06-16 15:20:40","2026-06-16 15:20:40",""
"22856","BWM코리아미래재단, 호남 초등생 대상 '분교초청데이' 성료","실험실 프로그램에는 전기자동차, 수소자동차, 자율주행, 제동장치 등 미래 모빌리티 기술을 반영한 체험 장치가 마련됐다. 학생들은 7가지 체험 시설을 통해 자동차 기술과 과학 원리를 직접 확인했다....","bwm코리아미래재단 호남 초등생 대상 분교초청데이 성료","38830","","0","자동차","1","N","2026-06-16 15:20:40","2026-06-16 15:20:40","2026-06-16 15:20:40",""
"22857","대동·대동모빌리티, '2026 레드닷 디자인 어워드' 동반 수상","실제 프로토타입으로도 개발돼 있는 이 플랫폼은 자율주행 기능과 함께 작물의 높이·재배 간격에 따라 차폭을 가변 제어하는 기능, 전동화 휠 구동 기능을 갖추고 있으며, 실용성과 디자인 완성도를 고르게 갖춘...","대동 대동모빌리티 2026 레드닷 디자인 어워드 동반 수상","38833","","0","","2","N","2026-06-16 15:20:40","2026-06-16 15:33:18","2026-06-16 15:20:40",""
"22858","TS, 교통안전 혁신 워크숍 개최…현장 경험과 전문가 의견 결합","최근 자율주행과 친환경차 확산, 플랫폼 운송 서비스 확대 등 교통 환경이 빠르게 변화하면서 교통안전 정책 역시 새로운 위험요인에 대응할 수 있는 혁신이 요구되고 있다. 이에 따라 현장과 전문가 의견을 정책에...","ts 교통안전 혁신 워크숍 개최 현장 경험과 전문가 의견 결합","38834","","0","","1","N","2026-06-16 15:20:40","2026-06-16 15:20:40","2026-06-16 15:20:40",""
"22859","“전력수요 예측, 복수 전망치 설계를”","","전력수요 예측 복수 전망치 설계를","38835","","0","","2","N","2026-06-16 15:20:40","2026-06-16 15:33:09","2026-06-16 15:20:40",""
"22860","세계 시총 1위 엔비디아도 38조원 규모 회사채 발행","","세계 시총 1위 엔비디아도 38조원 규모 회사채 발행","38836","","0","","1","N","2026-06-16 15:20:40","2026-06-16 15:20:40","2026-06-16 15:20:40",""
"22861","韓 법인 앞둔 앤스로픽, 네이버와 기술 교류","","법인 앞둔 앤스로픽 네이버와 기술 교류","38837","","0","","3","N","2026-06-16 15:20:40","2026-06-16 15:21:00","2026-06-16 15:20:40",""
"22862","AI 품은 옵저버빌러티, 데이터 수집 경쟁에서 해석 경쟁으로","","ai 품은 옵저버빌러티 데이터 수집 경쟁에서 해석 경쟁으로","38838","","0","IT","3","N","2026-06-16 15:20:40","2026-06-16 15:20:58","2026-06-16 15:20:40",""
"22863","가온전선, 美 공장 생산 설비 확대…AI 데이터센터 수요 대응","가온전선 미국 생산 법인 LSCUS 전경(사진:가온전선) 가온전선(대표 정현)이 미국 AI 데이터센터 시장 확대에 대응하기 위해 현지 생산능력 확대에 나선다. 가온전선은 미국 생산법인 LSCUS가 5000만달러(약 760억원)를...","가온전선 미국 법인 ai dc용 전력 케이블 생산능력 2배 확대","40520","","0","달러","21","N","2026-06-16 15:20:40","2026-06-16 15:33:18","2026-06-16 15:20:40","2026-06-16 15:33:18"
"22864","도레이첨단소재㈜, 메타 아라미드 2호기 증설 준공식 개최","AI와 데이터센터 시장 성장에 따라 전력설비의 안정성과 효율성이 중요해지면서, 고내열·고절연 특성의 메타 아라미드 역할이 확대되고 있다. 올해 도레이첨단소재는 독일 '테크텍스틸(Techtextil) 2026', 미국 'IEEE PES T&D...","도레이첨단소재 연산 3천t 규모 메타 아라미드 능력 추가 연간 총 540","41038","","0","방산,철강,반도체","18","N","2026-06-16 15:20:40","2026-06-16 15:41:10","2026-06-16 15:20:40","2026-06-16 15:41:10"
"22865","STT GDC, 국내 첫 데이터센터 'STT 서울 1' 개소","STT 서울 1 전경  글로벌 데이터센터 전문기업 STT GDC가 국내 첫 데이터센터를 개소하고 한국 시장 공략을 본격화한다. STT GDC는 국내 첫 데이터센터 'STT Seoul 1'을 개관했다고 16일 밝혔다. STT 서울 1은 2021년 STT GDC와...","stt gdc 국내 첫 데이터센터 stt 서울 1 개소","38841","","0","유가","7","N","2026-06-16 15:20:40","2026-06-16 15:43:53","2026-06-16 15:20:40","2026-06-16 15:43:53"
"22866","김한종 장성군수 “군민 삶으로 성과 증명하겠다”..민선9기 정책회의 ...","","김한종 장성군수 군민 삶으로 성과 증명하겠다 민선9기 정책회의","38842","","0","","1","N","2026-06-16 15:20:40","2026-06-16 15:20:40","2026-06-16 15:20:40",""
"22867","경북도, 첨단소재 산업 경쟁력 강화…도레이첨단소재 2호기 준공","도레이첨단소재가 인공지능(AI), 데이터센터, 방위산업, 전력 인프라 등 글로벌 첨단산업 분야의 핵심 소재 수요 급증에 발맞춰 메타 아라미드(Meta-Aramid) 섬유 생산 능력을 대폭 확충하며 글로벌 소재 공급망 중심 기업으로...","도레이첨단소재 구미 메타 아라미드 2호기 준공 글로벌 첨단소재 시","40524","","0","","16","N","2026-06-16 15:20:40","2026-06-16 15:41:10","2026-06-16 15:20:40","2026-06-16 15:33:09"
"22868","삼성전자 DX, 체질 개선 시동 AX서 해법 모색…원가 절감 '골머리'","","삼성전자 dx 체질 개선 시동 ax서 해법 모색 원가 절감 골머리","38846","","0","","1","N","2026-06-16 15:20:40","2026-06-16 15:20:40","2026-06-16 15:20:40",""
"22869","에이피알, 글로벌 헤어케어 시장서 기능성 제품 경쟁력 강화","","에이피알 글로벌 헤어케어 시장서 기능성 제품 경쟁력 강화","38848","","0","바이오,화장품","10","N","2026-06-16 15:20:40","2026-06-16 15:33:09","2026-06-16 15:20:40","2026-06-16 15:20:41"
"22870","이준석 “탈모가 생존의 문제? 건강보험, 정치인 하사품 아냐”","","이준석 탈모가 생존의 문제 건강보험 정치인 하사품 아냐","38850","","0","","2","N","2026-06-16 15:20:41","2026-06-16 15:33:09","2026-06-16 15:20:41",""
"22871","“공기청정기 디자인 침해”…코웨이, 청호나이스에 소송 제기","","공기청정기 디자인 침해 코웨이 청호나이스에 소송 제기","38853","","0","","7","N","2026-06-16 15:20:41","2026-06-16 15:33:09","2026-06-16 15:20:41","2026-06-16 15:20:41"
"22872","씰리침대, 부산서 팝업스토어 '하이엔드 슬립' 운영","","씰리침대 부산서 팝업스토어 하이엔드 슬립 운영","38855","","0","","2","N","2026-06-16 15:20:41","2026-06-16 15:33:09","2026-06-16 15:20:41",""
"22873","이노벨텍, '연어 정소 유래 고순도 PDRN 추출 기술' 중국 특허 등록 결정","","이노벨텍 연어 정소 유래 고순도 pdrn 추출 기술 중국 특허 등록 결정","38856","","0","","2","N","2026-06-16 15:20:41","2026-06-16 15:33:09","2026-06-16 15:20:41",""
"22874","""특허 정정 절차마다 사용 권리자 전원 동의 받았던 과도한 규제 개선""","","특허 정정 절차마다 사용 권리자 전원 동의 받았던 과도한 규제 개선","38857","","0","","2","N","2026-06-16 15:20:41","2026-06-16 15:33:09","2026-06-16 15:20:41",""
"22875","달성군, '사색비슬' 특허 등록…농업의 6차산업화 성공모델로 주목","","달성군 사색비슬 특허 등록 농업의 6차산업화 성공모델로 주목","38858","","0","사료","2","N","2026-06-16 15:20:41","2026-06-16 15:33:09","2026-06-16 15:20:41",""
"22876","지식재산처, 한일 상표전문가회의서 AI 심사 모델 및 상표법 현안 논의","","지식재산처 한일 상표전문가회의서 ai 심사 모델 및 상표법 현안 논의","38859","","0","","2","N","2026-06-16 15:20:41","2026-06-16 15:33:09","2026-06-16 15:20:41",""
"22877","정은경 ""탈모치료 건보 적용 추진"" vs 중증환자들 ""포퓰리즘""","","정은경 탈모치료 건보 적용 추진 vs 중증환자들 포퓰리즘","38861","","0","","2","N","2026-06-16 15:20:41","2026-06-16 15:33:09","2026-06-16 15:20:41",""
"22878","'S자'로 접는다… 화웨이 신개념 3단 폴더블폰 특허 출원","","s자 로 접는다 화웨이 신개념 3단 폴더블폰 특허 출원","38863","","0","","2","N","2026-06-16 15:20:41","2026-06-16 15:33:09","2026-06-16 15:20:41",""
"22879","금리·대출 규제 부담 커지자…분양시장, '중도금 무이자' 조건 확산","현대건설의 층간소음 저감 특허 기술인 'H 사일런트 홈 시스템'을 전 가구에 적용(팬트리∙드레스룸 등 기타 공간 일부 제외)했으며, 2.4m의 천장고와 거실 유리 난간(안방 제외)을 통해 개방감을 높였다. 금강주택은 6월...","대출 규제 금리 부담 속 금융비용 줄이는 중도금 무이자 주목","40948","","0","금융,금리,건설","10","N","2026-06-16 15:20:41","2026-06-16 15:41:06","2026-06-16 15:20:41","2026-06-16 15:41:06"
"22880","디자인 TF 첫 칼날... 코웨이, '노블' 디자인 무단 사용에 법적 엄정 대...","","디자인 tf 첫 칼날 코웨이 노블 디자인 무단 사용에 법적 엄정 대","38865","","0","","2","N","2026-06-16 15:20:41","2026-06-16 15:33:09","2026-06-16 15:20:41",""
"22881","삼성에피스홀딩스, 지주사 할인에 저평가…신제품·ADC로 재평가 기대","","삼성에피스홀딩스 지주사 할인에 저평가 신제품 adc로 재평가 기대","38866","","0","환율,달러,바이오","1","N","2026-06-16 15:20:41","2026-06-16 15:20:41","2026-06-16 15:20:41",""
"22882","코트라, 딥테크 10사 캐나다 비즈니스 상담회 개최","이 교육은 자사의 신기술이 시장에서 통하는지 검증하는 기술 실증(PoC) 준비, 해외 투자유치 발표(IR) 기법, 특허권 보호 전략 등 철저히 실전에 맞춰 구성됐다.사전 교육으로 역량을 다진 참가기업들은 6월 16일과 17일...","코트라 딥테크 10사 캐나다 비즈니스 상담회 개최","38868","","0","","4","N","2026-06-16 15:20:41","2026-06-16 15:33:10","2026-06-16 15:20:41",""
"22883","조선이공대, 산학협력 강화로 실무형 인재 양성 나선다","","조선이공대 산학협력 강화로 실무형 인재 양성 나선다","38869","","0","반도체","12","N","2026-06-16 15:20:41","2026-06-16 15:33:11","2026-06-16 15:20:41",""
"22884","장상익 한국성장금융투자운용 대표 ""회수시장 활성화 등 꾸준히 노력""[...","","장상익 한국성장금융투자운용 대표 회수시장 활성화 등 꾸준히 노력","38870","","0","반도체","3","N","2026-06-16 15:20:41","2026-06-16 15:20:57","2026-06-16 15:20:41",""
"22885","[건강 칼럼] 볼륨부터 탄력 함께 고려하는 안티에이징 선택...힐로웨이...","","건강 칼럼 볼륨부터 탄력 함께 고려하는 안티에이징 선택 힐로웨이","38876","","0","바이오","3","N","2026-06-16 15:20:41","2026-06-16 15:33:09","2026-06-16 15:20:41",""
"22886","시지메드텍, 코오롱제약 첫 고객사 확보…인체조직 CDMO 본격화","유현승 시지메드텍 대표(왼쪽)와 전승호 코오롱제약 대표. 컨슈머타임스=정용규 기자 | 시지메드텍이 코오롱제약을 첫 고객사로 확보하며 hECM(Human Extracellular Matrix) 기반 인체조직 제품 CDMO(Contract Development and...","시지메드텍 코오롱제약 첫 고객사 확보 인체조직 cdmo 본격화","38877","","0","바이오","11","N","2026-06-16 15:20:41","2026-06-16 15:43:24","2026-06-16 15:20:41","2026-06-16 15:43:24"
"22887","경북, 글로벌 진출부터 독도 교육·미래인재 육성까지…산업·교육 현장...","","경북 글로벌 진출부터 독도 교육 미래인재 육성까지 산업 교육 현장","38878","","0","바이오","5","N","2026-06-16 15:20:41","2026-06-16 15:33:09","2026-06-16 15:20:41",""
"22888","안동 공약관리·영주 산불방지·예천 문화장날 등 경북 북부권 주요 현...","","안동 공약관리 영주 산불방지 예천 문화장날 등 경북 북부권 주요 현","38879","","0","바이오","2","N","2026-06-16 15:20:41","2026-06-16 15:20:57","2026-06-16 15:20:41",""
"22889","[지금, 대학가는] 동국대 BMC창업보육센터, '2026년 창업보육센터 운영평...","동국대 BMC창업보육센터는 바이오·메디컬 분야 특화 창업보육센터로, 기술 기반 창업기업이 성장 단계별로... 2026년 중소벤처기업부 '특화역량 창업보육센터 지원사업' BI특화형에 선정되며 바이오·메디컬 특화...","에듀플러스 동국대 bmc창업보육센터 2026년 창업보육센터 운영평가","40538","","0","바이오","3","N","2026-06-16 15:20:41","2026-06-16 15:33:09","2026-06-16 15:20:41","2026-06-16 15:33:09"
"22890","순천향대, AI·바이오 실무형 융합 인재양성 성과 공유","","순천향대 ai 바이오 실무형 융합 인재양성 성과 공유","38881","","0","바이오","2","N","2026-06-16 15:20:41","2026-06-16 15:20:57","2026-06-16 15:20:41",""
"22891","미생물실증지원센터, '첨단연구소' 출범…바이오의약품 R&D 역량 강화","","미생물실증지원센터 첨단연구소 출범 바이오의약품 r d 역량 강화","38882","","0","바이오","2","N","2026-06-16 15:20:41","2026-06-16 15:20:57","2026-06-16 15:20:41",""
"22892","기보, 전북센터와 업무협약…유망 창업기업 발굴·투자 나선다","","기보 전북센터와 업무협약 유망 창업기업 발굴 투자 나선다","38883","","0","바이오","2","N","2026-06-16 15:20:41","2026-06-16 15:20:57","2026-06-16 15:20:41",""
"22893","㈜뷰티플럭스·㈜어텐션모먼츠, 웰니스 바디케어 개발 위한 전략적 업무...","","뷰티플럭스 어텐션모먼츠 웰니스 바디케어 개발 위한 전략적 업무","38884","","0","바이오","2","N","2026-06-16 15:20:41","2026-06-16 15:20:57","2026-06-16 15:20:41",""
"22894","국립청소년바이오생명센터, 고위기 청소년 대상 '내일그리기 캠프' 운영","","국립청소년바이오생명센터 고위기 청소년 대상 내일그리기 캠프 운영","38885","","0","바이오","2","N","2026-06-16 15:20:41","2026-06-16 15:20:57","2026-06-16 15:20:41",""
"22895","[인사] 한국보건산업진흥원","","인사 한국보건산업진흥원","38886","","0","바이오","2","N","2026-06-16 15:20:41","2026-06-16 15:20:57","2026-06-16 15:20:41",""
"22896","기술보증기금, 전북창조경제혁신센터와 혁신성장 스타트업 육성 협약 체...","","기술보증기금 전북창조경제혁신센터와 혁신성장 스타트업 육성 협약 체","38887","","0","바이오","2","N","2026-06-16 15:20:41","2026-06-16 15:20:57","2026-06-16 15:20:41",""
"22897","안동시, 민선 9기 '10대 분야 100대 공약' 실천전략 마련","","안동시 민선 9기 10대 분야 100대 공약 실천전략 마련","38888","","0","바이오","2","N","2026-06-16 15:20:41","2026-06-16 15:20:57","2026-06-16 15:20:41",""
"22898","사회공헌만으론 부족하다…K제약바이오, 'ESG 경영' 고도화","동아쏘시오그룹은 지주사인 동아쏘시오홀딩스를 필두로 동아제약, 동아ST 등 전 계열사에 전문적인 ESG 성과 지표를 부여하고 이를 통합 관리하는 방식을 취하고 있다.올해 보고서의 경우 기존에 포함돼 있지 않던 동아ST...","사회공헌만으론 부족하다 k제약바이오 esg 경영 고도화","38889","","0","바이오","4","N","2026-06-16 15:20:41","2026-06-16 15:43:59","2026-06-16 15:20:41","2026-06-16 15:33:19"
"22899","우석대 전주캠퍼스, 캡스톤디자인 경진대회 시상식","","우석대 전주캠퍼스 캡스톤디자인 경진대회 시상식","38890","","0","바이오","2","N","2026-06-16 15:20:41","2026-06-16 15:20:57","2026-06-16 15:20:41",""
"22900","[2026 함께하는 미래내일일경험] 알피바이오 “경계선청년 참여자들의 ...","","2026 함께하는 미래내일일경험 알피바이오 경계선청년 참여자들의","38891","","0","바이오","5","N","2026-06-16 15:20:41","2026-06-16 15:33:12","2026-06-16 15:20:41",""
"22901","[지배구조 리포트] 셀트리온 주주환원 '최상위'…과제는 이사회 독립성","실제 회사는 제약바이오기업 가운데 주주들의 권익 보호와 책임 경영 등의 청사진을 속도감 있게 추진하는... 이에 따른 발행주식총수 기준 약 8.4% 수준이며 이는 국내 제약바이오업계 가운데 최대 수준의 주주환원...","지배구조 리포트 셀트리온 주주환원 최상위 과제는 이사회 독립성","38892","","0","바이오","2","N","2026-06-16 15:20:41","2026-06-16 15:20:57","2026-06-16 15:20:41",""
"22902","파인엠텍, 파인디앤씨 공개매수…CB 오버행 선제 차단","파인엠텍(441270)이 코스닥 상장사 파인디앤씨(049120)의 지분 5.66%에 대해 공개매수를 실시한다. 대주주로... 15일 투자은행(IB) 업계에 따르면 파인엠텍은 16일부터 8월 14일까지 60일 간 파인디앤씨 보통주 60만주를...","파인엠텍 파인디앤씨 공개매수 cb 오버행 선제 차단","38893","","0","2차전지,은,코스닥","11","N","2026-06-16 15:20:42","2026-06-16 15:33:09","2026-06-16 15:20:42","2026-06-16 15:21:08"
"22903","효성중공업·엘앤에프 강세…전력설비주, 전력 인프라 투자 기대감 부각","","효성중공업 엘앤에프 강세 전력설비주 전력 인프라 투자 기대감 부각","38894","","0","2차전지","4","N","2026-06-16 15:20:42","2026-06-16 15:43:53","2026-06-16 15:20:42",""
"22904","KB자산운용 ‘RISE 현대차고정피지컬AI ETF’, 상장 한 달 만에 순자산 ...","","kb자산운용 rise 현대차고정피지컬ai etf 상장 한 달 만에 순자산","38895","","0","2차전지","5","N","2026-06-16 15:20:42","2026-06-16 15:33:16","2026-06-16 15:20:42",""
"22905","단순 중개상 넘어 '자원 디벨로퍼'로… 포스코인터내셔널의 화려한 변신","","단순 중개상 넘어 자원 디벨로퍼 로 포스코인터내셔널의 화려한 변신","38896","","0","2차전지","7","N","2026-06-16 15:20:42","2026-06-16 15:43:51","2026-06-16 15:20:42",""
"22906","""화성 기술을 실험실에서?""…목포대 학부생, 2차전지 '잭팟'","","화성 기술을 실험실에서 목포대 학부생 2차전지 잭팟","38897","","0","2차전지","3","N","2026-06-16 15:20:42","2026-06-16 15:33:09","2026-06-16 15:20:42",""
"22907","'충북 세일즈맨 자처한 신용한'…총리 만나 공항·공공기관 이전 지원 ...","","충북 세일즈맨 자처한 신용한 총리 만나 공항 공공기관 이전 지원","38898","","0","2차전지","3","N","2026-06-16 15:20:42","2026-06-16 15:33:09","2026-06-16 15:20:42",""
"22908","수입물가 두달 연속 하락, 유가 하락세 영향 0.3% ↓","","수입물가 두달 연속 하락 유가 하락세 영향 0 3","38899","","0","2차전지","3","N","2026-06-16 15:20:42","2026-06-16 15:33:09","2026-06-16 15:20:42",""
"22909","코스피 하반기에 1만 간다…변곡점은 8월말","","코스피 하반기에 1만 간다 변곡점은 8월말","38900","","0","2차전지","4","N","2026-06-16 15:20:42","2026-06-16 15:43:33","2026-06-16 15:20:42",""
"22910","日 금리인상에도 외인 순매수 확대… 코스피 8730선 돌파 [장중시황]","","금리인상에도 외인 순매수 확대 코스피 8730선 돌파 장중시황","38902","","0","2차전지","7","N","2026-06-16 15:20:42","2026-06-16 15:41:27","2026-06-16 15:20:42",""
"22911","LG엔솔 등 2차전지주 '장중 뚝'...회복 시그널은?","","lg엔솔 등 2차전지주 장중 뚝 회복 시그널은","38903","","0","2차전지","6","N","2026-06-16 15:20:42","2026-06-16 15:43:57","2026-06-16 15:20:42",""
"22912","""의학 상식 깨는 이기혁의 집중력""…멘털 코치도 두 손 든 '미친 존재감...","","의학 상식 깨는 이기혁의 집중력 멘털 코치도 두 손 든 미친 존재감","38904","","0","2차전지","3","N","2026-06-16 15:20:42","2026-06-16 15:33:09","2026-06-16 15:20:42",""
"22913","AI 투자 수요에 5월 수출물가 0.3%↑…11개월째 상승","","ai 투자 수요에 5월 수출물가 0 3 11개월째 상승","38905","","0","2차전지","21","N","2026-06-16 15:20:42","2026-06-16 15:33:09","2026-06-16 15:20:42","2026-06-16 15:20:42"
"22914","전고체 배터리 기대감 지속…2차전지 관련주 차별화 장세","","전고체 배터리 기대감 지속 2차전지 관련주 차별화 장세","38906","","0","2차전지","4","N","2026-06-16 15:20:42","2026-06-16 15:33:09","2026-06-16 15:20:42",""
"22915","[개장 시황] 코스피, 반도체 훈풍 속 1.76% 오른 8696.55 개장...환율은 ...","","개장 시황 코스피 반도체 훈풍 속 1 76 오른 8696 55 개장 환율은","38910","","0","2차전지","3","N","2026-06-16 15:20:42","2026-06-16 15:33:09","2026-06-16 15:20:42",""
"22916","중국 배터리업체 상반기 순이익 2배 폭증","증가하고 있으며, 전기차 수출 확대와 내수 시장의 차량당 배터리 탑재량 증가가 맞물리면서 배터리 수요가 고성장을 유지하고 있다""고 분석했다. 중국의 2차전지 업체인 EVE에너지의 기업 이미지 [사진=바이두 캡처]","중국 배터리업체 상반기 순이익 2배 폭증","38915","","0","2차전지","2","N","2026-06-16 15:20:42","2026-06-16 15:20:58","2026-06-16 15:20:42",""
"22917","‘찜통더위’ 타이어 공기압 적정 수치 얼마?[웰빙카]","","찜통더위 타이어 공기압 적정 수치 얼마 웰빙카","38916","","0","자동차","2","N","2026-06-16 15:20:42","2026-06-16 15:20:58","2026-06-16 15:20:42",""
"22918","전후 복구 수요에 공급 제한…K화학 '슈퍼사이클' 다시 올까","","전후 복구 수요에 공급 제한 k화학 슈퍼사이클 다시 올까","38917","","0","자동차","8","N","2026-06-16 15:20:42","2026-06-16 15:43:53","2026-06-16 15:20:42",""
"22919","현대스틸산업, 15MW급 초대형 해상풍력 전용기지 구축","","현대스틸산업 15mw급 초대형 해상풍력 전용기지 구축","38918","","0","자동차","8","N","2026-06-16 15:20:42","2026-06-16 15:41:17","2026-06-16 15:20:42","2026-06-16 15:20:42"
"22920","영양군, 제1기분 자동차세 7억7천만원 부과…납부기한 7월 3일까지 연장","대구 수성구가 2026년 제1기분 자동차세 14만 건, 220억 원을 부과했다. 과세 대상은 6월 1일 기준 수성구에 등록된 자동차와 125cc 초과 이륜차, 건설기계 소유자다. 과세기간은 올해 1월 1일부터 6월 30일까지이며...","경산시 제1기분 자동차세 129억 원 부과 7월 3일까지 납부","40540","","0","자동차","17","N","2026-06-16 15:20:42","2026-06-16 15:33:12","2026-06-16 15:20:42","2026-06-16 15:33:09"
"22921","LG유플러스, 토요타와 함께 '토요타 커넥트' 고도화...""차량 내 TV 시청부...","","lg유플러스 토요타와 함께 토요타 커넥트 고도화 차량 내 tv 시청부","38921","","0","자동차","7","N","2026-06-16 15:20:42","2026-06-16 15:33:11","2026-06-16 15:20:42",""
"22922","공연으로 모은 온정, 취약계층 아동·청소년 위해 전달","","공연으로 모은 온정 취약계층 아동 청소년 위해 전달","38922","","0","자동차","2","N","2026-06-16 15:20:42","2026-06-16 15:20:58","2026-06-16 15:20:42",""
"22923","완성차 패권 가를 SDV…토요타, 차세대 SW 탑재한 'RAV4'로 시동","콘야마 사장은 ""인프라, 에너지 사정, 고객의 라이프스타일, 자동차 사용 방법 등을 고려해 다양한 선택지를 제공하는 멀티 패스웨이 전략을 구사해 왔다""며 ""이런 라브4의 특징을 생각했을 때 HEV, PHEV라는...","완성차 패권 가를 sdv 토요타 차세대 sw 탑재한 rav4 로 시동","38924","","0","자동차","2","N","2026-06-16 15:20:42","2026-06-16 15:20:58","2026-06-16 15:20:42",""
"22924","""비생산 하청노조도 교섭 대상""…K조선, 교섭 부담에 긴장 '고조'","","비생산 하청노조도 교섭 대상 k조선 교섭 부담에 긴장 고조","38925","","0","조선","3","N","2026-06-16 15:20:42","2026-06-16 15:33:10","2026-06-16 15:20:42",""
"22925","신민준, LG배 최종국 왕싱하오에 불계패…2연패 실패","[사진= 한국기원] 2026.06.16 fineview@newspim.com 신민준 9단은 16일 전북 전주시 한옥호텔 왕의지밀에서 열린 제31회 LG배 조선일보 기왕전 결승 3번기 최종국에서 왕싱하오 9단에게 183수 만에 백 불계패, 종합 1승 2패로...","바둑 왕싱하오 lg배 첫 우승 신민준 2연패 최종국서 좌절","41913","","0","조선","3","N","2026-06-16 15:20:43","2026-06-16 15:43:34","2026-06-16 15:20:43","2026-06-16 15:43:34"
"22926","북, 황해남도에서 밀, 보리 본격 수확","","북 황해남도에서 밀 보리 본격 수확","38928","","0","조선","2","N","2026-06-16 15:20:43","2026-06-16 15:20:58","2026-06-16 15:20:43",""
"22927","오 더블팀, 세계창의력올림피아드 도전과제 분야 세계 4위 기록","","오 더블팀 세계창의력올림피아드 도전과제 분야 세계 4위 기록","38929","","0","조선","2","N","2026-06-16 15:20:43","2026-06-16 15:20:58","2026-06-16 15:20:43",""
"22928","음악·수학·언어의 만남…AI가 연주하는 국악","","음악 수학 언어의 만남 ai가 연주하는 국악","38930","","0","조선","2","N","2026-06-16 15:20:43","2026-06-16 15:20:58","2026-06-16 15:20:43",""
"22929","경북 칠곡 완석정·정역일기…경북도 문화유산자료 지정","","경북 칠곡 완석정 정역일기 경북도 문화유산자료 지정","38931","","0","조선","2","N","2026-06-16 15:20:43","2026-06-16 15:20:58","2026-06-16 15:20:43",""
"22930","[ABC 칼럼] 사상 최대 영업이익 낸 삼성전자의 희한한 '상생 프로그램'","","abc 칼럼 사상 최대 영업이익 낸 삼성전자의 희한한 상생 프로그램","38932","","0","조선","2","N","2026-06-16 15:20:43","2026-06-16 15:20:58","2026-06-16 15:20:43",""
"22931","'6년 만 재혼' 일라이, 결혼식 현장→옆태부터 남다른 신부 미모…""행복...","","6년 만 재혼 일라이 결혼식 현장 옆태부터 남다른 신부 미모 행복","38933","","0","조선","3","N","2026-06-16 15:20:43","2026-06-16 15:41:27","2026-06-16 15:20:43",""
"22932","미래 해양을 움직일 원자력의 청사진…서울대, 'SMR 선박 상용화를 위한...","","미래 해양을 움직일 원자력의 청사진 서울대 smr 선박 상용화를 위한","38934","","0","조선","2","N","2026-06-16 15:20:43","2026-06-16 15:20:58","2026-06-16 15:20:43",""
"22933","엔씨AI 이연수 대표 정부 인공지능 전환 사업 수주했다 : 국방·조선 이...","","엔씨ai 이연수 대표 정부 인공지능 전환 사업 수주했다 국방 조선 이","38935","","0","조선","3","N","2026-06-16 15:20:43","2026-06-16 15:20:58","2026-06-16 15:20:43",""
"22934","한국 최고의 무형문화, 부산으로 모인다","유산의 의미와 가치를 알리는 홍보 공간도 마련한다. 또 평소 경복궁에서만 만나볼 수 있었던 ‘수문장 교대의식’이 최초로 경복궁을 벗어나 벡스코에서 재현될 예정이며, 조선통신사 행렬도 선보일 계획이다.","한국 최고의 무형문화 부산으로 모인다","38936","","0","조선","2","N","2026-06-16 15:20:43","2026-06-16 15:20:58","2026-06-16 15:20:43",""
"22935","동반위, 금융·방산·온라인플랫폼 동반성장 평가 시범 도입","금융, 방산, 온라인플랫폼 분야로 확대한다. 동반위는 16일 서울 켄싱턴호텔 여의도에서 제88차 동반성장위원회를 열고 동반성장지수 평가체계 개편안과 금융·방산·온라인플랫폼 동반성장 시범평가 추진안 등을 심의...","동반위 금융 방산 온라인플랫폼 동반성장 평가 시범 도입","38938","","0","방산","4","N","2026-06-16 15:20:43","2026-06-16 15:33:10","2026-06-16 15:20:43","2026-06-16 15:20:43"
"22936","현대위아, 유럽서 방산 기술력 과시…차량형 화력체계 공개","자동차 부품과 정밀 화포 기술을 함께 보유한 강점을 살려 유럽 방산 시장 공략에 속도를 내겠다는... 방산 전시회지만 현대위아의 모빌리티 기술도 빠지지 않았다. 현대위아는 이번 전시에서 ‘2속 ATC(Active Transfer...","현대위아 유럽서 방산 기술력 과시 차량형 화력체계 공개","38941","","0","방산","4","N","2026-06-16 15:20:43","2026-06-16 15:33:16","2026-06-16 15:20:43","2026-06-16 15:20:43"
"22937","경남 제조업, '스마트공장' 도입하니 품질·고용·매출 다 잡았다","창원지역 ICT 기업 OPEN TS가 지원한 함안 소재 방산부품 제조기업 경성엠티는 자재·출하관리 통합시스템을 통해 제조 리드타임을 3.5% 단축하고 검사 불량률을 16.7% 개선해 주목받았다. 경남도는 이번 성과를 바탕으로...","경남 제조업 스마트공장 도입하니 품질 고용 매출 다 잡았다","38943","","0","방산","2","N","2026-06-16 15:20:43","2026-06-16 15:33:10","2026-06-16 15:20:43",""
"22938","KF-21, 국가 공인 '비행안정성' 확보…""K-방산 수출 확대 기여""","K-방산 수출 확대에도 크게 기여할 것으로 기대한다""고 밝혔다. KF-21은 2015년 12월 체계개발에 착수해 올해 3월 25일 양산 1호기가 출고됐다. 2021년 5월 최초 시험평가를 시작으로, 약 5년간 총 1600여회 비행시험과 공중...","kf 21 국가 공인 비행안정성 확보 k 방산 수출 확대 기여","38948","","0","방산","1","N","2026-06-16 15:20:43","2026-06-16 15:20:43","2026-06-16 15:20:43",""
"22939","한국형전투기 KF-21, 최초형식인증 획득…안전성 공인","K-방산 수출 확대에도 크게 기여할 것으로 기대한다”고 밝혔다. 한편, 방사청은 KF-21의 성공적인 전력화가 이루어질 수 있도록 호기별 감항인증을 실시해, 양산기가 형식인증된 설계 기준에 따라 적합하게...","kf 21 전투용 적합 이어 최초형식인증 획득","39125","","0","방산,항공","4","N","2026-06-16 15:20:43","2026-06-16 15:33:12","2026-06-16 15:20:43","2026-06-16 15:20:48"
"22940","손연재, 둘째 위해 증량 중이라더니…여전한 '뼈말라' 몸매 [★해시태그...","증량 중임에도 불구하고 여전한 '뼈말라' 자태에 네티즌의 이목이 쏠렸다. 한편, 손연재는 지난 2022년 9살 연상의 금융인과 결혼했으며, 2024년 아들을 출산했다. 사진 = 손연재 SNS, 유튜브 '손연재'","손연재 둘째 위해 증량 중이라더니 여전한 뼈말라 몸매 해시태그","38959","","0","금융","1","N","2026-06-16 15:20:43","2026-06-16 15:20:43","2026-06-16 15:20:43",""
"22941","금융교육협의회서 발언하는 권대영 금융위 부위원장","= 권대영 금융위원회 부위원장이 16일 오후 서울 종로구 정부서울청사에서 열린 '2026년 제1차 금융교육협의회'에서 참석자들과 자본시장·금융투자 분야 금융교육 강화방안 등에 대해 논의하고 있다. (금융위원회...","축사 전하는 이억원 금융위원장 한 컷","40582","","0","금융","2","N","2026-06-16 15:20:43","2026-06-16 15:33:10","2026-06-16 15:20:43","2026-06-16 15:33:10"
"22942","한울원전 주변 환경방사능 '안전'···주민 참여 조사로 신뢰도 높여","","한울원전 주변 환경방사능 안전 주민 참여 조사로 신뢰도 높여","38961","","0","원전","3","N","2026-06-16 15:20:43","2026-06-16 15:33:10","2026-06-16 15:20:43",""
"22943","원안위, 월성원전 불법드론 대응체계 현장 점검…국내 원전 최초 레이더...","원자력안전위원회(위원장 최원호)는 16일 월성 원전에서 불법드론 침입을 가정한 원전 물리적방호 훈련을 참관하고 월성 원전에 최초 도입되는 레이더 등 드론 탐지·대응 장비와 물리적방호 시설 등을 점검했다. 이번...","원안위 자율비행 불법 드론 탐지 레이더 시범 운영","40584","","0","원전","9","N","2026-06-16 15:20:43","2026-06-16 15:33:12","2026-06-16 15:20:43","2026-06-16 15:33:10"
"22944","[기획] 신사업 경쟁력 키우자…중견건설사 채용 '활발'","","기획 신사업 경쟁력 키우자 중견건설사 채용 활발","38963","","0","원전","4","N","2026-06-16 15:20:43","2026-06-16 15:43:21","2026-06-16 15:20:43",""
"22945","""신규 원전 최종 후보지 발표 임박""","","신규 원전 최종 후보지 발표 임박","38965","","0","원전","5","N","2026-06-16 15:20:43","2026-06-16 15:33:12","2026-06-16 15:20:43",""
"22946","이개호, '원전 지원금 2배 인상' 법안 발의…""20년 동결 단가 현실화""","","이개호 원전 지원금 2배 인상 법안 발의 20년 동결 단가 현실화","38966","","0","원전","3","N","2026-06-16 15:20:43","2026-06-16 15:33:10","2026-06-16 15:20:43",""
"22947","대우건설 '체코 원전' 발판 후속 파이프라인 기대","대신증권,대우건설 대신증권은 16일 대우건설의 목표주가를 2만8000원으로 제시했다. 사진=대우건설 대신증권은 16일 대우건설에 대해 투자의견 '매수', 목표주가 2만8000원을 제시하며 커버리지를 개시했다. 목표주가는...","대우건설 체코 원전 발판 후속 파이프라인 기대","38967","","0","원전,건설","6","N","2026-06-16 15:20:43","2026-06-16 15:43:33","2026-06-16 15:20:43","2026-06-16 15:43:33"
"22948","본업 '4대 축' 동시에 뛴다...체급 달라진 삼성물산","","본업 4대 축 동시에 뛴다 체급 달라진 삼성물산","38968","","0","원전","3","N","2026-06-16 15:20:44","2026-06-16 15:33:10","2026-06-16 15:20:44",""
"22949","STT GDC, 하이퍼스케일 데이터센터 개관…""원전급 내진에 수냉식 냉각까...","","stt gdc 하이퍼스케일 데이터센터 개관 원전급 내진에 수냉식 냉각까","38969","","0","원전","4","N","2026-06-16 15:20:44","2026-06-16 15:43:53","2026-06-16 15:20:44",""
"22950","에너토크, SMR 핵심 구동계 국산화 기여…경주 차세대 원자로 'ARA'에 액...","","에너토크 smr 핵심 구동계 국산화 기여 경주 차세대 원자로 ara 에 액","38970","","0","원전","6","N","2026-06-16 15:20:44","2026-06-16 15:33:10","2026-06-16 15:20:44","2026-06-16 15:20:44"
"22951","건설사 해외수주 텃밭 '중동'…재건시장 열리나","","건설사 해외수주 텃밭 중동 재건시장 열리나","38972","","0","원전","3","N","2026-06-16 15:20:44","2026-06-16 15:33:10","2026-06-16 15:20:44",""
"22952","SMR·원전 강자 두산에너빌리티, 초고온·초고압 가공 기술로 영토 확장","이어 우진엔텍 2만1750원(+3.5%), 우진 1만8070원(+2.9%), 수산인더스트리 2만4600원(+2.7%), 모비스 3260원(+1.8%), 오르비텍 7110원(+1.4%), 금화피에스시 3만2800원(+0.4%) 등도 나란히 상승 마감했다. 일각에서는...","smr 원전 강자 두산에너빌리티 초고온 초고압 가공 기술로 영토 확장","38975","","0","원전,금","8","N","2026-06-16 15:20:44","2026-06-16 15:41:30","2026-06-16 15:20:44","2026-06-16 15:22:56"
"22953","LS일렉트릭, 독일 EM-Power 2026 참여…압도적 송·배전 경쟁력 과시","전기화 정책은 산업·교통·난방 부문의 화석연료 사용을 원전과 재생에너지 기반의 전기로 전환해 친환경과 에너지 안보를 동시에 달성하는 것이다. 유럽연합(EU) 집행위원회는 2030년까지 약 5,840억 유로(한화...","ls일렉트릭 독일 em power 2026 참여 압도적 송 배전 경쟁력 과시","38977","","0","원전","2","N","2026-06-16 15:20:44","2026-06-16 15:20:59","2026-06-16 15:20:44",""
"22954","원전 멈추지 않고 고친다…이용률 높일 美 정비방식 첫발","원전 가동을 멈춰야만 설비를 고칠 수 있다는 원전업계의 오랜 공식이 바뀌기 시작했다. 원자력안전위원회가 검사·정비 체계 개편에 나서면서 원전을 세우지 않고도 설비를 정비하는 미국식 가동중정비(OLM) 도입에...","원전 멈추지 않고 고친다 이용률 높일 정비방식 첫발","38978","","0","원전","4","N","2026-06-16 15:20:44","2026-06-16 15:33:12","2026-06-16 15:20:44",""
"22955","[전국 주요 신문 톱뉴스](16일 석간)","▲ 내일신문(서울) = 총성 멈췄지만 … 미-이란 벌써부터 신경전 ▲ 문화일보(서울) = 張, 7곳 선거소청 … 국힘 내홍 또 폭발 ▲ 아시아경제(서울) = 韓 바이오 기술, 선급금 中 3분의 1 ▲ 헤럴드경제(서울) = 신규 원전·SMR...","전국 주요 신문 톱뉴스 16일 석간","38979","","0","원전","2","N","2026-06-16 15:20:44","2026-06-16 15:20:59","2026-06-16 15:20:44",""
"22956","코트라, '딥테크' 기업 투자유치 역량 키워 '북미 무대' 세운다","이번 사업에 참가한 10개사는 인공지능(AI) 기반 재생에너지 솔루션, 디지털 헬스케어, 원전 및 방사성폐기물 관리, 바이오 진, 로봇·스마트 분야의 유망 기술기업들로 구성됐다. 코트라는 사업 성과 제고를 위해 대전시...","코트라 딥테크 기업 투자유치 역량 키워 북미 무대 세운다","38980","","0","원전","2","N","2026-06-16 15:20:44","2026-06-16 15:20:59","2026-06-16 15:20:44",""
"22957","미국·이란 종전 합의에 건설업계 해외건설 수주 기대감↑","금호건설은 전 거래일 대비 8.09%(325원) 오른 4340원에 거래되고 있다. 태영건설우도 전 거래일 대비 7.04%(680원) 오른 1만340원을 기록 중이다. 이밖에 일성건설은 가격제한폭(30.00%)까지 치솟았고 상지건설도 23.09...","미 이란 종전 합의 소식에 건설 재건 사업 기대감에 동반 강세 특","40718","","0","원전,건설,달러,금융,항공,코스피","14","N","2026-06-16 15:20:44","2026-06-16 15:43:55","2026-06-16 15:20:44","2026-06-16 15:43:55"
"22958","‘한국 영토 독도, 그 진실을 말하는 일본 지도’ 영월 호야지리박물관...","","한국 영토 독도 그 진실을 말하는 일본 지도 영월 호야지리박물관","38982","","0","사료","3","N","2026-06-16 15:20:44","2026-06-16 15:33:10","2026-06-16 15:20:44",""
"22959","올여름 전남 고수온·적조 조기 발생 우려","","올여름 전남 고수온 적조 조기 발생 우려","38983","","0","사료","9","N","2026-06-16 15:20:44","2026-06-16 15:33:10","2026-06-16 15:20:44","2026-06-16 15:20:44"
"22960","축분도 에너지로, 이윤도 나눔으로…경산 맛뜨락, 친환경 경영에 나눔 ...","","축분도 에너지로 이윤도 나눔으로 경산 맛뜨락 친환경 경영에 나눔","38985","","0","사료","3","N","2026-06-16 15:20:44","2026-06-16 15:33:10","2026-06-16 15:20:44",""
"22961","중앙그룹 5개사 회생 신청… 홍정도 부회장 ""불가피한 선택, 정상화 총...","","중앙그룹 5개사 회생 신청 홍정도 부회장 불가피한 선택 정상화 총","38987","","0","사료","3","N","2026-06-16 15:20:44","2026-06-16 15:33:10","2026-06-16 15:20:44",""
"22962","관악구, 6·10 민주항쟁 39주년, 박종철센터서 기념행사 및 프로그램 운...","","관악구 6 10 민주항쟁 39주년 박종철센터서 기념행사 및 프로그램 운","38988","","0","사료","3","N","2026-06-16 15:20:44","2026-06-16 15:33:10","2026-06-16 15:20:44",""
"22963","“우리, 함께 산다 2026” 뉴시스, ‘제2회 반려동물 사진 공모전’ 개최","","우리 함께 산다 2026 뉴시스 제2회 반려동물 사진 공모전 개최","38989","","0","사료","3","N","2026-06-16 15:20:44","2026-06-16 15:33:10","2026-06-16 15:20:44",""
"22964","세종시, 관내 기업 해외시장 개척 지원","","세종시 관내 기업 해외시장 개척 지원","38990","","0","사료","5","N","2026-06-16 15:20:44","2026-06-16 15:33:10","2026-06-16 15:20:44","2026-06-16 15:20:44"
"22965","세계 사막화 방지의 날, 비건 채식 촉구","","세계 사막화 방지의 날 비건 채식 촉구","38991","","0","사료","4","N","2026-06-16 15:20:44","2026-06-16 15:33:16","2026-06-16 15:20:44",""
"22966","KREI ""원유·나프타·비료 원료 선제 대응 필요""","","krei 원유 나프타 비료 원료 선제 대응 필요","38993","","0","사료","3","N","2026-06-16 15:20:44","2026-06-16 15:33:10","2026-06-16 15:20:44",""
"22967","세종관내 유망기업 동남아 진출 교두보 마련 ... 베트남 시장 진출","","세종관내 유망기업 동남아 진출 교두보 마련 베트남 시장 진출","38994","","0","사료","5","N","2026-06-16 15:20:44","2026-06-16 15:33:10","2026-06-16 15:20:44","2026-06-16 15:20:44"
"22968","소가 지구를 덥힌다는 착각","","소가 지구를 덥힌다는 착각","38995","","0","사료","3","N","2026-06-16 15:20:44","2026-06-16 15:33:10","2026-06-16 15:20:44",""
"22969","국회 입법조사처 ‘ASF 방역 개선 위해 수의사 확충·역할 강화해야’","","국회 입법조사처 asf 방역 개선 위해 수의사 확충 역할 강화해야","38996","","0","사료","3","N","2026-06-16 15:20:44","2026-06-16 15:33:10","2026-06-16 15:20:44",""
"22970","전북자치도, 청년농 운영자금 지원 확대…융자 한도 두 배 상향","","전북자치도 청년농 운영자금 지원 확대 융자 한도 두 배 상향","38997","","0","사료","3","N","2026-06-16 15:20:44","2026-06-16 15:33:10","2026-06-16 15:20:44",""
"22971","[신간] 레우스 수기","","신간 레우스 수기","38998","","0","사료","3","N","2026-06-16 15:20:44","2026-06-16 15:33:10","2026-06-16 15:20:44",""
"22972","세종시, 베트남 비즈니스 파트너십 매칭데이 개최","","세종시 베트남 비즈니스 파트너십 매칭데이 개최","38999","","0","사료","2","N","2026-06-16 15:20:44","2026-06-16 15:20:59","2026-06-16 15:20:44",""
"22973","""축산 미래 인재 키운다"" ... 팜스코, 강원대·전북대에 장학금 전달","","축산 미래 인재 키운다 팜스코 강원대 전북대에 장학금 전달","39001","","0","사료","2","N","2026-06-16 15:20:44","2026-06-16 15:20:59","2026-06-16 15:20:44",""
"22974","이천시, 2026년 전략작물직불금(하계작물) 신청 6월 30일까지로 연장","","이천시 2026년 전략작물직불금 하계작물 신청 6월 30일까지로 연장","39002","","0","사료","2","N","2026-06-16 15:20:44","2026-06-16 15:20:59","2026-06-16 15:20:44",""
"22975","[특별 인터뷰] '등단 50주년' 소설가 김홍신 ""대나무가 몸에 마디를 새기...","『대발해』를 위해 8년 동안 500여 권의 자료와 50여 개의 사료를 모으고, 중국·러시아·일본을 오가며 잃어버린 역사의 흔적을 찾아 나선 일은 그의 문학이 단순한 상상력의 산물이 아니라 집요한 탐문과 육체적 노동...","특별 인터뷰 등단 50주년 소설가 김홍신 대나무가 몸에 마디를 새기","39004","","0","사료","2","N","2026-06-16 15:20:44","2026-06-16 15:20:59","2026-06-16 15:20:44",""
"22976","세아제강지주, 베트남 첫 강관사 '비나파이프' 지분 매각","","세아제강지주 베트남 첫 강관사 비나파이프 지분 매각","39005","","0","철강","4","N","2026-06-16 15:20:45","2026-06-16 15:43:23","2026-06-16 15:20:45",""
"22977","부산 수출액 3개월 연속 증가…무역수지 4개월째 흑자","","부산 수출액 3개월 연속 증가 무역수지 4개월째 흑자","39006","","0","철강","5","N","2026-06-16 15:20:45","2026-06-16 15:33:10","2026-06-16 15:20:45","2026-06-16 15:20:45"
"22978","중동 재건 특수 기대감…철강업계, 수요 확대 기대","","중동 재건 특수 기대감 철강업계 수요 확대 기대","39007","","0","철강","4","N","2026-06-16 15:20:45","2026-06-16 15:43:45","2026-06-16 15:20:45",""
"22979","국민연금 국내주식 중 철강 투자 비중 1.5%…금융배출은 24% 차지","","국민연금 국내주식 중 철강 투자 비중 1 5 금융배출은 24 차지","39009","","0","철강","4","N","2026-06-16 15:20:45","2026-06-16 15:41:10","2026-06-16 15:20:45",""
"22980","[분석] ""기관투자자, 철강산업 전환을 포트폴리오 차원의 위험·기회로...","","분석 기관투자자 철강산업 전환을 포트폴리오 차원의 위험 기회로","39010","","0","철강","4","N","2026-06-16 15:20:45","2026-06-16 15:41:10","2026-06-16 15:20:45",""
"22981","해병대 장병·장애인 함께 뛴 5㎞…민군 화합 ‘어울림 러닝’","","해병대 장병 장애인 함께 뛴 5 민군 화합 어울림 러닝","39011","","0","철강","3","N","2026-06-16 15:20:45","2026-06-16 15:33:10","2026-06-16 15:20:45",""
"22982","‘K-스틸법 시행’ 기후솔루션 “철강사 탄소중립 선언보다 설비 전환 ...","저탄소 전기로 전환을 추진하는 포스코·현대제철 등 철강업계에서는 철스크랩 확보 경쟁이 갈수록 치열해지고 있다. 메리츠증권은 2030년에도 국내 철스크랩이 약 367만톤(t) 부족할 것으로 전망했다. 철스크랩 확보...","k 스틸법 시행 기후솔루션 철강사 탄소중립 선언보다 설비 전환","39012","","0","철강","6","N","2026-06-16 15:20:45","2026-06-16 15:43:46","2026-06-16 15:20:45","2026-06-16 15:43:46"
"22983","마산합포구, ""생활 속 불편 줄이고 필요한 지원은 더욱 촘촘하게""","","마산합포구 생활 속 불편 줄이고 필요한 지원은 더욱 촘촘하게","39013","","0","철강","3","N","2026-06-16 15:20:45","2026-06-16 15:33:10","2026-06-16 15:20:45",""
"22984","포항시시설관리공단, 철강마라톤 현장서 청렴 캠페인 펼쳐","","포항시시설관리공단 철강마라톤 현장서 청렴 캠페인 펼쳐","39014","","0","철강","2","N","2026-06-16 15:20:45","2026-06-16 15:20:59","2026-06-16 15:20:45",""
"22985","포스코가 추진하는 고강도 안전관리 쇄신의 길…""뼈를 깎는 인력 혁신으...","","포스코가 추진하는 고강도 안전관리 쇄신의 길 뼈를 깎는 인력 혁신으","39015","","0","철강","2","N","2026-06-16 15:20:45","2026-06-16 15:20:59","2026-06-16 15:20:45",""
"22986","정부-업계, EU 철강수입규제 대응 머리 맞대... 협상 경과 공유 간담회","","정부 업계 eu 철강수입규제 대응 머리 맞대 협상 경과 공유 간담회","39017","","0","철강","2","N","2026-06-16 15:20:45","2026-06-16 15:20:59","2026-06-16 15:20:45",""
"22987","강성휘 목포시장 당선인 ""인구 20만 회복해 지속가능 서남권 거점도시 ...","예를 들면 동부권의 거점 대학인 순천대학교 같은 경우는, 광양의 철강 산업, 두 번째로 여수의 석유화학 산업의 전문 인력을 양성해 내고, 그분들이 대한민국 석유화학 산업과, 철강 산업의 고도화를 이끄는 주체로 우뚝...","강성휘 목포시장 당선인 인구 20만 회복해 지속가능 서남권 거점도시","39018","","0","철강","2","N","2026-06-16 15:20:45","2026-06-16 15:20:59","2026-06-16 15:20:45",""
"22988","CJ올리브네트웍스, ‘더 맥소노미 2026’ 개최…AX 해법 한자리에","사진=CJ올리브네트웍스  CJ올리브네트웍스가 데이터 마케팅 콘퍼런스 '더 맥소노미 2026(THE MAXONOMY 2026)'을 오는 23일과 24일 이틀간 서울 강남구 그랜드 인터컨티넨탈 서울 파르나스에서 개최한다고 16일 밝혔다....","cj올리브네트웍스 더 맥소노미 2026 개최 ax 해법 한자리에","39019","","0","건설","12","N","2026-06-16 15:20:45","2026-06-16 15:41:24","2026-06-16 15:20:45","2026-06-16 15:41:24"
"22989","지질자원연, 한국산 벤토나이트로 통풍·신장질환 진단 센서 개발","","지질자원연 한국산 벤토나이트로 통풍 신장질환 진단 센서 개발","39020","","0","건설","7","N","2026-06-16 15:20:45","2026-06-16 15:33:11","2026-06-16 15:20:45",""
"22990","군인 딸에게 “약한 사람 편에 서라”던 아버지, 3명에 새 삶 주고 떠나","","군인 딸에게 약한 사람 편에 서라 던 아버지 3명에 새 삶 주고 떠나","39021","","0","건설","4","N","2026-06-16 15:20:45","2026-06-16 15:21:00","2026-06-16 15:20:45","2026-06-16 15:20:45"
"22991","창원시, ‘흉물 빅트리’ 특정감사…공무원 징계·사업자 수사의뢰","","창원시 흉물 빅트리 특정감사 공무원 징계 사업자 수사의뢰","39022","","0","건설","2","N","2026-06-16 15:20:45","2026-06-16 15:21:00","2026-06-16 15:20:45",""
"22992","호반건설, 외주 73개·자재 46개 협력업체 모집...30일까지 접수","","호반건설 외주 73개 자재 46개 협력업체 모집 30일까지 접수","39023","","0","건설","2","N","2026-06-16 15:20:45","2026-06-16 15:21:00","2026-06-16 15:20:45",""
"22993","연천군, 폭염 대비 현장 근로자 온열질환 점검","","연천군 폭염 대비 현장 근로자 온열질환 점검","39024","","0","건설","2","N","2026-06-16 15:20:45","2026-06-16 15:21:00","2026-06-16 15:20:45",""
"22994","인천 청라하늘대교 문화관광해설 서비스 시작....6월부터","","인천 청라하늘대교 문화관광해설 서비스 시작 6월부터","39025","","0","건설","2","N","2026-06-16 15:20:45","2026-06-16 15:21:00","2026-06-16 15:20:45",""
"22995","""새내기 직원들 기 팍팍 살려줍니다"" 고려아연 '루키즈 데이' 개최","","새내기 직원들 기 팍팍 살려줍니다 고려아연 루키즈 데이 개최","39026","","0","건설","2","N","2026-06-16 15:20:45","2026-06-16 15:21:00","2026-06-16 15:20:45",""
"22996","평택의 미래 자족도시 ‘고덕국제신도시’…올해 9천가구 공급","평택 고덕 푸르지오 트레시티, 힐스테이트 고덕엘리스트 등이 있다. 이 중 계룡건설 컨소시엄이 공급하는 엘리프 고덕 센트럴하이는 지하 2층~지상 최고 25층, 9개 동, 총 996가구 규모로 조성되며 전용 59·84㎡로 구성된다.","위클리오늘 평택 고덕국제신도시 올해 9000여가구 공급","40307","","0","건설","4","N","2026-06-16 15:20:45","2026-06-16 15:33:11","2026-06-16 15:20:45","2026-06-16 15:33:03"
"22997","건설현장 불법하도급 신고 포상금 확대…과징금도 늘어","","건설현장 불법하도급 신고 포상금 확대 과징금도 늘어","39029","","0","건설","6","N","2026-06-16 15:20:45","2026-06-16 15:21:00","2026-06-16 15:20:45","2026-06-16 15:20:45"
"22998","“해양수산 행정·공공기관 부산 이전하라” 부산 시민단체 '해양수도 ...","","해양수산 행정 공공기관 부산 이전하라 부산 시민단체 해양수도","39032","","0","건설","2","N","2026-06-16 15:20:45","2026-06-16 15:21:00","2026-06-16 15:20:45",""
"22999","조현일 경산시장, 주요 대형 SOC 건설사업장 방문 점검","","조현일 경산시장 주요 대형 soc 건설사업장 방문 점검","39033","","0","건설","2","N","2026-06-16 15:20:45","2026-06-16 15:21:00","2026-06-16 15:20:45",""
"23000","소 배설물 가스로 항공유 만든다…미국서 세계 첫 개발","","소 배설물 가스로 항공유 만든다 미국서 세계 첫 개발","39034","","0","건설","7","N","2026-06-16 15:20:45","2026-06-16 15:33:11","2026-06-16 15:20:45",""
"23001","JTBC 등 중앙그룹 회생신청, 크레딧시장 제2 레고랜드 사태로 번질까","","jtbc 등 중앙그룹 회생신청 크레딧시장 제2 레고랜드 사태로 번질까","39035","","0","건설","3","N","2026-06-16 15:20:45","2026-06-16 15:41:24","2026-06-16 15:20:45",""
"23002","""반도체·배터리 호황 이면엔 희생뿐""…금속노조, 노동친화적 정책 전환...","","반도체 배터리 호황 이면엔 희생뿐 금속노조 노동친화적 정책 전환","39038","","0","화학","10","N","2026-06-16 15:20:45","2026-06-16 15:33:19","2026-06-16 15:20:45",""
"23003","대구 물 문제 해법 찾는다…기후부, 복류수 실증시설 운영","","대구 물 문제 해법 찾는다 기후부 복류수 실증시설 운영","39039","","0","화학","3","N","2026-06-16 15:20:45","2026-06-16 15:33:11","2026-06-16 15:20:45",""
"23004","용인 양지파인리조트 인근 하천 거품 뒤 물고기 폐사 논란","","용인 양지파인리조트 인근 하천 거품 뒤 물고기 폐사 논란","39040","","0","화학","3","N","2026-06-16 15:20:45","2026-06-16 15:33:11","2026-06-16 15:20:45",""
"23005","코리아보드게임즈, 신성中 과학 수업에서 태어난 보드게임 3종 정식 상...","","코리아보드게임즈 신성 과학 수업에서 태어난 보드게임 3종 정식 상","39041","","0","화학","5","N","2026-06-16 15:20:45","2026-06-16 15:33:11","2026-06-16 15:20:45",""
"23006","[2026 산업AX KOREA] 에이디링크가 제시한 비전 AI와 장비, 시뮬레이션 ...","","2026 산업ax korea 에이디링크가 제시한 비전 ai와 장비 시뮬레이션","39042","","0","화학","5","N","2026-06-16 15:20:45","2026-06-16 15:33:11","2026-06-16 15:20:45",""
"23007","30년 표류한 대구 물 문제…새 취수방식 시험대","","30년 표류한 대구 물 문제 새 취수방식 시험대","39043","","0","화학","3","N","2026-06-16 15:20:46","2026-06-16 15:33:11","2026-06-16 15:20:46",""
"23008","전기 한 줄 없이 물을 살린다…연세대학교 김상우 교수팀, '자가발전 물...","","전기 한 줄 없이 물을 살린다 연세대학교 김상우 교수팀 자가발전 물","39044","","0","화학","3","N","2026-06-16 15:20:46","2026-06-16 15:33:11","2026-06-16 15:20:46",""
"23009","서울대 '질문 중심' 대학으로 전환… ""순환형 연구생태계 구축""","","서울대 질문 중심 대학으로 전환 순환형 연구생태계 구축","39045","","0","화학","3","N","2026-06-16 15:20:46","2026-06-16 15:33:11","2026-06-16 15:20:46",""
"23010","[단독] 농심그룹 삼남 신동익, 2년 6개월 만 메가마트 대표이사 복귀","","단독 농심그룹 삼남 신동익 2년 6개월 만 메가마트 대표이사 복귀","39046","","0","화학","8","N","2026-06-16 15:20:46","2026-06-16 15:43:50","2026-06-16 15:20:46",""
"23011","치질로 오인하기 쉬운 항문 출혈·통증...증상 지속 시 정밀 검사 필수","","치질로 오인하기 쉬운 항문 출혈 통증 증상 지속 시 정밀 검사 필수","39047","","0","화학","2","N","2026-06-16 15:20:46","2026-06-16 15:21:00","2026-06-16 15:20:46",""
"23012","여수상의, 17일 서영학 시장 당선인 초청 '경제인과의 간담회'","","여수상의 17일 서영학 시장 당선인 초청 경제인과의 간담회","39048","","0","화학","2","N","2026-06-16 15:20:46","2026-06-16 15:21:00","2026-06-16 15:20:46",""
"23013","태양광 치킨게임 끝났다…한화솔루션, '페로브스카이트'로 천장 돌파","","태양광 치킨게임 끝났다 한화솔루션 페로브스카이트 로 천장 돌파","39049","","0","화학","3","N","2026-06-16 15:20:46","2026-06-16 15:31:00","2026-06-16 15:20:46",""
"23014","LG생활건강, '멜라빔 토닝'...""홈뷰티로 매일 가꾸는 피부미백""","","lg생활건강 멜라빔 토닝 홈뷰티로 매일 가꾸는 피부미백","39050","","0","화학","2","N","2026-06-16 15:20:46","2026-06-16 15:21:00","2026-06-16 15:20:46",""
"23015","전국 공장·창고 19만동 화재안전 점검…정부, 사각지대 들여다본다","","전국 공장 창고 19만동 화재안전 점검 정부 사각지대 들여다본다","39051","","0","화학","2","N","2026-06-16 15:20:46","2026-06-16 15:21:00","2026-06-16 15:20:46",""
"23016","이완섭 ""서산민항·철도망 구축""…윤희신 ""고속도로·특별법 지원""","대산석유화학단지의 국가산업단지 지정도 요청했다. 그는 ""대산산단은 국내 3대 석유화학단지 가운데 유일하게 국가산단이 아니다""라며 ""국가산단 지정이 이뤄지면 석유화학산업 위기 극복은 물론 미래 신산업 육성의...","이완섭 서산민항 철도망 구축 윤희신 고속도로 특별법 지원","39052","","0","화학","2","N","2026-06-16 15:20:46","2026-06-16 15:21:00","2026-06-16 15:20:46",""
"23017","한국영화의 새 해법 될까… ’납치 48시간’ 아시아 공동제작 모델 주목","","한국영화의 새 해법 될까 납치 48시간 아시아 공동제작 모델 주목","39053","","0","엔터테인먼트","3","N","2026-06-16 15:20:46","2026-06-16 15:33:11","2026-06-16 15:20:46",""
"23018","이프아이, 5개월만 완전체…‘건강 이상’ 샤샤 복귀 [공식]","소속사 하이헷엔터테인먼트는 15일 공식 SNS를 통해 사샤의 활동 재개 소식을 알렸다. 이에 따라 그동안 건강 회복에 집중해온 사샤는 오는 7월 시작되는 APAC 투어 ‘ifeye 2026 APAC TOUR [If I]’부터 공식 일정에...","이프아이 샤샤 건강 회복 apac 투어 완전체 출격","40599","","0","엔터테인먼트","4","N","2026-06-16 15:20:46","2026-06-16 15:33:11","2026-06-16 15:20:46","2026-06-16 15:33:11"
"23019","""귀여우면 산다""…IP 협업 마케팅에 빠진 유통업계","","귀여우면 산다 ip 협업 마케팅에 빠진 유통업계","39055","","0","엔터테인먼트","6","N","2026-06-16 15:20:46","2026-06-16 15:41:08","2026-06-16 15:20:46",""
"23020","[리뷰] ‘와일드 씽’ 내 모든 것을 던지다 (손재곤 감독,2026)","","리뷰 와일드 씽 내 모든 것을 던지다 손재곤 감독 2026","39056","","0","엔터테인먼트","3","N","2026-06-16 15:20:46","2026-06-16 15:33:11","2026-06-16 15:20:46",""
"23021","엔믹스 설윤, 무대 중 갑작스러운 통증에 '왈칵'→""회사·병원도 휴식 권...","","엔믹스 설윤 무대 중 갑작스러운 통증에 왈칵 회사 병원도 휴식 권","39057","","0","엔터테인먼트","3","N","2026-06-16 15:20:46","2026-06-16 15:33:11","2026-06-16 15:20:46",""
"23022","세븐틴 새 유닛 V8 신보 타이틀곡은 ‘singasong’..독일 DJ 메카톡과 협...","","세븐틴 새 유닛 v8 신보 타이틀곡은 singasong 독일 dj 메카톡과 협","39058","","0","엔터테인먼트","7","N","2026-06-16 15:20:46","2026-06-16 15:33:11","2026-06-16 15:20:46","2026-06-16 15:20:46"
"23023","[호텔리조트 트렌드] 호시노야 발리, 우붓의 자연과 발리 전통문화로 완...","","호텔리조트 트렌드 호시노야 발리 우붓의 자연과 발리 전통문화로 완","39059","","0","엔터테인먼트","3","N","2026-06-16 15:20:46","2026-06-16 15:33:11","2026-06-16 15:20:46",""
"23024","온앤오프, 컴백 D-1…2차 MV 티저 풀었다","퍼포먼스와 완성도 높은 군무로 '퍼포먼스 강자'라는 수식어를 얻어 온 팀이다. '사랑하다(Why)', 'ONOFF(온앤오프)', 'Goosebumps(구스범스)' 등의 히트곡으로 탄탄한 팬덤을 다져 왔다. (사진=케이아이 엔터테인먼트)","온앤오프 컴백 d 1 2차 mv 티저 풀었다","39060","","0","엔터테인먼트,화장품","4","N","2026-06-16 15:20:46","2026-06-16 15:43:48","2026-06-16 15:20:46","2026-06-16 15:43:48"
"23025","SOOP, 해외 이용자 확보 본격화…로컬 콘텐츠 전략 강화","","soop 해외 이용자 확보 본격화 로컬 콘텐츠 전략 강화","39061","","0","엔터테인먼트","3","N","2026-06-16 15:20:46","2026-06-16 15:33:11","2026-06-16 15:20:46",""
"23026","스테이씨, 테니스 테마 러브송 ‘투 러브’로 컴백…여름 가요계 정조준","","스테이씨 테니스 테마 러브송 투 러브 로 컴백 여름 가요계 정조준","39062","","0","엔터테인먼트","3","N","2026-06-16 15:20:46","2026-06-16 15:33:11","2026-06-16 15:20:46",""
"23027","아이들, 선공개곡 'Crow' 中 QQ뮤직 1위…흥행 청신호","","아이들 선공개곡 crow qq뮤직 1위 흥행 청신호","39063","","0","엔터테인먼트","3","N","2026-06-16 15:20:46","2026-06-16 15:33:11","2026-06-16 15:20:46",""
"23028","허성범, 대성학원 재원생 대상 동기부여 특강 진행","","허성범 대성학원 재원생 대상 동기부여 특강 진행","39064","","0","엔터테인먼트","3","N","2026-06-16 15:20:46","2026-06-16 15:33:11","2026-06-16 15:20:46",""
"23029","더보이즈 주연, 차가원과 소속사 분쟁 속 ""힘!"" 의미심장 메시지 [스타이...","","더보이즈 주연 차가원과 소속사 분쟁 속 힘 의미심장 메시지 스타이","39065","","0","엔터테인먼트","4","N","2026-06-16 15:20:46","2026-06-16 15:43:46","2026-06-16 15:20:46",""
"23030","상상 넘어 현실로, 미각보이즈·최성곤의 세계관 확장","","상상 넘어 현실로 미각보이즈 최성곤의 세계관 확장","39066","","0","엔터테인먼트","3","N","2026-06-16 15:20:46","2026-06-16 15:33:11","2026-06-16 15:20:46",""
"23031","‘정경호와 결별’ 최수영 ‘놀뭐’ 유재석 만났다…효리수 지상파 데뷔","","정경호와 결별 최수영 놀뭐 유재석 만났다 효리수 지상파 데뷔","39067","","0","엔터테인먼트","3","N","2026-06-16 15:20:46","2026-06-16 15:33:11","2026-06-16 15:20:46",""
"23032","‘불륜녀의 딸을 키웠다’, 드라마박스 TOP10 진입","","불륜녀의 딸을 키웠다 드라마박스 top10 진입","39068","","0","엔터테인먼트","3","N","2026-06-16 15:20:46","2026-06-16 15:33:11","2026-06-16 15:20:46",""
"23033","보이넥스트도어, 이유 있는 상승세..음원·음반 차트 호성적","","보이넥스트도어 이유 있는 상승세 음원 음반 차트 호성적","39069","","0","엔터테인먼트","2","N","2026-06-16 15:20:46","2026-06-16 15:21:00","2026-06-16 15:20:46",""
"23034","아홉 7월 8일 컴백 확정…'Sugar High' 기세 잇는다 [공식입장]","","아홉 7월 8일 컴백 확정 sugar high 기세 잇는다 공식입장","39070","","0","엔터테인먼트","2","N","2026-06-16 15:20:46","2026-06-16 15:21:00","2026-06-16 15:20:46",""
"23035","경기도사회적경제원, 사회환경 문제해결 협력 프로젝트 21개 추진","","경기도사회적경제원 사회환경 문제해결 협력 프로젝트 21개 추진","39071","","0","엔터테인먼트","3","N","2026-06-16 15:20:46","2026-06-16 15:41:12","2026-06-16 15:20:46",""
"23036","경남교육청, 서부·남부권 찾아가는 고교학점제 설명회 운영","","경남교육청 서부 남부권 찾아가는 고교학점제 설명회 운영","39074","","0","IT","2","N","2026-06-16 15:20:46","2026-06-16 15:21:00","2026-06-16 15:20:46",""
"23037","Huons Meditech introduces flagship aesthetics devices at Indonesia medica...","Since then, it has continued to accumulate clinical data and expand its research in the fields of facial disorders and sleep medicine. Following th...","cheongin expands international collaboration in facial and sleep medicine","40600","","0","IT","8","N","2026-06-16 15:20:46","2026-06-16 15:33:11","2026-06-16 15:20:46","2026-06-16 15:33:11"
"23038","중국도 AI 호황 속 ‘K자형’ 성장…코로나19 봉쇄 해제 후 첫 소비 감소","","중국도 ai 호황 속 k자형 성장 코로나19 봉쇄 해제 후 첫 소비 감소","39076","","0","IT","7","N","2026-06-16 15:20:46","2026-06-16 15:43:49","2026-06-16 15:20:46",""
"23039","[2026 산업AX KOREA] 어드밴텍케이알, Jetson Thor 기반 피지컬 AI 솔루션...","산업AX KOREA 2026은 제조·물류·로보틱스·IT 등 산업 현장의 DX·AX 사례와 피지컬 AI, AI 팩토리, 디지털 트윈 등을 다룬 컨퍼런스 및 쇼케이스 행사다. 어드밴텍케이알은 참관객들에게 Jetson Thor 기반 개발자 키트인...","2026 산업ax korea 스트라타시스가 내세우는 액상 기반 3d 프린팅의 활","40603","","0","IT","6","N","2026-06-16 15:20:46","2026-06-16 15:41:27","2026-06-16 15:20:46","2026-06-16 15:41:27"
"23040","KB국민은행, '2026년 하계 체험형 인턴' 모집… 디지털·IT·AI 등 3개 부...","16일 KB국민은행에 따르면 모집은 △디지털 △IT △AI/플랫폼 개발 등 총 3개 부문이다. 희망 지원자는 이달 24일까지 KB국민은행 채용 홈페이지를 통해 신청할 수 있다. 채용 절차는 △서류전형 △역량 검사 △영상 면접...","kb국민은행 2026년 하계 체험형 인턴 모집 디지털 it ai 등 3개 부","39078","","0","IT,반도체,지수,은","13","N","2026-06-16 15:20:46","2026-06-16 15:43:56","2026-06-16 15:20:46","2026-06-16 15:20:54"
"23041","경찰, 성착취물 유포범 등 1500여명 검거…해외 서버 사이트 집중 단속","","경찰 성착취물 유포범 등 1500여명 검거 해외 서버 사이트 집중 단속","39080","","0","IT","2","N","2026-06-16 15:20:46","2026-06-16 15:21:00","2026-06-16 15:20:46",""
"23042","[#게임스테이션] '배그' Ally Duo 모드·'솔' 사전 다운로드·'미메시스'...","","게임스테이션 배그 ally duo 모드 솔 사전 다운로드 미메시스","39081","","0","IT","4","N","2026-06-16 15:20:46","2026-06-16 15:21:00","2026-06-16 15:20:46",""
"23043","하츠투하츠 화보, 러블리+청량 매력 발산..“하투하는 무지개 같은 팀”","","하츠투하츠 화보 러블리 청량 매력 발산 하투하는 무지개 같은 팀","39082","","0","IT","2","N","2026-06-16 15:20:46","2026-06-16 15:21:00","2026-06-16 15:20:46",""
"23044","저작권위 블로그, 네이버AI브리핑 인용 보니…""111만회""","한국저작권위원회(저작권위)는 위원회 공식 블로그가 네이버의 인공지능 기반 검색 서비스인 '네이버 AI 브리핑' 누적 인용수 111만회를 기록하며 6월 '네이버 메이트' IT·테크 분야에 선정됐다고 16일 밝혔다. '네이버...","저작권위 블로그 네이버 메이트 it 테크 분야 선정","40606","","0","IT","3","N","2026-06-16 15:20:47","2026-06-16 15:33:11","2026-06-16 15:20:47","2026-06-16 15:33:11"
"23045","""내일을 위해 어제의 교훈을 나눈다""... AI 보편화 시대, '맥락의 복리'...","","내일을 위해 어제의 교훈을 나눈다 ai 보편화 시대 맥락의 복리","39085","","0","IT","3","N","2026-06-16 15:20:47","2026-06-16 15:21:00","2026-06-16 15:20:47",""
"23046","신동빈 회장 ""AX는 생존 과제""…롯데, 전 임직원 AI 역량 강화","롯데는 그룹 차원의 AX 전략을 구체화하기 위해 오는 18일부터 1박 2일 일정으로 AI·IT 담당 임원 150여 명이 참석하는 전략회의도 개최한다. AX가 만드는 진짜 가치(Core Value, Powered by AX)를 주제로 실적 기반 AX 전략과 AI...","신동빈 회장 ax는 생존 과제 롯데 전 임직원 ai 교육 나선다","40472","","0","IT","6","N","2026-06-16 15:20:47","2026-06-16 15:43:56","2026-06-16 15:20:47","2026-06-16 15:43:56"
"23047","Department stores' hottest item this year: Their own shares","It cited expectations for 26 percent same-store sales growth in the department store division in... In 2025, it pledged to retire at least 2 percen...","department stores hottest item this year their own shares","39089","","0","IT","1","N","2026-06-16 15:20:47","2026-06-16 15:20:47","2026-06-16 15:20:47",""
"23048","드라마 속 메뉴가 현실로…편의점, K-컬처와 만나다","","드라마 속 메뉴가 현실로 편의점 k 컬처와 만나다","39090","","0","게임","2","N","2026-06-16 15:20:47","2026-06-16 15:21:00","2026-06-16 15:20:47",""
"23049","김혜수, '오겜' 황동혁 차기작 촬영 끝냈다···김지훈과 밀착 투샷 '눈...","","김혜수 오겜 황동혁 차기작 촬영 끝냈다 김지훈과 밀착 투샷 눈","39091","","0","게임","2","N","2026-06-16 15:20:47","2026-06-16 15:21:00","2026-06-16 15:20:47",""
"23050","'윈드러너 키우기' 한국 및 대만 사전예약 개시","","윈드러너 키우기 한국 및 대만 사전예약 개시","39092","","0","게임","2","N","2026-06-16 15:20:47","2026-06-16 15:21:00","2026-06-16 15:20:47",""
"23051","넥슨, '2026 개발자 콘퍼런스' 개막…""주요 화두는 AI""","","넥슨 2026 개발자 콘퍼런스 개막 주요 화두는 ai","39093","","0","게임","2","N","2026-06-16 15:20:47","2026-06-16 15:21:00","2026-06-16 15:20:47",""
"23052","라인게임즈 '창세기전 모바일'에 신규 아우터 원 '철가면' 7월 7일 추가...","","라인게임즈 창세기전 모바일 에 신규 아우터 원 철가면 7월 7일 추가","39094","","0","게임","2","N","2026-06-16 15:20:47","2026-06-16 15:21:00","2026-06-16 15:20:47",""
"23053","강대현 넥슨 대표 ""AI 시대는 유저와 쌓아온 맥락이 중요""","그는 앞으로 게임은 구현의 수준이 아니라 맥락의 깊이로 경쟁할 것이라며 맥락이 유저의 마음을 움직일... 강 공동대표는 '맥락 자본'이라는 개념을 설명하며 게임 개발자의 장르 이해도와 취향 뿐 아니라 라이브 게임...","프롬프트로 못 만든다 넥슨 강대현 ai 시대 이길 치트키 맥락 자본","40624","","0","게임","3","N","2026-06-16 15:20:47","2026-06-16 15:33:11","2026-06-16 15:20:47","2026-06-16 15:33:11"
"23054","AI 동료와 협력 플레이…크래프톤, 'PUBG Ally' 베타 서비스 공개","크래프톤은 17일 PUBG: 배틀그라운드 아케이드에 인공지능(AI) 기술 PUBG Ally(이하 PUBG 엘라이)를 적용한 신규 모드 '엘라이 듀오(Ally Duo)'를 베타 서비스로 공개한다. 엘라이 듀오는 이용자가 AI 캐릭터인 엘라(Ella)와 2인...","배틀그라운드 ai 협동 엘리 듀오 ally duo 모드 17일 개시","40479","","0","게임","10","N","2026-06-16 15:20:47","2026-06-16 15:33:11","2026-06-16 15:20:47","2026-06-16 15:33:07"
"23055","지갑 여는 '우디·버즈' 전쟁…'토이스토리'와 손잡은 유통가","","지갑 여는 우디 버즈 전쟁 토이스토리 와 손잡은 유통가","39097","","0","게임","2","N","2026-06-16 15:20:47","2026-06-16 15:21:00","2026-06-16 15:20:47",""
"23056","AI 전환 속 신작 범람…넥슨 “사람, 맥락이 곧 경쟁력”","넥슨이 '2026 넥슨 개발자 콘퍼런스(NDC 26)'을 개최하고 인공지능(AI) 시대에 게임 산업이 나아갈 방향을 제시했다. AI를 적극적으로 차용하고, 게임 산업이 이용자들과 함께 쌓아온 고유의 경쟁력을 지키고 발전시켜야...","넥슨 게임 산업 ai 적극 차용하고 고유 경쟁력 키워야","40468","","0","게임","5","N","2026-06-16 15:20:47","2026-06-16 15:33:11","2026-06-16 15:20:47","2026-06-16 15:33:07"
"23057","진기주 “김무열 칭찬에 사르르 녹아‥의지만 한 것 같아 죄송” (참교...","","진기주 김무열 칭찬에 사르르 녹아 의지만 한 것 같아 죄송 참교","39100","","0","게임","2","N","2026-06-16 15:20:47","2026-06-16 15:21:00","2026-06-16 15:20:47",""
"23058","'딸깍딸깍' 키캡 유행이라는데…""소음 적당히"" 부글부글","","딸깍딸깍 키캡 유행이라는데 소음 적당히 부글부글","39101","","0","게임","1","N","2026-06-16 15:20:47","2026-06-16 15:20:47","2026-06-16 15:20:47",""
"23059","""모유 안 나와 자괴감"" 김영희, 조리원 시절 '젖동냥' 고민 [말자쇼]","","모유 안 나와 자괴감 김영희 조리원 시절 젖동냥 고민 말자쇼","39102","","0","게임","1","N","2026-06-16 15:20:47","2026-06-16 15:20:47","2026-06-16 15:20:47",""
"23060","전자서명 마친 MOU...‘60일 무료’ 호르무즈 통행료로 벌써부터 신경전","","전자서명 마친 mou 60일 무료 호르무즈 통행료로 벌써부터 신경전","39104","","0","통신","2","N","2026-06-16 15:20:47","2026-06-16 15:21:01","2026-06-16 15:20:47",""
"23061","행정소송에 집단소송까지…쿠팡 사면초가","","행정소송에 집단소송까지 쿠팡 사면초가","39105","","0","통신","2","N","2026-06-16 15:20:47","2026-06-16 15:21:01","2026-06-16 15:20:47",""
"23062","EU, 우크라이나·몰도바와 가입 협상 공식 개시 발표…“역사적인 순간...","","eu 우크라이나 몰도바와 가입 협상 공식 개시 발표 역사적인 순간","39106","","0","통신","2","N","2026-06-16 15:20:47","2026-06-16 15:21:01","2026-06-16 15:20:47",""
"23063","ETRI, AI 기반 스마트시티 국제표준화 주도","","etri ai 기반 스마트시티 국제표준화 주도","39107","","0","통신","2","N","2026-06-16 15:20:47","2026-06-16 15:21:01","2026-06-16 15:20:47",""
"23064","NC AI·MBC·NHN클라우드, 과기부 'AX원스톱바우처' 선정","","nc ai mbc nhn클라우드 과기부 ax원스톱바우처 선정","39108","","0","통신","3","N","2026-06-16 15:20:47","2026-06-16 15:21:01","2026-06-16 15:20:47",""
"23065","평택해경, 해루질 안전 캠페인 전개…""해루질 할 땐 간·절·해!""","","평택해경 해루질 안전 캠페인 전개 해루질 할 땐 간 절 해","39109","","0","통신","2","N","2026-06-16 15:20:47","2026-06-16 15:21:01","2026-06-16 15:20:47",""
"23066","국회노동포럼, 17일 '일하는 사람 기본법·근로자 추정제' 입법 방향 토...","발제는 김종진 일하는시민연구소 소장과 박은정 한국방송통신대학교 법학과 교수가 각각 진행한다. 이어 권오성 연세대학교 법학전문대학원 교수, 윤지영 직장갑질119 대표 변호사, 이신송 한국노총 정책2본부 국장...","국회노동포럼 17일 일하는 사람 기본법 근로자 추정제 입법 방향 토","39110","","0","통신","2","N","2026-06-16 15:20:47","2026-06-16 15:21:01","2026-06-16 15:20:47",""
"23067","잦은 고장 '울릉도~독도' 여객선…해수부, 긴급 점검 등 고삐 죈다","","잦은 고장 울릉도 독도 여객선 해수부 긴급 점검 등 고삐 죈다","39111","","0","기계","3","N","2026-06-16 15:20:48","2026-06-16 15:33:12","2026-06-16 15:20:48",""
"23068","어래산서 발견된 '경주중학교 뱃지'...75년 만에 증언을 역사로 바꾸다","","어래산서 발견된 경주중학교 뱃지 75년 만에 증언을 역사로 바꾸다","39112","","0","기계","5","N","2026-06-16 15:20:48","2026-06-16 15:33:12","2026-06-16 15:20:48","2026-06-16 15:20:48"
"23069","노동부, 아워홈 제조공장 8곳 감독 착수…1년 만에 또 끼임사고","고용부는 지난해 30대 노동자가 기계에 목이 끼여 숨진 사고가 발생한 지 약 1년 만에 유사 사고가 다시 발생한 점을 중대하게 보고 있다. 감독 대상은 사고가 발생한 용인2공장뿐 아니라 최근 끼임, 부딪힘, 절단 등 재해가...","용인공장 1년 만에 또 중대사고 아워홈 안전관리 체계 논란","40638","","0","기계","8","N","2026-06-16 15:20:48","2026-06-16 15:41:29","2026-06-16 15:20:48","2026-06-16 15:41:29"
"23070","'박지윤과 파경' 최동석, 이혼 후 달라진 얼굴..얼마나 변했길래 코끝이...","","박지윤과 파경 최동석 이혼 후 달라진 얼굴 얼마나 변했길래 코끝이","39114","","0","기계","2","N","2026-06-16 15:20:48","2026-06-16 15:21:01","2026-06-16 15:20:48",""
"23071","""오전 신청하면 당일 지급""…기계설비조합, 2026년 특별융자 시행","","오전 신청하면 당일 지급 기계설비조합 2026년 특별융자 시행","39115","","0","기계","2","N","2026-06-16 15:20:48","2026-06-16 15:21:01","2026-06-16 15:20:48",""
"23072","[#IT라운지] 모인 'NIPA 고성능 컴퓨팅 지원'·카톡 '국립공원 시설 예약...","","it라운지 모인 nipa 고성능 컴퓨팅 지원 카톡 국립공원 시설 예약","39116","","0","기계","3","N","2026-06-16 15:20:48","2026-06-16 15:21:01","2026-06-16 15:20:48",""
"23073","한국공학대 김효영 교수 백암논문상 수상","","한국공학대 김효영 교수 백암논문상 수상","39119","","0","기계","2","N","2026-06-16 15:20:48","2026-06-16 15:21:01","2026-06-16 15:20:48",""
"23074","인천 원창동 공장지대 화재 11시간만에 초진…건물 25개동 소실","","인천 원창동 공장지대 화재 11시간만에 초진 건물 25개동 소실","39120","","0","기계","2","N","2026-06-16 15:20:48","2026-06-16 15:21:01","2026-06-16 15:20:48",""
"23075","박찬대 인천시장 당선인, 서구 원창동 화재 현장 방문","원창동 기계제조공장 밀집지역 화재 현장을 찾아 상황을 보고받고 소방대원들과 의용소방대원들을... 박 당선인은 원창동 화재 현장 방문 후 페이스북에 올린 글에서 ""밤 사이 서구 기계제조 공장 일대 큰 불에 많이...","박찬대 인천시장 당선인 서구 원창동 화재 현장 방문","39122","","0","기계","2","N","2026-06-16 15:20:48","2026-06-16 15:21:01","2026-06-16 15:20:48",""
"23076","에너지밸리포럼 10년…광주·전남 에너지 대전환 선언","이날 행사에는 기후에너지환경부 에너지전환정책실장을 비롯해 한국전력공사, 전력거래소, 한국전력KDN, 한국전력기술(KPX) 등 에너지 공기업 관계자와 한국에너지공과대학교(KENTECH), 한국기계전기전자시험연구원...","에너지밸리포럼 10년 광주 전남 에너지 대전환 선언","39123","","0","기계","2","N","2026-06-16 15:20:48","2026-06-16 15:21:01","2026-06-16 15:20:48",""
"23077","경남테크노파크, 밀양서 만나는 우주과학…'벼리쏟아지는 우주탐험대' ...","","경남테크노파크 밀양서 만나는 우주과학 벼리쏟아지는 우주탐험대","39124","","0","항공","4","N","2026-06-16 15:20:48","2026-06-16 15:33:12","2026-06-16 15:20:48",""
"23078","손석락 공군참모총장, 공군 청주기지서 조종사들과 함께 비행","Eagle)' 훈련이 한창인 공군 청주기지를 찾아 조종사들과 함께 비행한 후 기념촬영을 하고 있다. 주기되어 있는 항공기는 왼쪽부터 F-15K, FA-50, KF-16, F-5, F-35A. (공군 제공. 재판매 및 DB금지) 2026.6.16/뉴스1","손석락 공군참모총장 공군 청주기지서 조종사들과 함께 비행","39126","","0","항공","8","N","2026-06-16 15:20:48","2026-06-16 15:43:58","2026-06-16 15:20:48","2026-06-16 15:43:58"
"23079","파라타항공, 국제선 환승 수요 확대… 2개월 새 환승객 23배 증가","","파라타항공 국제선 환승 수요 확대 2개월 새 환승객 23배 증가","39128","","0","항공","2","N","2026-06-16 15:20:48","2026-06-16 15:21:01","2026-06-16 15:20:48",""
"23080","금요일 출발, 일요일 복귀…한국인들이 가장 찾은 주말 해외도시는?","","금요일 출발 일요일 복귀 한국인들이 가장 찾은 주말 해외도시는","39129","","0","항공","2","N","2026-06-16 15:20:48","2026-06-16 15:21:01","2026-06-16 15:20:48",""
"23081","밀양, 최신 항공사진으로 공간정보 서비스 강화","","밀양 최신 항공사진으로 공간정보 서비스 강화","39130","","0","항공","2","N","2026-06-16 15:20:48","2026-06-16 15:21:01","2026-06-16 15:20:48",""
"23082","공군 소링 이글 훈련","","공군 소링 이글 훈련","39131","","0","항공","7","N","2026-06-16 15:20:48","2026-06-16 15:43:58","2026-06-16 15:20:48",""
"23083","[뮤:초점]‘럭키비키’의 부메랑‥장원영 공항 논란에 엄격한 잣대","장원영,한국공항공사 아이브 장원영의 출국 심사 과정에서 불거진 민원과 관련해 한국공항공사가 입장을 밝혔다. 사진=장원영 SNS 아이브 장원영의 공항 출국 장면으로 번진 '신원 확인 특혜' 논란에 한국공항공사가 입장을...","장원영 공항 태도 논란 거센 후폭풍 결국 공항 방침도 손본다","40648","","0","항공","5","N","2026-06-16 15:20:48","2026-06-16 15:33:12","2026-06-16 15:20:48","2026-06-16 15:33:12"
"23084","장원영 불성실 출국심사 논란에…공항공사 ""전 여객 동일"" 해명","","장원영 불성실 출국심사 논란에 공항공사 전 여객 동일 해명","39134","","0","항공","2","N","2026-06-16 15:20:48","2026-06-16 15:21:01","2026-06-16 15:20:48",""
"23085","""회사 반대편이라며..."" 대한항공 성폭력 피해자, '복직 후 괴롭힘' 노동...","","회사 반대편이라며 대한항공 성폭력 피해자 복직 후 괴롭힘 노동","39135","","0","항공","3","N","2026-06-16 15:20:48","2026-06-16 15:43:32","2026-06-16 15:20:48",""
"23086","""다낭 다음은 꾸이년?""…하나투어, 자라이성·FLC와 관광 활성화 맞손","","다낭 다음은 꾸이년 하나투어 자라이성 flc와 관광 활성화 맞손","39136","","0","항공","2","N","2026-06-16 15:20:48","2026-06-16 15:21:01","2026-06-16 15:20:48",""
"23087","'항공사 기장 살해' 김동환 ""국민참여재판 안 받겠다"" 번복","항공사 기장 6명을 살해하려고 계획하고 이 중 1명을 살해한 혐의 등으로 구속 기소된 전직 부기장 김동환(49)... 또 경찰에 신변 보호를 요청했던 항공사 기장 명단에 대해 사실조회를 신청했다. 김동환은 “사건 발생 직후...","기장 살해 전직 부기장 김동환 국민참여재판 철회 범행은 모두 인","40646","","0","항공","3","N","2026-06-16 15:20:48","2026-06-16 15:33:12","2026-06-16 15:20:48","2026-06-16 15:33:12"
"23088","애경산업, 자회사 '원씽' 흡수합병 완료…사업 재정비","자회사 '원씽'(ONE THING)을 흡수합병하며 생활용품과 색조화장품 중심 사업 구조를 재편하고 있다. 지난 3월 태광그룹 계열사 편입 이후 제시한 '2028년 화장품 매출 비중 50%' 목표를 달성하기 위한 첫 행보라는 평가가 나온다....","애경산업 자회사 원씽 흡수합병 완료 사업 재정비","39138","","0","화장품","11","N","2026-06-16 15:20:48","2026-06-16 15:43:28","2026-06-16 15:20:48","2026-06-16 15:43:28"
"23089","에이피알 메디큐브, 잠실 에비뉴엘 팝업 흥행…2만5000명 몰려","이번 팝업 스토어는 '핑크 글로우 테크 라운지(Pink Glow Tech Lounge)'를 콘셉트로 메디큐브 화장품과 에이지알(AGE-R) 뷰티 디바이스를 직접 체험할 수 있도록 구성됐다. ▲ [사진=에이피알] 특히 행사는 롯데백화점 에비뉴엘...","에이피알 메디큐브 잠실 팝업 열흘간 2만5000명 방문","40651","","0","화장품","13","N","2026-06-16 15:20:48","2026-06-16 15:33:12","2026-06-16 15:20:48","2026-06-16 15:33:12"
"23090","(재)헬스케어스파산업진흥원,국내 최초 굿스파 인증제도 시행","","재 헬스케어스파산업진흥원 국내 최초 굿스파 인증제도 시행","39141","","0","화장품","4","N","2026-06-16 15:20:48","2026-06-16 15:41:38","2026-06-16 15:20:48",""
"23091","'K-엑스포 스페인' 개최...390억 원 수출 상담 성과","","k 엑스포 스페인 개최 390억 원 수출 상담 성과","39143","","0","화장품","3","N","2026-06-16 15:20:48","2026-06-16 15:33:12","2026-06-16 15:20:48",""
"23092","대원제약 자회사 에스디생명공학 새 대표에 김혜원, 뷰티기업 26년 근무...","특히 지난 2023년 대원제약 계열사로 편입된 이후 화장품 사업 경쟁력을 높이는 데 주력하고 있다. 김 신임... 이와 함께, 제품 개발과 국내외 리테일 영업 역량을 강화해 화장품 사업 분야의 성장을 본격화한다는 계획을...","대원제약 자회사 에스디생명공학 김혜원 신임 대표 영입","40652","","0","화장품,바이오,원전","32","N","2026-06-16 15:20:49","2026-06-16 15:43:26","2026-06-16 15:20:49","2026-06-16 15:43:26"
"23093","재외동포청, 스페인 K-비즈니스 박람회 지원…유럽 판로 개척 성과","","재외동포청 스페인 k 비즈니스 박람회 지원 유럽 판로 개척 성과","39146","","0","화장품","3","N","2026-06-16 15:20:49","2026-06-16 15:33:12","2026-06-16 15:20:49",""
"23094","[건강 365] 기온 상승에 묶음머리 증가… 자연스러운 헤어라인 교정 상...","","건강 365 기온 상승에 묶음머리 증가 자연스러운 헤어라인 교정 상","39147","","0","화장품","2","N","2026-06-16 15:20:49","2026-06-16 15:21:01","2026-06-16 15:20:49",""
"23095","초록우산 인천본부, 자립준비 청년 일자리 창출 나선다","","초록우산 인천본부 자립준비 청년 일자리 창출 나선다","39148","","0","화장품","2","N","2026-06-16 15:20:49","2026-06-16 15:21:01","2026-06-16 15:20:49",""
"23096","美 증시 훈풍, 코스피 8700선 회복…외국인·기관 1.1조 '사자'","","증시 훈풍 코스피 8700선 회복 외국인 기관 1 1조 사자","39151","","0","음식료","16","N","2026-06-16 15:20:49","2026-06-16 15:41:27","2026-06-16 15:20:49","2026-06-16 15:20:49"
"23097","코스피, '상승폭 다소 둔화' 8,600선 등락…한때 하락 전환도","","코스피 상승폭 다소 둔화 8 600선 등락 한때 하락 전환도","39152","","0","음식료","4","N","2026-06-16 15:20:49","2026-06-16 15:41:13","2026-06-16 15:20:49",""
"23098","[최석원 칼럼] 초유의 증시 랠리, 잊지 말아야 할 4가지 투자 원칙","","최석원 칼럼 초유의 증시 랠리 잊지 말아야 할 4가지 투자 원칙","39155","","0","음식료","3","N","2026-06-16 15:20:49","2026-06-16 15:33:12","2026-06-16 15:20:49",""
"23099","원가 폭등 덮친 K-산업, 생존은 P(가격)와 Q(물량)","","원가 폭등 덮친 k 산업 생존은 p 가격 와 q 물량","39156","","0","음식료","3","N","2026-06-16 15:20:49","2026-06-16 15:33:12","2026-06-16 15:20:49",""
"23100","환차손 걱정 덜어낸 증시… 환율하락 테마, 실적 턴어라운드 정조준","","환차손 걱정 덜어낸 증시 환율하락 테마 실적 턴어라운드 정조준","39157","","0","음식료","9","N","2026-06-16 15:20:49","2026-06-16 15:41:36","2026-06-16 15:20:49",""
"23101","[굿모닝! 글로벌 뉴욕증시] 종전 기대에 유가 급락…스페이스X 흥행까지...","","굿모닝 글로벌 뉴욕증시 종전 기대에 유가 급락 스페이스x 흥행까지","39158","","0","음식료","3","N","2026-06-16 15:20:49","2026-06-16 15:33:12","2026-06-16 15:20:49",""
"23102","모두가 반도체만 사는데, 면비디아? “다시 투자해 볼 타이밍” [종목P...","","모두가 반도체만 사는데 면비디아 다시 투자해 볼 타이밍 종목p","39159","","0","음식료","3","N","2026-06-16 15:20:49","2026-06-16 15:33:12","2026-06-16 15:20:49",""
"23103","변동성 극심한데...여의도서 추천하는 단기 투자 유망주","각각 조선·금융·음식료·반도체 기판으로 업종은 서로 다르지만, 공통적으로 실적 개선 여력이나 중장기... 음식료 업종에서는 오리온이 포함됐다. 중국·베트남·러시아 매출이 큰 폭으로 성장하며 해외법인 중심의...","변동성 극심한데 여의도서 추천하는 단기 투자 유망주","39160","","0","음식료","3","N","2026-06-16 15:20:49","2026-06-16 15:33:12","2026-06-16 15:20:49",""
"23104","현실 문제 파고든 K-콘텐츠, 흥행 넘어 사회 변화 이끈다","","현실 문제 파고든 k 콘텐츠 흥행 넘어 사회 변화 이끈다","39161","","0","지수","1","N","2026-06-16 15:20:49","2026-06-16 15:20:49","2026-06-16 15:20:49",""
"23105","[유통24시] 오뚜기, 창업자 기념 공간 '함태호홀' 개관 外","","유통24시 오뚜기 창업자 기념 공간 함태호홀 개관","39162","","0","은","4","N","2026-06-16 15:20:50","2026-06-16 15:43:50","2026-06-16 15:20:50",""
"23106","전기차 캐즘 속 빛나는 토요타 HEV ‘뚝심’…신형 RAV4로 흥행가도","","전기차 캐즘 속 빛나는 토요타 hev 뚝심 신형 rav4로 흥행가도","39163","","0","은,IT","1","N","2026-06-16 15:20:50","2026-06-16 15:20:50","2026-06-16 15:20:50",""
"23107","국힘 소장파 반발에도…장동혁 ""목표는 재선거""","","국힘 소장파 반발에도 장동혁 목표는 재선거","39164","","0","은","1","N","2026-06-16 15:20:50","2026-06-16 15:20:50","2026-06-16 15:20:50",""
"23108","로지스올그룹, IPIC 2026에서 한국형 피지컬 인터넷 LAPI 유닛로드 표준...","통한 시스템 통합을 뜻한다. 채 본부장은 FMCG, 농산물, 산업제품 분야의 표준화 사례를 소개했다. FMCG와 식품 산업에서는 일회용 종이박스를 재사용 가능한 RRCC로 대체했다. 농수산물 분야는 배추, 멜론, 토마토...","로지스올 ipic 2026서 lapi의 유닛로드 표준화 사례 발표","40541","","0","은,음식료,자동차","3","N","2026-06-16 15:20:50","2026-06-16 15:33:09","2026-06-16 15:20:50","2026-06-16 15:33:09"
"23109","[여행업계 이모저모] 홍콩관광청, 한국관광공사, 콘래드 서울 등","","여행업계 이모저모 홍콩관광청 한국관광공사 콘래드 서울 등","39166","","0","","1","N","2026-06-16 15:20:50","2026-06-16 15:20:50","2026-06-16 15:20:50",""
"23110","(단독)전문금융기관도 '깡통전세'에 당했다","","단독 전문금융기관도 깡통전세 에 당했다","39167","","0","금융,금,은","1","N","2026-06-16 15:20:50","2026-06-16 15:20:50","2026-06-16 15:20:50",""
"23111","창업보육센터 졸업기업 사후관리, 3년 의무에도 평가는 1년차 중심","","창업보육센터 졸업기업 사후관리 3년 의무에도 평가는 1년차 중심","39169","","0","","1","N","2026-06-16 15:20:50","2026-06-16 15:20:50","2026-06-16 15:20:50",""
"23112","번개장터·중고나라, AI 개인화 기술 도입 속도","","번개장터 중고나라 ai 개인화 기술 도입 속도","39170","","0","","1","N","2026-06-16 15:20:50","2026-06-16 15:20:50","2026-06-16 15:20:50",""
"23113","스페이스X '0주'…드러난 자본시장 체급","","스페이스x 0주 드러난 자본시장 체급","39171","","0","은","1","N","2026-06-16 15:20:50","2026-06-16 15:20:50","2026-06-16 15:20:50",""
"23114","'창업국가 대한민국'…뉴스토마토 창립 20주년 포럼","","창업국가 대한민국 뉴스토마토 창립 20주년 포럼","39172","","0","","1","N","2026-06-16 15:20:50","2026-06-16 15:20:50","2026-06-16 15:20:50",""
"23115","유통업계 반복되는 안전사고…안전경영 실효성 '논란'","","유통업계 반복되는 안전사고 안전경영 실효성 논란","39173","","0","은","1","N","2026-06-16 15:20:50","2026-06-16 15:20:50","2026-06-16 15:20:50",""
"23116","(제약·바이오 미래가치평가)③양적 팽창 끝난 K바이오…""실력·신뢰 쌓...","뉴스토마토 = 신태현 기자 | 국내 제약바이오 기업들이 지속 가능한 성장을 거두기 위해서는 단순한 양적... 관리 시스템을 구축하고, 문제가 발생했을 때 투명하고 신속하게 시장과 소통(IR)하는 구조를 만들어야 주가...","제약 바이오 미래가치평가 양적 팽창 끝난 k바이오 실력 신뢰 쌓","39174","","0","바이오","3","N","2026-06-16 15:20:50","2026-06-16 15:43:25","2026-06-16 15:20:50","2026-06-16 15:43:25"
"23117","닉네임도 돈 되는 세상…게임 선점 과열 조짐","","닉네임도 돈 되는 세상 게임 선점 과열 조짐","39175","","0","은,게임","1","N","2026-06-16 15:20:50","2026-06-16 15:20:50","2026-06-16 15:20:50",""
"23118","팔려도 안 팔려도 문제…골칫덩이 '예별손보'","","팔려도 안 팔려도 문제 골칫덩이 예별손보","39176","","0","은","2","N","2026-06-16 15:20:50","2026-06-16 15:33:17","2026-06-16 15:20:50",""
"23119","제닉스로보틱스, 주가 8천원대에 갇힌 140억 CB…첫 리픽싱 앞두고 큰손...","","제닉스로보틱스 주가 8천원대에 갇힌 140억 cb 첫 리픽싱 앞두고 큰손","39177","","0","금,은","1","N","2026-06-16 15:20:50","2026-06-16 15:20:50","2026-06-16 15:20:50",""
"23120","아라온실로 여는 개방형 스마트농업 시대","","아라온실로 여는 개방형 스마트농업 시대","39178","","0","은,사료","1","N","2026-06-16 15:20:50","2026-06-16 15:20:50","2026-06-16 15:20:50",""
"23121","[유통소식] 롯데마트 제타, 매월 정기 할인 '월간제타' 첫선","품목별로는 'BBQ 후라이드 순살치킨(300g)'과 '동원 퀴진 크리스피 모짜렐라 치즈 돈까스(300g)' 등 간식류를 비롯해 '매일 바이오 요거트 백도(85g·4입)', '빙그레 요플레 라이트 딸기(80g·4입)' 등 유제품·치즈 40여 종은 '1...","유통소식 롯데마트 제타 매월 정기 할인 월간제타 첫선","39179","","0","은,바이오","9","N","2026-06-16 15:20:50","2026-06-16 15:43:58","2026-06-16 15:20:50","2026-06-16 15:43:58"
"23122","글로벌도 주목한 '참교육'…무너진 공교육 현실 세계적 공감","","글로벌도 주목한 참교육 무너진 공교육 현실 세계적 공감","39180","","0","지수,은","4","N","2026-06-16 15:20:50","2026-06-16 15:20:50","2026-06-16 15:20:50","2026-06-16 15:20:50"
"23123","스타벅스 전 점포, 22일 오후 3시 조기 영업종료…전 직원 역사 인식교...","","스타벅스 전 점포 22일 오후 3시 조기 영업종료 전 직원 역사 인식교","39182","","0","","1","N","2026-06-16 15:20:50","2026-06-16 15:20:50","2026-06-16 15:20:50",""
"23124","경기 광주시 대표축제로 성장한 '퇴촌토마토축제'⋯ 안진근 조합장이 말...","","경기 광주시 대표축제로 성장한 퇴촌토마토축제 안진근 조합장이 말","39184","","0","금융,금","1","N","2026-06-16 15:20:50","2026-06-16 15:20:50","2026-06-16 15:20:50",""
"23125","[발전사 이모저모] 동서, 5천500억원 규모 제주 복합발전소 계약","","발전사 이모저모 동서 5천500억원 규모 제주 복합발전소 계약","39186","","0","은","1","N","2026-06-16 15:20:50","2026-06-16 15:20:50","2026-06-16 15:20:50",""
"23126","김제·남원·장수 연고기업 육성…전북TP, 3차 공모","장수군은 레드푸드(사과·토마토·오미자) 및 스마트농업 전·후방기업을 대상으로 경영·기술컨설팅... 한편, 신청은 방문·우편 접수 없이 기업지원사업 관리시스템(RMS)을 통해 온라인으로만 진행된다. 세부 지원...","김제 남원 장수 연고기업 육성 전북tp 3차 공모","39187","","0","은,사료","1","N","2026-06-16 15:20:50","2026-06-16 15:20:50","2026-06-16 15:20:50",""
"23127","[데이터 뉴스룸] 에너지業 올 1분기 매출 소폭 뒷걸음질…삼성SDI 오르고...","","데이터 뉴스룸 에너지 올 1분기 매출 소폭 뒷걸음질 삼성sdi 오르고","39188","","0","은","2","N","2026-06-16 15:20:50","2026-06-16 15:41:16","2026-06-16 15:20:50",""
"23128","글로벌 완성차 수주 물량 쏟아지네... 에코프로비엠·엔켐 등 동반 급등","","글로벌 완성차 수주 물량 쏟아지네 에코프로비엠 엔켐 등 동반 급등","39189","","0","","13","N","2026-06-16 15:20:51","2026-06-16 15:43:57","2026-06-16 15:20:51",""
"23129","""북미 전력시장 뚫었다""…SK이터닉스, 대규모 ESS 가동에 주가 '활짝'","","북미 전력시장 뚫었다 sk이터닉스 대규모 ess 가동에 주가 활짝","39190","","0","자동차","6","N","2026-06-16 15:20:51","2026-06-16 15:43:51","2026-06-16 15:20:51",""
"23130","분리막 ‘90% 中 쏠림’⋯ K배터리 공급망 구멍 커졌다","아울러 더블유씨피(WCP)는 헝가리 공장 증설 등 해외 생산 거점 확대에 공을 들이는 중이다. 특히 분리막 업계는 AI 데이터센터 확산으로 대용량 전력을 장시간 저장하는 ESS용 배터리 수요가 늘면서 안전성 요구가...","분리막 90 쏠림 k배터리 공급망 구멍 커졌다","39191","","0","","1","N","2026-06-16 15:20:51","2026-06-16 15:20:51","2026-06-16 15:20:51",""
"23131","""위기엔 뭉쳐야 살 수 있다"" 자회사 흡수합병 나선 기업들","대진첨단소재도 100% 자회사 와이엠피라이팅을 흡수합병하기로 했다. 앞서 대진첨단소재는 지난해 6월 와이엠라이팅 지분 100%를 21억원에 인수했다. 이후 조직 안정화 등 과정을 거쳤다. 합병비율은 대진첨단소재와...","위기엔 뭉쳐야 살 수 있다 자회사 흡수합병 나선 기업들","39192","","0","은","1","N","2026-06-16 15:20:51","2026-06-16 15:20:51","2026-06-16 15:20:51",""
"23132","네패스·퀄리타스반도체 강세…시스템반도체주 차별화 장세","네패스아크는 4.85%, 가온칩스는 4.22%, 오픈엣지테크놀로지는 3.63%, 리노공업은 2.48% 각각 하락했다. 두산테스나는 7.28% 내리며 비교적 큰 낙폭을 기록했다. 대형 반도체주들은 견조한 흐름을 이어갔다. SK하이닉스는...","네패스 퀄리타스반도체 강세 시스템반도체주 차별화 장세","39193","","0","반도체,은,바이오","4","N","2026-06-16 15:20:51","2026-06-16 15:43:57","2026-06-16 15:20:51","2026-06-16 15:22:49"
"23133","[그린 인사이드] 삼성전자, 뇌와 반도체 잇는 BCI 시대 연다","TF에는 Arm, 시높시스, 케이던스, 오픈엣지테크놀로지, 퀄리타스반도체, 칩스앤미디어 등 반도체 IP 기업과 삼성전자 등 국내 파운드리 기업이 참여한다. TF는 사업에 참여하는 국내 팹리스 기업을 대상으로 반도체 IP...","산업부 국산 ai 반도체 기술개발 시동 삼성전자도 동참한다","39900","","0","반도체,은","8","N","2026-06-16 15:20:51","2026-06-16 15:30:50","2026-06-16 15:20:51","2026-06-16 15:30:50"
"23134","매경이 전하는 세상의 지식 (매-세-지, 6월 16일)","TF에는 삼성전자와 국내외 반도체 IP 기업인 Arm, 오픈엣지테크놀로지, 퀄리타스반도체 등이 참여했습니다. 향후 AI 반도체 구매 기업과 팹리스, 파운드리 기업 등이 컨소시엄을 맺어 국산 AI 반도체를 생산하고 탑재까지...","매경이 전하는 세상의 지식 매 세 지 6월 16일","39195","","0","반도체,은","3","N","2026-06-16 15:20:51","2026-06-16 15:21:01","2026-06-16 15:20:51","2026-06-16 15:20:53"
"23135","""대기업이 국산칩 써줘야""…삼성·Arm 뭉친 AI반도체 연합군","","대기업이 국산칩 써줘야 삼성 arm 뭉친 ai반도체 연합군","39196","","0","반도체","1","N","2026-06-16 15:20:51","2026-06-16 15:20:51","2026-06-16 15:20:51",""
"23136","[이슈] ""국산 AI칩 생태계 구축 본격화""…정부, 8000억 투입해 상용화 추...","반도체 제조지원 TF에서는 반도체 IP 기업 중에 Arm, 시높시스, 케이던스, 오픈엣지테크놀로지, 퀄리타스반도체, 칩스앤미디어 등이, 국내 파운드리 기업 중에서는 삼성전자가 함께 했다. 이 TF는 사업에 참여하는 국내...","이슈 국산 ai칩 생태계 구축 본격화 정부 8000억 투입해 상용화 추","39197","","0","반도체","7","N","2026-06-16 15:20:51","2026-06-16 15:20:51","2026-06-16 15:20:51","2026-06-16 15:20:51"
"23137","AI칩 설계부터 생산까지…민관 협력 생태계 만든다","","ai칩 설계부터 생산까지 민관 협력 생태계 만든다","39199","","0","반도체","1","N","2026-06-16 15:20:51","2026-06-16 15:20:51","2026-06-16 15:20:51",""
"23138","[포토] 2026년 AI 반도체 M.A.X 얼라이언스 상반기 총회","","포토 2026년 ai 반도체 m a x 얼라이언스 상반기 총회","39200","","0","반도체","1","N","2026-06-16 15:20:51","2026-06-16 15:20:51","2026-06-16 15:20:51",""
"23139","쓰리빌리언, 유럽인간유전학회 참가…AI 유전진단 역량 알려","AI 기반 희귀 유전질환 진단 기업 쓰리빌리언은 지난 13일부터 16일까지 스웨덴 예테보리에서 열린 ‘유럽인간유전학회(ESHG) 2026’에 참가해 AI 유전진단 서비스를 소개했다고 16일 밝혔다. 유럽인간유전학회는 전 세계...","쓰리빌리언 유럽인간유전학회 참가 ai 유전진단 역량 알려","39212","","0","은,금","14","N","2026-06-16 15:20:52","2026-06-16 15:20:52","2026-06-16 15:20:52","2026-06-16 15:20:52"
"23140","쓰리빌리언, 신생아·가족 유전진단 서비스 글로벌 시장 소개","","쓰리빌리언 신생아 가족 유전진단 서비스 글로벌 시장 소개","39213","","0","은,금","7","N","2026-06-16 15:20:52","2026-06-16 15:20:52","2026-06-16 15:20:52","2026-06-16 15:20:52"
"23141","[AI의료]뷰노-호흡기학회 MOU,의료 AI 임상 근거 강화 外 쓰리빌리언·뉴...","","ai의료 뷰노 호흡기학회 mou 의료 ai 임상 근거 강화 쓰리빌리언 뉴","39217","","0","","1","N","2026-06-16 15:20:52","2026-06-16 15:20:52","2026-06-16 15:20:52",""
"23142","6월 15일 주식시장 주요공시","(취득예정일:2026-06-16) ▶HD현대마린엔진, 삼성중공업과 468.13억원(최근 매출액대비 11.6%) 규모... 8%) 유형자산(토지) 처분 결정(처분예정일:2026-06-29) ▶엠앤씨솔루션, 보통주 1주당 2주 배정 무상증자...","6월 15일 주식시장 주요공시","39221","","0","금,항공","19","N","2026-06-16 15:20:52","2026-06-16 15:43:51","2026-06-16 15:20:52","2026-06-16 15:21:09"
"23143","쓰리빌리언, 서울아산병원 신생아 선별 국책사업 유전체 분석 위탁계약...","","쓰리빌리언 서울아산병원 신생아 선별 국책사업 유전체 분석 위탁계약","39229","","0","은","4","N","2026-06-16 15:20:52","2026-06-16 15:20:52","2026-06-16 15:20:52","2026-06-16 15:20:52"
"23144","외국인 '빛과전자·이노인스트루먼트'...기관 '케이뱅크·BNK금융'","","외국인 빛과전자 이노인스트루먼트 기관 케이뱅크 bnk금융","39241","","0","금융,금,조선","9","N","2026-06-16 15:20:52","2026-06-16 15:43:54","2026-06-16 15:20:52",""
"23145","""주주에게 아낌없이 돌려준다""... 대형 지주사·금융주 중심으로 매수세...","","주주에게 아낌없이 돌려준다 대형 지주사 금융주 중심으로 매수세","39244","","0","금융,금","5","N","2026-06-16 15:20:53","2026-06-16 15:43:45","2026-06-16 15:20:53",""
"23146","[특징주] 대한항공, 외인·기관 동반 매수에 강세…중동 리스크 완화 수...","반면 순매도 상위 품목에는 삼성E&A(028050), SK네트웍스(001740), SK증권(001510), 두산에너빌리티(034020)... 이리츠코크렙(088260) 등 소프트웨어 및 리츠 종목 등이 상위권으로 재편됐다. [참고 자료] 키움증권 외국인...","특징주 외국인 기관 대한항공 러브콜 흥아 삼성 한전도 픽","41808","","0","항공,IT,조선","9","N","2026-06-16 15:20:53","2026-06-16 15:43:59","2026-06-16 15:20:53","2026-06-16 15:43:28"
"23147","코스피, 중동 종전 MOU·뉴욕 AI 랠리 8600선 돌파…환율 1513원 출발","개별 종목 중에서는 TS트릴리온(29.96%), JW신약(29.94%), 코데즈컴바인(29.89%), 서산(29.88%), 유진테크놀로지(29.86%), 삼익제약(29.85%), 모바일어플라이언스(29.85%), 코스모로보틱스(29.85%), 현대약품(29.84%...","52주 최고가 8개 최저가 5개 코스피 8500대 회복","40167","","0","코스피,항공,바이오,환율,은,달러,반도체,자동차,금융,금리,코스닥,화학","10","N","2026-06-16 15:20:53","2026-06-16 15:43:55","2026-06-16 15:20:53","2026-06-16 15:43:55"
"23148","[더벨][상장리츠 리파이낸싱 점검] SK리츠, 수처리센터 대출 9월 만기…...","","더벨 상장리츠 리파이낸싱 점검 sk리츠 수처리센터 대출 9월 만기","39247","","0","은","1","N","2026-06-16 15:20:53","2026-06-16 15:20:53","2026-06-16 15:20:53",""
"23149","""매력 확 줄었다""…코스피 158% 뛸 때 6% 오른 리츠","","매력 확 줄었다 코스피 158 뛸 때 6 오른 리츠","39248","","0","코스피,금리,금,은","5","N","2026-06-16 15:20:53","2026-06-16 15:22:52","2026-06-16 15:20:53",""
"23150","강남역 2만평 프라임오피스 뜬다…코람코 1조원 투자","펀드나 리츠 등을 통해 거래 가능한 자산은 6개에 불과하다. 기준층 전용면적 450평 이상을 확보한 대형... 사업 파트너로는 SK디앤디가 참여한다. SK디앤디는 서울 주요 업무지구에서 22만평 이상의 오피스를 공급한...","강남역 2만평 프라임오피스 뜬다 코람코 1조원 투자","39249","","0","은","1","N","2026-06-16 15:20:53","2026-06-16 15:20:53","2026-06-16 15:20:53",""
"23151","앤씨앤 자회사 앤씨비아이티 ""경영권 변경 수반 투자유치 확정""","앤씨앤은 올해 초 넥스트칩을 연결대상회사에서 제외한 데 이어, 올 하반기부터는 앤씨비아이티도 연결대상회사에서 제외하게 된다. 이로써 앤씨앤은 그동안 연결 기준으로 발생했던 재무제표상의 부담 등 문제에서...","앤씨앤 자회사 앤씨비아이티 경영권 변경 수반 투자유치 확정","39250","","0","은","1","N","2026-06-16 15:20:53","2026-06-16 15:20:53","2026-06-16 15:20:53",""
"23152","AI 서버·전기차 다 잡는다…삼화전자, 전자부품 수요 폭발에 들썩","","ai 서버 전기차 다 잡는다 삼화전자 전자부품 수요 폭발에 들썩","39251","","0","","4","N","2026-06-16 15:20:53","2026-06-16 15:43:53","2026-06-16 15:20:53",""
"23153","두산로보틱스, 세아메카닉스와 'AI 디버링' MOU…제조 자동화 정조준","","두산로보틱스 세아메카닉스와 ai 디버링 mou 제조 자동화 정조준","39252","","0","은","1","N","2026-06-16 15:20:53","2026-06-16 15:20:53","2026-06-16 15:20:53",""
"23154","경북도, 中 북경·내륙권서 '글로벌 공급망' 영토 확장 나섰다","","경북도 북경 내륙권서 글로벌 공급망 영토 확장 나섰다","39253","","0","","1","N","2026-06-16 15:20:53","2026-06-16 15:20:53","2026-06-16 15:20:53",""
"23155","경북도, 중국 북경권 공략 본격화…투자유치·글로벌 공급망 확대 속도","","경북도 중국 북경권 공략 본격화 투자유치 글로벌 공급망 확대 속도","39254","","0","","2","N","2026-06-16 15:20:53","2026-06-16 15:20:53","2026-06-16 15:20:53","2026-06-16 15:20:53"
"23156","경북도, 중국 4개 도시 순회하며 산업협력과 투자유치 확대","지난 4월 상하이와 닝보, 선전 등 화남권 투자유치 활동에 이어 협력 범위를 중국 북부와 내륙권으로 넓혔다.행사에는 계양정밀, 위드시스템, 아이델, 뉴로메카, 세아메카닉스, 한국베어링산업협회 등 도내 주요 기업과...","경북도 중국 4개 도시 순회하며 산업협력과 투자유치 확대","39256","","0","","1","N","2026-06-16 15:20:53","2026-06-16 15:20:53","2026-06-16 15:20:53",""
"23157","일본 TEL 독점 깨졌다… 케이씨텍, SK하이닉스 공급망 진입","장비와 환경·인프라 분야에서는 뉴파워프라즈마와 지앤비에스에코, 로체시스템즈, 위드텍, 워트가 반도체 생산라인 확대에 따른 수혜 기대를 받고 있다. 브이엠과 기가비스, 파두, 미코 역시 고부가 장비와 AI 반도체...","일본 tel 독점 깨졌다 케이씨텍 sk하이닉스 공급망 진입","39257","","0","반도체","9","N","2026-06-16 15:20:53","2026-06-16 15:43:25","2026-06-16 15:20:53",""
"23158","[오늘의 증시일정] 한화솔루션·일동제약·버킷스튜디오 등","","오늘의 증시일정 한화솔루션 일동제약 버킷스튜디오 등","39258","","0","엔터테인먼트,바이오","3","N","2026-06-16 15:20:54","2026-06-16 15:22:53","2026-06-16 15:20:54",""
"23159","[N2 모닝 경제 브리핑-6월 16일] 美 증시, 미국과 이란 종전 협상 타결에...","엠앤씨솔루션(484870) : 보통주 1830만7800주 무상증자 결정, 1주당 액면가액 100원 - STX그린로지스(465770) : 썬에이스 매각 주관사로 삼정KPMG 선정 - HD현대마린엔진(071970) : 삼성중공업과 약 468억원 규모 선박엔진 공급...","n2 모닝 경제 브리핑 6월 16일 증시 미국과 이란 종전 협상 타결에","39259","","0","","11","N","2026-06-16 15:20:54","2026-06-16 15:41:30","2026-06-16 15:20:54","2026-06-16 15:21:09"
"23160","행정·상업·문화 결합 '관상복합청사' 수혜… 노량진뉴타운 '드파인 아...","","행정 상업 문화 결합 관상복합청사 수혜 노량진뉴타운 드파인 아","39261","","0","","2","N","2026-06-16 15:20:54","2026-06-16 15:43:48","2026-06-16 15:20:54",""
"23161","대신증권 “SK, AI 풀스택 가치 재평가…목표가 88만원 유지”","","대신증권 sk ai 풀스택 가치 재평가 목표가 88만원 유지","39263","","0","은","2","N","2026-06-16 15:20:54","2026-06-16 15:43:32","2026-06-16 15:20:54",""
"23162","SK스퀘어, 원스토어 지분 매각 변수는","","sk스퀘어 원스토어 지분 매각 변수는","39264","","0","","2","N","2026-06-16 15:20:54","2026-06-16 15:41:24","2026-06-16 15:20:54",""
"23163","종전 훈풍에 '서머랠리' 기대감…증시 주도권 다시 '반도체'로","삼성전기(3.35%)와 SK스퀘어(1.84%) 등 주요 정보기술(IT) 관련주 역시 동반 상승 중이다. 한지영 키움증권 연구원은 이 같은 업종 간 순환매와 성과 분산이 소수 업종 쏠림이 촉발했던 소외공포(FOMO) 현상을 진정시켜줄 수...","종전 훈풍에 서머랠리 기대감 증시 주도권 다시 반도체 로","39276","","0","반도체,은,IT,바이오,코스닥","4","N","2026-06-16 15:20:54","2026-06-16 15:43:36","2026-06-16 15:20:54","2026-06-16 15:33:16"
"23164","1000원만 넘기면 끝?…상폐 강화 앞두고 코스피·코스닥 284곳 '위험권'","/사진=한국거래소 ▲ 한미반도체 ""스페이스X에 500억원 출자"" ▲ 현대로템 임원진, 자사주 16억원 매입…""책임경영 실천"" ▲ 세방전지 ""자회사 세방리튬배터리 주식 921억원에 추가취득"" ▲ 엠앤씨솔루션, 주당 2.0주...","1000원만 넘기면 끝 상폐 강화 앞두고 코스피 코스닥 284곳 위험권","39278","","0","코스피,코스닥,은,반도체,엔터테인먼트","11","N","2026-06-16 15:20:55","2026-06-16 15:43:51","2026-06-16 15:20:55","2026-06-16 15:30:58"
"23165","LG유플러스, 고객혁신 결실…이용자보호·만족도 1위 석권","과거의 사후 수습 중심 대응에서 벗어나 인공지능(AI) 기술을 결합한 사전 예방형 시스템으로의 전면적인 전환이 외부 기관의 객관적인 지표와 평가를 통해 고스란히 입증되는 모습이다. 특히 통신사의 핵심 경쟁력이라...","통신사 이용자보호 평가 lg유플러스 최고 등급 skt kt 우수","40471","","0","은,통신","4","N","2026-06-16 15:20:55","2026-06-16 15:43:34","2026-06-16 15:20:55","2026-06-16 15:33:07"
"23166","거래소, 아스플로·피에스케이홀딩스 투자경고종목 지정","","거래소 아스플로 피에스케이홀딩스 투자경고종목 지정","39280","","0","은","7","N","2026-06-16 15:20:55","2026-06-16 15:41:36","2026-06-16 15:20:55",""
"23167","플라즈맵, ‘Plasmapp Day 2026’ 성공 마무리","지난 5월 31일, 차세대 플라즈마 의료기술 비전 공개  플라즈맵(대표 이윤철)이 지난 5월 31일 서울 웨스틴 파르나스 아틀라스홀에서 비전 선포 행사인 ‘Plasmapp Day 2026’을 개최했다. ‘The Future of Plasma MedTech’...","플라즈맵 plasmapp day 2026 성공 마무리","39281","","0","","1","N","2026-06-16 15:20:55","2026-06-16 15:20:55","2026-06-16 15:20:55",""
"23168","[레메디 IPO] 고평가 시선 속 KB증권, 신뢰 회복 '시험대' 놓여","","레메디 ipo 고평가 시선 속 kb증권 신뢰 회복 시험대 놓여","39282","","0","바이오","1","N","2026-06-16 15:20:56","2026-06-16 15:20:56","2026-06-16 15:20:56",""
"23169","[데이터 뉴스룸] 유통상사業 올 1분기 매출 외형 2조 넘게 불어…GS글로...","이외 ▲원준(-99.4%) ▲제일엠앤에스(-89.0%) ▲씨앤지하이테크(-78.9%) ▲한미반도체(-67.7%) ▲주성엔지니어링(-54.6%) ▲KC코트렐(-53.0%) ▲씨아이에스(-50.5%)도 최근 1년 새 1분기 매출이 50% 이상 감소한 것으로...","데이터 뉴스룸 기계 50곳 올 1분기 매출 1조 넘게 증가 hd건설기계","39958","","0","반도체,건설,기계","12","N","2026-06-16 15:20:56","2026-06-16 15:43:50","2026-06-16 15:20:56","2026-06-16 15:30:53"
"23170","AMAT도 반했네…티로보틱스, 자율주행 물류로봇 '돌풍'","","amat도 반했네 티로보틱스 자율주행 물류로봇 돌풍","39284","","0","은","7","N","2026-06-16 15:20:57","2026-06-16 15:43:22","2026-06-16 15:20:57",""
"23171","[인터뷰] 씨피시스템(주), 저분진·저소음 G클린체인으로 클린룸 시장 공...","","인터뷰 씨피시스템 주 저분진 저소음 g클린체인으로 클린룸 시장 공","39285","","0","","1","N","2026-06-16 15:20:57","2026-06-16 15:20:57","2026-06-16 15:20:57",""
"23172","글로벌 항공우주 팽창…케이피항공산업, 고부가 부품 국산화 선도","에스앤더블류와 한라IMS, 씨피시스템, 화인베스틸, 조선선재 역시 조선업 회복에 따른 기자재 수요 증가 기대감이 반영되고 있다. 반면 대창솔루션은 차익실현 매물이 출회되며 하락세를 보이고 있다. 최근 상승폭이 컸던...","글로벌 선박 발주에 자주국방 바람까지 대양전기공업 고부가 해양 시","39682","","0","조선,은,철강,방산,통신,항공","11","N","2026-06-16 15:20:57","2026-06-16 15:43:41","2026-06-16 15:20:57","2026-06-16 15:22:53"
"23173","한국 대표 소재 기업 한자리에 '2026 서울 프리미엄 텍스타일'","생산 시스템이 강점이다. 랄프로렌(Ralph Lauren), 휴고보스(Hugo Boss), 스톤 아일랜드(Stone Island), 씨피컴퍼니(C.P. Company), 토리버치(Tory Burch), 울리치(Woolrich), 새티스파이(Satisfy) 등 50...","한국 대표 소재 기업 한자리에 2026 서울 프리미엄 텍스타일","39287","","0","","7","N","2026-06-16 15:20:57","2026-06-16 15:43:42","2026-06-16 15:20:57",""
"23174","""글로벌 테크 공룡부터 피지컬 AI까지""... 'STK 2026', 코엑스 전관서 화...","","글로벌 테크 공룡부터 피지컬 ai까지 stk 2026 코엑스 전관서 화","39288","","0","","3","N","2026-06-16 15:20:57","2026-06-16 15:30:58","2026-06-16 15:20:57",""
"23175","공급망 불확실성 시대, 'AI 솔루션'에서 답을 찾다","","공급망 불확실성 시대 ai 솔루션 에서 답을 찾다","39289","","0","은","1","N","2026-06-16 15:20:57","2026-06-16 15:20:57","2026-06-16 15:20:57",""
"23176","비아이매트릭스, STK 2026서 기업 맞춤형 AI 에이전트 플랫폼 'TRINITY' 선...","비아이매트릭스는 오는 6월 10일(수)부터 12일(금)까지 사흘간 서울 코엑스(COEX) 전관에서 열리는 'STK 2026(스마트테크코리아)'에 참가해 기업 맞춤형 AI 에이전트 플랫폼 'TRINITY'를 중심으로 AI 기반 업무 혁신 솔루션을...","비아이매트릭스 stk 2026서 기업 맞춤형 ai 에이전트 플랫폼 trinity 선","39290","","0","금,IT","2","N","2026-06-16 15:20:57","2026-06-16 15:43:58","2026-06-16 15:20:57","2026-06-16 15:43:58"
"23177","""술자리만 즐기자"" 논알코올 찾거나...""돈 아끼자"" 독주 마신다[핑거푸...","","술자리만 즐기자 논알코올 찾거나 돈 아끼자 독주 마신다 핑거푸","39291","","0","은,음식료","1","N","2026-06-16 15:20:57","2026-06-16 15:20:57","2026-06-16 15:20:57",""
"23178","웨이브일렉트로, 군 통신·RF 고주파 기술로 첨단 방산 시장 선점","","웨이브일렉트로 군 통신 rf 고주파 기술로 첨단 방산 시장 선점","39293","","0","방산,은,통신","1","N","2026-06-16 15:20:57","2026-06-16 15:20:57","2026-06-16 15:20:57",""
"23179","AI 데이터센터 전력난 해결사… 빛과전자, 고효율 광모듈 수요 폭증","","ai 데이터센터 전력난 해결사 빛과전자 고효율 광모듈 수요 폭증","39294","","0","반도체,통신","1","N","2026-06-16 15:20:57","2026-06-16 15:20:57","2026-06-16 15:20:57",""
"23180","하부구조물부터 해저케이블까지… 풍력에너지 생태계, 증시 주도주 부상","","하부구조물부터 해저케이블까지 풍력에너지 생태계 증시 주도주 부상","39295","","0","","7","N","2026-06-16 15:20:57","2026-06-16 15:43:58","2026-06-16 15:20:57",""
"23181","RFHIC, 글로벌 AI 인프라 투자 붐 편승…중장기 실적 개선 청신호","한국거래소에 따르면 이날 오전 10시31분 현재  LS가 8.15% 상승한 41만8000원에 거래중이다. 전력망과 광통신... 광통신 부품 업체인 빛과전자와 자람테크놀로지, RF머트리얼즈는 비교적 안정적인 흐름을 유지하고 있다....","rfhic 글로벌 ai 인프라 투자 붐 편승 중장기 실적 개선 청신호","39296","","0","통신","1","N","2026-06-16 15:20:57","2026-06-16 15:20:57","2026-06-16 15:20:57",""
"23182","주민이 빚은 진도 매력, 체류형 관광 시동","'2026 관광두레 신규 주민사업체 공모'에서 '트루엔팜'과 '남도와 남미'가 최종 선정돼 기존 6개소를 더한 총... 새롭게 이름을 올린 '트루엔팜'은 진도의 특산 자원인 지초를 활용한 막걸리 체험을 자체 개발해 운영하고 있다....","주민이 빚은 진도 매력 체류형 관광 시동","39297","","0","은","4","N","2026-06-16 15:20:58","2026-06-16 15:20:58","2026-06-16 15:20:58","2026-06-16 15:20:58"
"23183","[패트롤] 해남군-완도군-진도군","","패트롤 해남군 완도군 진도군","39299","","0","은","1","N","2026-06-16 15:20:58","2026-06-16 15:20:58","2026-06-16 15:20:58",""
"23184","진도군, 관광두레 주민사업체 8개소 체계 구축","","진도군 관광두레 주민사업체 8개소 체계 구축","39300","","0","은","2","N","2026-06-16 15:20:58","2026-06-16 15:20:58","2026-06-16 15:20:58","2026-06-16 15:20:58"
"23185","[진도군 소식] 민선 9기 비전 공유와 관광 경쟁력 강화 나서","","진도군 소식 민선 9기 비전 공유와 관광 경쟁력 강화 나서","39302","","0","은","1","N","2026-06-16 15:20:58","2026-06-16 15:20:58","2026-06-16 15:20:58",""
"23190","[AI의료]씨어스, 씽크 200곳 돌파·전문 인력 영입으로 고객 관리 체계 ...","","ai의료 씨어스 씽크 200곳 돌파 전문 인력 영입으로 고객 관리 체계","39311","","0","은","3","N","2026-06-16 15:20:58","2026-06-16 15:43:24","2026-06-16 15:20:58",""
"23191","아파트 안에 헬스케어 라운지…아크, 대웅제약과 맞손","대웅제약, 동아에스티, 유한양행 등 국내 제약사들이 디지털 헬스케어 사업 확장를 박차를 가하고 있어... 유한양행은 휴이노와 스마트 AI 텔레메트리 솔루션 '메모 큐(MEMO CUE)'를 고려대학교 안암병원 순환기내과...","대웅제약 디지털헬스케어 웰다 kt 임직원 혈당 체중 개선 효과 확인","41728","","0","은,바이오","8","N","2026-06-16 15:20:58","2026-06-16 15:43:24","2026-06-16 15:20:58","2026-06-16 15:43:24"
"23192","[전자·IT 레이더] LG전자·카페24·카카오,'사용자 편의 및 운영 효율' ...","","전자 it 레이더 lg전자 카페24 카카오 사용자 편의 및 운영 효율","39313","","0","IT","1","N","2026-06-16 15:20:58","2026-06-16 15:20:58","2026-06-16 15:20:58",""
"23193","[전자 레이더] 삼성전자, 디스플레이·모바일·가전 전 영역서 맞춤형 ...","","전자 레이더 삼성전자 디스플레이 모바일 가전 전 영역서 맞춤형","39314","","0","","2","N","2026-06-16 15:20:58","2026-06-16 15:21:02","2026-06-16 15:20:58",""
"23194","나새론, K-POP 홍보대사 선발대회 공식 협찬… K-뷰티 우수성 알린다","","나새론 k pop 홍보대사 선발대회 공식 협찬 k 뷰티 우수성 알린다","39316","","0","바이오,화장품","1","N","2026-06-16 15:20:58","2026-06-16 15:20:58","2026-06-16 15:20:58",""
"23195","삼성전자, 호텔용 아트 TV ‘더 프레임’ 공개","호텔용 더 프레임(모델명 HL03H)은 4K QLED 화질과 안티 글레어(Anti-Glare) 패널, 27.5mm 두께의 초슬림 베젤을... 삼성전자 호텔 전용 솔루션 ‘링크 클라우드(LYNK Cloud)’를 통해 객실 TV 상태와 서비스를 원격으로...","삼성전자 호텔용 더 프레임 공개 b2b 아트 tv 시장 공략","39894","","0","은,IT","14","N","2026-06-16 15:20:59","2026-06-16 15:41:10","2026-06-16 15:20:59","2026-06-16 15:41:10"
"23196","딥노이드, 영아 뇌 발달 추정 AI 논문 게재…""영상 솔루션 확장""","","딥노이드 영아 뇌 발달 추정 ai 논문 게재 영상 솔루션 확장","39318","","0","은","1","N","2026-06-16 15:20:59","2026-06-16 15:20:59","2026-06-16 15:20:59",""
"23197","[더벨]CG인바이츠, 이종근 전무 영입…환자여정 OS 사업화 시동","","더벨 cg인바이츠 이종근 전무 영입 환자여정 os 사업화 시동","39319","","0","은","1","N","2026-06-16 15:20:59","2026-06-16 15:20:59","2026-06-16 15:20:59",""
"23198","[2026 산업AX KOREA] 아이벡스, AI 검사부터 로봇 자율 제어까지 잇는 산...","","2026 산업ax korea 아이벡스 ai 검사부터 로봇 자율 제어까지 잇는 산","39320","","0","은","1","N","2026-06-16 15:20:59","2026-06-16 15:20:59","2026-06-16 15:20:59",""
"23199","SKT-KT, 하이퍼AI 네트워크 첫 실증사업 따냈다","","skt kt 하이퍼ai 네트워크 첫 실증사업 따냈다","39321","","0","화학","2","N","2026-06-16 15:20:59","2026-06-16 15:43:38","2026-06-16 15:20:59",""
"23200","SKT, AI 에이전트에 '26사번' 부여...전사 'AX 혁신 2.0' 본격 가동","AX 혁신 2.0은 AX가 조직 생산성의 획기적인 향상과 회사의 비즈니스 모델 혁신까지 이어질 수 있도록... 국내외 기업용 AX 솔루션 시장에서 독보적인 기술 신뢰도를 확보할 것으로 보고 있다. 정채윤 한국금융신문 기자","skt ai에 사번 부여 ax 혁신 2 0 시동","41322","","0","금융,금,은","2","N","2026-06-16 15:20:59","2026-06-16 15:41:22","2026-06-16 15:20:59","2026-06-16 15:41:22"
"23201","""고등교육 경고등""… 2026 EDUCAUSE 보고서, AI시대 대학 생존 조건 진단","또한 대학은 급변하는 환경 속에서 교육 모델 자체를 재설계해야 하는 전환기에 들어섰다고 평가했다.... 특히 거버넌스 체계 없이 검증되지 않은 AI 솔루션이나 외부 벤더 서비스를 무분별하게 도입할 경우...","고등교육 경고등 2026 educause 보고서 ai시대 대학 생존 조건 진단","39323","","0","은,엔터테인먼트,조선","2","N","2026-06-16 15:20:59","2026-06-16 15:22:59","2026-06-16 15:20:59","2026-06-16 15:22:59"
"23202","마이크로 LED 국산화 주도…광전자, 독보적 기술력으로 시장 정조준","서울반도체와 루멘스는 LED 분야 핵심 기술을 보유하고 있으며, 라온텍과 코세스도 마이크로 디스플레이와 반도체 후공정 장비 영역에서 성장 가능성이 거론된다. 시장에서는 마이크로 LED 산업이 아직 초기 성장...","마이크로 led 국산화 주도 광전자 독보적 기술력으로 시장 정조준","39324","","0","반도체","1","N","2026-06-16 15:20:59","2026-06-16 15:20:59","2026-06-16 15:20:59",""
"23203","[산업소식] 삼성전자, 체코 공항 세탁기 체험 공간 운영","","산업소식 삼성전자 체코 공항 세탁기 체험 공간 운영","39325","","0","금융,금","2","N","2026-06-16 15:20:59","2026-06-16 15:41:12","2026-06-16 15:20:59",""
"23204","케이뱅크, 궁금한 적금 with 밀리의서재 출시…한달 만기 시 1개월 구독...","","케이뱅크 궁금한 적금 with 밀리의서재 출시 한달 만기 시 1개월 구독","39326","","0","금리,금,은,금융","14","N","2026-06-16 15:20:59","2026-06-16 15:20:59","2026-06-16 15:20:59","2026-06-16 15:20:59"
"23205","[#통신 풍향계] KT '지니 TV' 개편-협력사 선금 지급·KT-고려대 'KSAFE-MM...","","통신 풍향계 kt 지니 tv 개편 협력사 선금 지급 kt 고려대 ksafe mm","39329","","0","금융,금,통신","1","N","2026-06-16 15:20:59","2026-06-16 15:20:59","2026-06-16 15:20:59",""
"23206","공정위, KT·밀리의서재 '부당지원 의혹' 현장조사 착수","","공정위 kt 밀리의서재 부당지원 의혹 현장조사 착수","39330","","0","통신,금","4","N","2026-06-16 15:20:59","2026-06-16 15:21:00","2026-06-16 15:20:59","2026-06-16 15:21:00"
"23207","요금제 단순화했지만…KT '필수팩' 명칭에 소비자 혼란 가중","","요금제 단순화했지만 kt 필수팩 명칭에 소비자 혼란 가중","39345","","0","금,은,통신","1","N","2026-06-16 15:21:00","2026-06-16 15:21:00","2026-06-16 15:21:00",""
"23208","요금제 줄였더니 부가서비스 폭탄… '통합요금제'가 불러온 꼼수 강매","","요금제 줄였더니 부가서비스 폭탄 통합요금제 가 불러온 꼼수 강매","39346","","0","금,은","1","N","2026-06-16 15:21:00","2026-06-16 15:21:00","2026-06-16 15:21:00",""
"23209","밀리의서재, 자립준비청년 지원…'나만 다른 스무살' 캠페인","15일 독서 플랫폼 kt 밀리의서재(이하 밀리의서재)는 월드비전과 함께 자립준비청년 지원 캠페인 '나만 다른 스무살'을 시작한다고 밝혔다. 밀리의서재에 따르면 '나만 다른 스무살' 캠페인은 스무살(만 18세)이 되면...","밀리의서재 자립준비청년 지원 나만 다른 스무살 캠페인","39347","","0","은","2","N","2026-06-16 15:21:00","2026-06-16 15:21:00","2026-06-16 15:21:00","2026-06-16 15:21:00"
"23210","현대스틸산업, 율촌산단에 국내 최대 ‘해상풍력 전용 마감장·인양장비...","","현대스틸산업 율촌산단에 국내 최대 해상풍력 전용 마감장 인양장비","39349","","0","IT","2","N","2026-06-16 15:21:00","2026-06-16 15:41:06","2026-06-16 15:21:00",""
"23211","밀양시, 여성친화도시 조성 전 부서 참여…44개 신규사업 발굴","","밀양시 여성친화도시 조성 전 부서 참여 44개 신규사업 발굴","39350","","0","IT","1","N","2026-06-16 15:21:00","2026-06-16 15:21:00","2026-06-16 15:21:00",""
"23212","짜장면 먹던 젠슨황처럼…샤오미 CEO도 길거리서 국수 '호로록'","","짜장면 먹던 젠슨황처럼 샤오미 ceo도 길거리서 국수 호로록","39351","","0","IT","2","N","2026-06-16 15:21:00","2026-06-16 15:33:08","2026-06-16 15:21:00",""
"23213","한글글꼴디자인 공모전 수상작 발표…62점 선정, 최고상 글꼴은 스마트...","","한글글꼴디자인 공모전 수상작 발표 62점 선정 최고상 글꼴은 스마트","39352","","0","은","1","N","2026-06-16 15:21:00","2026-06-16 15:21:00","2026-06-16 15:21:00",""
"23214","[Tech & Now] 뉴로메카, 휴머노이드 '에이르' 본격 사업화","","tech now 뉴로메카 휴머노이드 에이르 본격 사업화","39353","","0","은","2","N","2026-06-16 15:21:00","2026-06-16 15:41:37","2026-06-16 15:21:00",""
"23215","산돌, 보통주 49만여주 소각→주식수 감소","","산돌 보통주 49만여주 소각 주식수 감소","39354","","0","","1","N","2026-06-16 15:21:00","2026-06-16 15:21:00","2026-06-16 15:21:00",""
"23216","영월 특산품, 캐나다 현지인 입맛 사로잡았다…북미시장 진출 청신호","또 진흥원은 현지 네트워크 강화를 위해 BC주 한인회와 밴쿠버 산돌 엔터프라이즈와 업무협약을 하고 현지 홍보와 한인사회 네트워크를 활용한 시장 진출 지원,지역 간 경제·문화 교류 활성화 협력을 약속했다. 엄광열...","영월 특산품 캐나다 현지인 입맛 사로잡았다 북미시장 진출 청신호","39355","","0","은,엔터테인먼트","1","N","2026-06-16 15:21:00","2026-06-16 15:21:00","2026-06-16 15:21:00",""
"23217","숲, LCK 프로게이머 팟캐스트 '협곡 엔터키' 론칭","","숲 lck 프로게이머 팟캐스트 협곡 엔터키 론칭","39357","","0","게임","1","N","2026-06-16 15:21:00","2026-06-16 15:21:00","2026-06-16 15:21:00",""
"23218","[포토짤뉴스] NDC 이벤트존 ‘북적’…체험 기다리는 관람객들","","포토짤뉴스 ndc 이벤트존 북적 체험 기다리는 관람객들","39358","","0","게임","1","N","2026-06-16 15:21:00","2026-06-16 15:21:00","2026-06-16 15:21:00",""
"23219","고려아연, 신입사원 온보딩 강화…'KZ 루키즈 데이' 개최","드라마 '오징어 게임'에서 착안한 게임형 팀빌딩 활동도 진행해 협력과 신뢰의 중요성을 체감하도록 했다. 첫날 하이라이트는 최윤범 회장과의 대화였다. 최 회장은 신입사원들의 커리어 고민에 조언을 건네는 한편...","고려아연 신입사원 성장 프로그램 루키즈 데이 개최 최윤범 회장","41330","","0","게임","2","N","2026-06-16 15:21:00","2026-06-16 15:41:22","2026-06-16 15:21:00","2026-06-16 15:41:22"
"23220","베일 벗은 ‘사랑의 하츄핑’ 신작…SM 차세대 주자 재희·유하 OST 참여","""윈터 이어 재희·유하 떴다""…'사랑의 하츄핑2' OST 주인공 공개 SAMG엔터테인먼트가 오는 8월 개봉을 앞둔 극장판 애니메이션 ‘사랑의 하츄핑: 고래보석의 전설’의 티저 예고편을 공개하고 스페셜 OST 프로젝트의 첫...","베일 벗은 사랑의 하츄핑 신작 sm 차세대 주자 재희 유하 ost 참여","39361","","0","은,엔터테인먼트","3","N","2026-06-16 15:21:00","2026-06-16 15:21:01","2026-06-16 15:21:00","2026-06-16 15:21:01"
"23221","[더벨][i-point] SAMG엔터테인먼트 <사랑의 하츄핑: 고래보석의 전설> 티...","콘텐츠 기반 공간 기획사 닷밀이 글로벌 인기 애니메이션 IP ‘원피스(ONE PIECE)’를 활용한 워터 미디어... 닷밀은 자사의 실감미디어 기술력과 인큐베이스 스튜디오(INCUBASE Studio)의 오리지널 디자인 및 전시...","더벨 i point samg엔터테인먼트 티","39362","","0","엔터테인먼트,은","2","N","2026-06-16 15:21:00","2026-06-16 15:22:59","2026-06-16 15:21:00","2026-06-16 15:22:59"
"23222","[6월 16일] 동방정사의 오늘의 운세","▲신주배정기준일=한화솔루션(009830)(유상) ▲보통주추가상장=NAVER(035420)(주식매수선택권행사) ▲보통주추가상장=라온로보틱스·지니너스(국내CB) 올릭스·SAMG엔터(주식매수선택권행사) 이노스페이스...","오늘의 메모 6월 16일","42129","","0","엔터테인먼트","2","N","2026-06-16 15:21:00","2026-06-16 15:43:47","2026-06-16 15:21:00","2026-06-16 15:43:47"
"23223","[EBN 데이터센터] 15일 상승 종목 30選…현대약품, 탈모 건보 적용 검토...","상한가 대열 밖에서도 위더스제약이 8180원으로 22.82%, 지오엘리먼트가 8880원으로 21.48%, 엔비알모션이 1만1600원으로 21.21%, 좋은사람들이 1010원으로 20.53%, 비스토스가 3200원으로 17.86% 상승했다. 코스닥 상위권...","ebn 데이터센터 15일 상승 종목 30 현대약품 탈모 건보 적용 검토","39366","","0","코스닥,은,바이오","6","N","2026-06-16 15:21:01","2026-06-16 15:43:54","2026-06-16 15:21:01",""
"23224","TS트릴리온, 높은 인지도 바탕으로 실적 개선 청신호…헤어케어 시장 선...","","ts트릴리온 높은 인지도 바탕으로 실적 개선 청신호 헤어케어 시장 선","39367","","0","바이오,은","2","N","2026-06-16 15:21:01","2026-06-16 15:41:39","2026-06-16 15:21:01",""
"23225","[기업분석] 화장품 기업 84개사 2025년 영업익 평균 118억…전년比 15.4%...","6~10위는 토니모리(425.0%), 콜마비앤에이치(290.0%), 대봉엘에스(232.8%), 제이투케이바이오(198.0%), 마녀공장(197.8%)이다.  올해 1분기 기준 전년 동기 대비 영업이익액 증가율이 가장 큰 기업은...","기업분석 화장품 기업 84개사 2025년 영업익 평균 118억 전년 15 4","39368","","0","바이오,은,화장품","6","N","2026-06-16 15:21:01","2026-06-16 15:41:39","2026-06-16 15:21:01",""
"23226","기가비스, 中 반도체 기판 업체에 검사 장비 공급...72억 규모","","기가비스 반도체 기판 업체에 검사 장비 공급 72억 규모","39369","","0","반도체,금,은","3","N","2026-06-16 15:21:01","2026-06-16 15:21:01","2026-06-16 15:21:01","2026-06-16 15:21:01"
"23227","[VC펀드 줌인] 스틱벤처스, 반환점 넘은 2570억 이노베이션펀드…회수 ...","","vc펀드 줌인 스틱벤처스 반환점 넘은 2570억 이노베이션펀드 회수","39371","","0","반도체,은","6","N","2026-06-16 15:21:01","2026-06-16 15:41:39","2026-06-16 15:21:01",""
"23228","LG이노텍, AI 반도체 기판 수요 확대로 새 동력 확보… 실적 성장 궤도 ...","","lg이노텍 ai 반도체 기판 수요 확대로 새 동력 확보 실적 성장 궤도","39373","","0","반도체","1","N","2026-06-16 15:21:01","2026-06-16 15:21:01","2026-06-16 15:21:01",""
"23229","한수원, 장마철 앞두고 수력·양수 발전시설 홍수 대응체계 집중 점검","","한수원 장마철 앞두고 수력 양수 발전시설 홍수 대응체계 집중 점검","39374","","0","","6","N","2026-06-16 15:21:01","2026-06-16 15:33:12","2026-06-16 15:21:01","2026-06-16 15:21:02"
"23230","[단독] 발전5사, 전력거래 비중 10년 새 '반토막'⋯통폐합 명분 키우나","","단독 발전5사 전력거래 비중 10년 새 반토막 통폐합 명분 키우나","39375","","0","","2","N","2026-06-16 15:21:01","2026-06-16 15:33:12","2026-06-16 15:21:01",""
"23231","""기후변동성 위험 사전 차단한다""… 한수원, 전국 수력·양수 발전소 홍...","","기후변동성 위험 사전 차단한다 한수원 전국 수력 양수 발전소 홍","39376","","0","","2","N","2026-06-16 15:21:01","2026-06-16 15:33:12","2026-06-16 15:21:01",""
"23232","신규 원전·SMR 부지, 다음주 발표 [H-EXCLUSIVE]","","신규 원전 smr 부지 다음주 발표 h exclusive","39377","","0","원전,건설","2","N","2026-06-16 15:21:01","2026-06-16 15:33:12","2026-06-16 15:21:01",""
"23233","[경주 24시] 경주시, 408억원 투입해 '제2차 지방상수도 현대화사업' 추...","","경주 24시 경주시 408억원 투입해 제2차 지방상수도 현대화사업 추","39378","","0","","2","N","2026-06-16 15:21:01","2026-06-16 15:33:12","2026-06-16 15:21:01",""
"23234","김회천 한수원 사장, ""수력·양수발전소 홍수기 재해에 '만반 대비'""","한수원이 15일 김회천 사장 주관 수력,양수발전소 홍수기 재해 예방 체계를 점검했다. 컨슈머타임스=안성렬... 한국수력원자력(한수원)은 15일 김회천 사장 주관 하에 전국 수력·양수 사업소장들이 전원 참여한 '2026년 수력...","김회천 한수원 사장 수력 양수발전소 홍수기 재해에 만반 대비","39379","","0","","6","N","2026-06-16 15:21:01","2026-06-16 15:33:12","2026-06-16 15:21:01","2026-06-16 15:21:02"
"23235","‘한수원과 함께하는 경주 바람의 언덕 전국 힐클라임 대회’ 성료","","한수원과 함께하는 경주 바람의 언덕 전국 힐클라임 대회 성료","39380","","0","","8","N","2026-06-16 15:21:02","2026-06-16 15:33:12","2026-06-16 15:21:02","2026-06-16 15:21:02"
"23236","기후변화발 집중호우 대비…한수원, 홍수기 대응태세 재점검","","기후변화발 집중호우 대비 한수원 홍수기 대응태세 재점검","39381","","0","","2","N","2026-06-16 15:21:02","2026-06-16 15:33:12","2026-06-16 15:21:02",""
"23237","한수원, CEO 주관 수력‧양수 홍수기 대응체계 점검","","한수원 ceo 주관 수력 양수 홍수기 대응체계 점검","39384","","0","","4","N","2026-06-16 15:21:02","2026-06-16 15:33:12","2026-06-16 15:21:02","2026-06-16 15:21:02"
"23238","한빛원전 건식저장시설 착수…‘영구 저장’ 우려","","한빛원전 건식저장시설 착수 영구 저장 우려","39386","","0","원전","2","N","2026-06-16 15:21:02","2026-06-16 15:33:12","2026-06-16 15:21:02",""
"23239","""공공기관 분쟁, 중재 우선 검토 명문화해야""…감사 면책 제안도(종합)","","공공기관 분쟁 중재 우선 검토 명문화해야 감사 면책 제안도 종합","39388","","0","","2","N","2026-06-16 15:21:02","2026-06-16 15:33:12","2026-06-16 15:21:02",""
"23240","장사익·윤수일·고성현…경주 예술의전당 '우리소리' 공연","","장사익 윤수일 고성현 경주 예술의전당 우리소리 공연","39391","","0","","2","N","2026-06-16 15:21:02","2026-06-16 15:33:12","2026-06-16 15:21:02",""
"23241","한수원, 홍수기 총력 대응 돌입…전국 댐·발전소 안전망 점검","","한수원 홍수기 총력 대응 돌입 전국 댐 발전소 안전망 점검","39392","","0","","2","N","2026-06-16 15:21:02","2026-06-16 15:33:12","2026-06-16 15:21:02",""
"23242","경주 토함산 달린 자전거 물결…전국 힐클라임 1000명 집결","","경주 토함산 달린 자전거 물결 전국 힐클라임 1000명 집결","39393","","0","","2","N","2026-06-16 15:21:02","2026-06-16 15:33:12","2026-06-16 15:21:02",""
"23243","월성원자력본부, '전국 힐클라임 대회' 성료","","월성원자력본부 전국 힐클라임 대회 성료","39395","","0","","2","N","2026-06-16 15:21:02","2026-06-16 15:33:12","2026-06-16 15:21:02",""
"23244","""장마철 다가온다"" 한수원, 댐관리 점검 또 점검","","장마철 다가온다 한수원 댐관리 점검 또 점검","39396","","0","","2","N","2026-06-16 15:21:02","2026-06-16 15:33:12","2026-06-16 15:21:02",""
"23245","토함산 달린 전국 라이더들…경주 힐클라임 대회에 1000여 명 참가","","토함산 달린 전국 라이더들 경주 힐클라임 대회에 1000여 명 참가","39397","","0","","2","N","2026-06-16 15:21:02","2026-06-16 15:33:12","2026-06-16 15:21:02",""
"23246","[더벨]이뮨온시아, 유증에 1000억 실탄 장착 '상용화·빅딜' 조준","","더벨 이뮨온시아 유증에 1000억 실탄 장착 상용화 빅딜 조준","39399","","0","","1","N","2026-06-16 15:21:02","2026-06-16 15:21:02","2026-06-16 15:21:02",""
"23247","유한양행, 타법인 출자 8천억대…투자 선순환 본궤도","항암 분야에서는 이뮨온시아 장부가액이 673억7800만원으로 가장 크다. 이 밖에도 폐암 신약을 도입한 제이인츠바이오, AI 기반 신약개발 기업 온코마스터, 차세대 표적단백질분해(TPD) 항암제를 공동 개발 중인...","유한양행 타법인 출자 8천억대 투자 선순환 본궤도","39400","","0","바이오","1","N","2026-06-16 15:21:02","2026-06-16 15:21:02","2026-06-16 15:21:02",""
"23248","""AI가 광고 모델""…제약업계, 광고 전략 변화","동화약품은 올해 3·1절을 맞아 숏폼 콘텐츠를 통해 자사의 독립운동 지원 역사를 소개했다. 짧은 영상 안에 기업의 역사적 의미를 담아내며 젊은 세대와의 접점을 확대했다. 업계에서는 이 같은 변화의 배경으로 미디어...","ai가 광고 모델 제약업계 광고 전략 변화","39401","","0","바이오","3","N","2026-06-16 15:21:02","2026-06-16 15:41:34","2026-06-16 15:21:02","2026-06-16 15:41:34"
"23249","‘메이드인코리아’ 생활용품도 일본서 통했다","","메이드인코리아 생활용품도 일본서 통했다","39402","","0","음식료","2","N","2026-06-16 15:21:02","2026-06-16 15:33:13","2026-06-16 15:21:02",""
"23250","소화불량일 때 찾는 '활명수'...약국과 편의점 차이점은?","","소화불량일 때 찾는 활명수 약국과 편의점 차이점은","39403","","0","","2","N","2026-06-16 15:21:02","2026-06-16 15:33:13","2026-06-16 15:21:02",""
"23251","상장 제약·바이오사 1Q 평균 R&D비용 코스피 184억원, 코스닥 31억원 달...","","상장 제약 바이오사 1q 평균 r d비용 코스피 184억원 코스닥 31억원 달","39404","","0","바이오,코스피,코스닥","16","N","2026-06-16 15:21:02","2026-06-16 15:43:53","2026-06-16 15:21:02",""
"23252","[혁신인증 중간점검②] 준혁신형 쿼터 걸어도 풀어도 딜레마…삼진·제...","","혁신인증 중간점검 준혁신형 쿼터 걸어도 풀어도 딜레마 삼진 제","39405","","0","바이오","6","N","2026-06-16 15:21:02","2026-06-16 15:43:32","2026-06-16 15:21:02",""
"23253","매일 아침 톡! 다양한 블렌딩으로 즐기는 올리브 샷 시대","","매일 아침 톡 다양한 블렌딩으로 즐기는 올리브 샷 시대","39406","","0","바이오","2","N","2026-06-16 15:21:02","2026-06-16 15:33:13","2026-06-16 15:21:02",""
"23254","창업진흥원, 초격차 창업기업과 수요기업 AX 협업 연결","","창업진흥원 초격차 창업기업과 수요기업 ax 협업 연결","39407","","0","바이오","2","N","2026-06-16 15:21:02","2026-06-16 15:33:13","2026-06-16 15:21:02",""
"23255","[Generic Trend]허가·급여만 남은 탈리제 제네릭, 오리지널보다 먼저 급...","앞서 지난달 27일 동아에스티와 JW중외제약, 휴온스가 청구한 심판에서도 같은 심결을 내린 바 있다. 이에 따라 특허에 도전한 6개사 모두 특허 문제를 해소하게 됐다. 이번 심결에 따라 제네릭 조기 출시에는 한층 탄력이...","제네릭 먼저 급여될까 국내제약 통증약 탈리제 특허전 승기","41095","","0","바이오","4","N","2026-06-16 15:21:02","2026-06-16 15:43:24","2026-06-16 15:21:02","2026-06-16 15:41:12"
"23256","충북 약사 한자리에…실무·미래·교류 담은 팜페어 성황","앨리스랩, 컬러스토리, 디오니헬스케어, 크레소티, 라이온코리아, 유한양행, 동국제약, 동화약품, 종근당, 광동제약, 팜택스, 올댓페이, 제스파, 대웅제약, 대원제약, 일동제약, 동아제약, 한미약품, 봄금융서비스, 인바디...","충북 약사 한자리에 실무 미래 교류 담은 팜페어 성황","39409","","0","금융,바이오","2","N","2026-06-16 15:21:02","2026-06-16 15:33:13","2026-06-16 15:21:02",""
"23257","국립부경대, 북극항로 개척 위한 스마트 선박 연구 추진","","국립부경대 북극항로 개척 위한 스마트 선박 연구 추진","39410","","0","조선,은,기계","6","N","2026-06-16 15:21:02","2026-06-16 15:21:03","2026-06-16 15:21:02","2026-06-16 15:21:03"
"23258","“AI가 얼음바다 길 연다”…부산 대학-기업, 북극항로 겨냥한 ‘스마트...","","ai가 얼음바다 길 연다 부산 대학 기업 북극항로 겨냥한 스마트","39413","","0","","1","N","2026-06-16 15:21:02","2026-06-16 15:21:02","2026-06-16 15:21:02",""
"23259","""통신 끊기면 최첨단 무기도 무용지물""…휴니드, 군집 드론 핵심 축 부...","","통신 끊기면 최첨단 무기도 무용지물 휴니드 군집 드론 핵심 축 부","39414","","0","반도체,은,통신","1","N","2026-06-16 15:21:02","2026-06-16 15:21:02","2026-06-16 15:21:02",""
"23260","반도체 최강국이 왜 '국방반도체'는 98.9%나 수입?","","반도체 최강국이 왜 국방반도체 는 98 9 나 수입","39415","","0","반도체","2","N","2026-06-16 15:21:02","2026-06-16 15:41:10","2026-06-16 15:21:02",""
"23261","미래 모빌리티 대중교통 첫발 뗐다…고양시, 자율주행버스 '아이엠 고래...","","미래 모빌리티 대중교통 첫발 뗐다 고양시 자율주행버스 아이엠 고래","39416","","0","은","1","N","2026-06-16 15:21:03","2026-06-16 15:21:03","2026-06-16 15:21:03",""
"23262","아카라라이프, '2026 트렌드살롱'서 시니어 AIoT 솔루션 발표","","아카라라이프 2026 트렌드살롱 서 시니어 aiot 솔루션 발표","39419","","0","은","1","N","2026-06-16 15:21:03","2026-06-16 15:21:03","2026-06-16 15:21:03",""
"23263","북극항로 향한 부산의 도전… 국립부경대·지역기업, AI 선박기술 개발...","","북극항로 향한 부산의 도전 국립부경대 지역기업 ai 선박기술 개발","39422","","0","","1","N","2026-06-16 15:21:03","2026-06-16 15:21:03","2026-06-16 15:21:03",""
"23264","[산업 레이더] 아리바이오·비보존제약·우진, 오늘의 뉴스","","산업 레이더 아리바이오 비보존제약 우진 오늘의 뉴스","39424","","0","바이오,은","1","N","2026-06-16 15:21:03","2026-06-16 15:21:03","2026-06-16 15:21:03",""
"23265","이제는 에이전틱 AI 시대… AI 반도체 경쟁력 기준 달라진다","","이제는 에이전틱 ai 시대 ai 반도체 경쟁력 기준 달라진다","39425","","0","반도체,은,통신","1","N","2026-06-16 15:21:03","2026-06-16 15:21:03","2026-06-16 15:21:03",""
"23266","빔포밍부터 에너지 하베스팅까지, RF 기술의 경계를 넓히다","","빔포밍부터 에너지 하베스팅까지 rf 기술의 경계를 넓히다","39426","","0","바이오,은","1","N","2026-06-16 15:21:03","2026-06-16 15:21:03","2026-06-16 15:21:03",""
"23267","100m 밖 수위도 정밀 측정…(주)우리기술, 스마트 수위관측 기술 본격화","","100m 밖 수위도 정밀 측정 주 우리기술 스마트 수위관측 기술 본격화","39427","","0","은","1","N","2026-06-16 15:21:03","2026-06-16 15:21:03","2026-06-16 15:21:03",""
"23268","[전기차 전환을 넘어 모빌리티 혁명으로 (14)] LG그룹, 근육에서 두뇌까...","","전기차 전환을 넘어 모빌리티 혁명으로 14 lg그룹 근육에서 두뇌까","39428","","0","은","1","N","2026-06-16 15:21:03","2026-06-16 15:21:03","2026-06-16 15:21:03",""
"23269","HD건설기계, 40톤급 파일드라이버 출시…건설 현장 '말뚝 박기' 전용 장...","","hd건설기계 40톤급 파일드라이버 출시 건설 현장 말뚝 박기 전용 장","39429","","0","건설,기계,IT","1","N","2026-06-16 15:21:03","2026-06-16 15:21:03","2026-06-16 15:21:03",""
"23270","[재계핫이슈] 한화오션의 전략, HD현대중공업의 기술 우위 뒤집어…KDDX...","정 회장은 자율운항 선박과 친환경 추진체계, 스마트 조선소, 생산 자동화 등 제조업의 디지털 전환을 주요... 한화오션이 함정을 건조하고, 한화시스템이 전투체계와 레이더를 공급하며, 한화에어로스페이스가...","재계핫이슈 한화오션의 전략 hd현대중공업의 기술 우위 뒤집어 kddx","39430","","0","조선,은","1","N","2026-06-16 15:21:03","2026-06-16 15:21:03","2026-06-16 15:21:03",""
"23271","""이륜차에서 종합 모빌리티로""…KR모터스, 사업확장 나선다","","이륜차에서 종합 모빌리티로 kr모터스 사업확장 나선다","39431","","0","자동차,항공","2","N","2026-06-16 15:21:03","2026-06-16 15:33:13","2026-06-16 15:21:03",""
"23272","[데이터 뉴스룸] 운송 업체 50곳 올 초반 매출 10%대 상승에 방긋…HD현...","","데이터 뉴스룸 운송 업체 50곳 올 초반 매출 10 대 상승에 방긋 hd현","39432","","0","항공,조선,자동차","4","N","2026-06-16 15:21:03","2026-06-16 15:43:47","2026-06-16 15:21:03",""
"23273","종합특검, 이창수 전 중앙지검장 첫 소환…김건희 사건 조사","김건희씨가 연루된 '도이치모터스 수사 무마 의혹', '양평 고속도로 이전 의혹' 등 수사도 '정점'인 윤 전... 부당대우, 사건사고와 미담 등 모든 얘깃거리를 알려주세요.이메일 : 카카오톡 : @노컷뉴스사이트 : https://url.kr/b71afn","종합특검 이창수 전 중앙지검장 첫 소환 김건희 사건 조사","39433","","0","자동차","4","N","2026-06-16 15:21:03","2026-06-16 15:33:13","2026-06-16 15:21:03","2026-06-16 15:21:03"
"23274","37kg 박민영, 생얼 미인 인증..모자로 가려도 눈부셔","","37kg 박민영 생얼 미인 인증 모자로 가려도 눈부셔","39434","","0","자동차","2","N","2026-06-16 15:21:03","2026-06-16 15:33:13","2026-06-16 15:21:03",""
"23275","MLCC 넘어 실리콘 캐패시터로…삼성전기, AI·광통신 시장 본격 공략","나노미터급 반도체 공정으로 만들어지는 부품으로 육안으로는 정확한 형태를 볼 수 없다. [사진... 실리콘 캐패시터는 단층 구조로, 10~100㎛(마이크로미터) 수준으로 극도로 얇게 제작할 수 있다. AI 반도체는 전력...","mlcc 넘어 실리콘 캐패시터로 삼성전기 ai 광통신 시장 본격 공략","39436","","0","반도체,통신","1","N","2026-06-16 15:21:03","2026-06-16 15:21:03","2026-06-16 15:21:03",""
"23276","불붙은 글로벌 AI 서버 투자 경쟁… 'HBM 선두' SK하이닉스, 독주 체제 굳...","LB인베스트먼트는 투자자산 가치 재평가 기대에도 약세를 보이고 있으며, 티에프이는 반도체 테스트 장비 업종 전반의 변동성 영향으로 조정을 받고 있다. 펨트론과 ISC는 상대적으로 큰 폭의 하락세를 나타내고...","불붙은 글로벌 ai 서버 투자 경쟁 hbm 선두 sk하이닉스 독주 체제 굳","39437","","0","반도체,은","1","N","2026-06-16 15:21:03","2026-06-16 15:21:03","2026-06-16 15:21:03",""
"23277","하이트진로, 태국 '새멧 인 러브 뮤직 페스티벌 2026' 후원사 참여","","하이트진로 태국 새멧 인 러브 뮤직 페스티벌 2026 후원사 참여","39438","","0","","8","N","2026-06-16 15:21:03","2026-06-16 15:33:13","2026-06-16 15:21:03","2026-06-16 15:21:04"
"23278","하이트진로, 태국 음악축제 참여…동남아 시장 공략","","하이트진로 태국 음악축제 참여 동남아 시장 공략","39439","","0","","14","N","2026-06-16 15:21:03","2026-06-16 15:33:13","2026-06-16 15:21:03","2026-06-16 15:21:04"
"23279","토마토, 여름 식음료 재료로 인기…토닉워터부터 프로틴파스타까지","","토마토 여름 식음료 재료로 인기 토닉워터부터 프로틴파스타까지","39440","","0","","3","N","2026-06-16 15:21:04","2026-06-16 15:43:27","2026-06-16 15:21:04",""
"23280","망고·수박도 아닌데…식음료업계 뒤흔드는 식품 뭐길래 [권 기자의 장...","","망고 수박도 아닌데 식음료업계 뒤흔드는 식품 뭐길래 권 기자의 장","39441","","0","음식료","3","N","2026-06-16 15:21:04","2026-06-16 15:43:27","2026-06-16 15:21:04",""
"23281","[식품·주류업계] 공정위 매일유업 방문…하이트진로 해외 페스티벌·롯...","▲하이트진로 하이트진로는 지난 6일 태국 코사멧섬에서 열린 대표 해변 음악 축제 Samed in Love Music Festival 2026에 후원사로 참여해 현지 소비자 접점을 확대했다. 행사장에는 '진로바(JINRO BAR)' 5곳이 운영됐고, 과일...","식품 주류업계 공정위 매일유업 방문 하이트진로 해외 페스티벌 롯","39442","","0","음식료,철강","7","N","2026-06-16 15:21:04","2026-06-16 15:43:27","2026-06-16 15:21:04","2026-06-16 15:43:27"
"23282","[유통가Info.] 과자에도 '제철'이 있다?… 제철코어의 확장 外","","유통가info 과자에도 제철 이 있다 제철코어의 확장","39443","","0","철강","3","N","2026-06-16 15:21:04","2026-06-16 15:43:50","2026-06-16 15:21:04",""
"23283","""1만4천명 공략"" 하이트진로, 태국 대표 해변 뮤직페스티벌 참여","","1만4천명 공략 하이트진로 태국 대표 해변 뮤직페스티벌 참여","39445","","0","","4","N","2026-06-16 15:21:04","2026-06-16 15:33:13","2026-06-16 15:21:04","2026-06-16 15:21:04"
"23284","하이트진로, 태국 ‘새멧 인 러브’ 접수… K-주류 열풍 이어간다","","하이트진로 태국 새멧 인 러브 접수 k 주류 열풍 이어간다","39447","","0","","2","N","2026-06-16 15:21:04","2026-06-16 15:33:13","2026-06-16 15:21:04",""
"23285","[유통 이모저모] 하이트진로, 제임슨, 서울장수 등","","유통 이모저모 하이트진로 제임슨 서울장수 등","39449","","0","","2","N","2026-06-16 15:21:04","2026-06-16 15:33:13","2026-06-16 15:21:04",""
"23286","[2026 유통포럼] 여명랑 전 대표 “소비자 관심은 ‘우리’에서 ‘나’...","","2026 유통포럼 여명랑 전 대표 소비자 관심은 우리 에서 나","39453","","0","","4","N","2026-06-16 15:21:04","2026-06-16 15:43:59","2026-06-16 15:21:04",""
"23287","태국 MZ세대 사로잡은 진로…하이트진로, 축제 현장서 2만4000개 판매","사진ㅣ하이트진로 하이트진로가 지난 6일 열린 태국 대표 해변 뮤직 페스티벌 ‘새멧 인 러브 뮤직 페스티벌 2026(Samed in Love Music Festival 2026)’에 후원사로 참여해 현지 시장 공략에 나섰다고 16일 밝혔다....","태국 mz세대 사로잡은 진로 하이트진로 축제 현장서 2만4000개 판매","39456","","0","","4","N","2026-06-16 15:21:04","2026-06-16 15:33:13","2026-06-16 15:21:04","2026-06-16 15:21:04"
"23288","하이트진로, 태국 해변 음악 축제서 JINRO 알리며 현지 공략","","하이트진로 태국 해변 음악 축제서 jinro 알리며 현지 공략","39457","","0","","2","N","2026-06-16 15:21:04","2026-06-16 15:33:13","2026-06-16 15:21:04",""
"23289","[굿모닝! 16일 식품업계 소식] 오뚜기·풀무원·CJ제일제당·매일유업·...","","굿모닝 16일 식품업계 소식 오뚜기 풀무원 cj제일제당 매일유업","39458","","0","음식료","2","N","2026-06-16 15:21:04","2026-06-16 15:33:13","2026-06-16 15:21:04",""
"23290","소주∙빵∙전력∙모빌리티까지…기업들 글로벌 접점 넓힌다","","소주 빵 전력 모빌리티까지 기업들 글로벌 접점 넓힌다","39459","","0","","2","N","2026-06-16 15:21:04","2026-06-16 15:33:13","2026-06-16 15:21:04",""
"23291","태국 해변 달군 ‘진로’ 열풍…뮤직 페스티벌서 2만 4000병 완판","","태국 해변 달군 진로 열풍 뮤직 페스티벌서 2만 4000병 완판","39464","","0","","2","N","2026-06-16 15:21:04","2026-06-16 15:33:13","2026-06-16 15:21:04",""
"23292","마티카바이오랩스, 아스리젠과 관절 연골재생 세포치료제 개발 협력","바이오스펙테이터=이주연 기자 | 와튼젤리 유래 중간엽줄기세포(WJ-MSC) 제조 CDMO 계약 차바이오텍(CHA Biotech)의 자회사인 마티카바이오랩스(Matica Biolabs)는 재생의료 전문기업 아스리젠(ArthRezen)과 와튼젤리 유래...","마티카바이오랩스 아스리젠과 관절 연골재생 세포치료제 개발 협력","39466","","0","바이오","17","N","2026-06-16 15:21:04","2026-06-16 15:21:05","2026-06-16 15:21:04","2026-06-16 15:21:05"
"23293","[BIO톡]큐로셀, 세계 최고 혈액학회 'Blood' 게재로 글로벌 기술력 검증...","","bio톡 큐로셀 세계 최고 혈액학회 blood 게재로 글로벌 기술력 검증","39469","","0","바이오","1","N","2026-06-16 15:21:04","2026-06-16 15:21:04","2026-06-16 15:21:04",""
"23294","[제약+] 셀트리온, 항암제 2종 베트남 출시 外","◆마티카바이오랩스, 아스리젠과 줄기세포 치료제 CDMO 계약 차바이오텍의 자회사인 마티카바이오랩스는 재생의료 전문기업 아스리젠과 와튼젤리 유래 중간엽줄기세포(WJ-MSC) 제조 CDMO 계약을 했다고 15일 밝혔다. 이번...","제약 셀트리온 항암제 2종 베트남 출시","39470","","0","바이오,IT","2","N","2026-06-16 15:21:04","2026-06-16 15:43:37","2026-06-16 15:21:04","2026-06-16 15:43:37"
"23295","KB스타리츠, 벨기에 부동산 리스크 선제 대응…유증 '방파제'","","kb스타리츠 벨기에 부동산 리스크 선제 대응 유증 방파제","39490","","0","","1","N","2026-06-16 15:21:05","2026-06-16 15:21:05","2026-06-16 15:21:05",""
"23296","KB스타리츠, 영업이익↑·당기순익↓…금융원가 증가가 원인","","kb스타리츠 영업이익 당기순익 금융원가 증가가 원인","39491","","0","금융,금,은","1","N","2026-06-16 15:21:05","2026-06-16 15:21:05","2026-06-16 15:21:05",""
"23297","[더벨]'하파크리스틴 인수' 케이엘앤, 휠라·타이틀리스트와 손 잡았다","","더벨 하파크리스틴 인수 케이엘앤 휠라 타이틀리스트와 손 잡았다","39492","","0","은","1","N","2026-06-16 15:21:06","2026-06-16 15:21:06","2026-06-16 15:21:06",""
"23298","[개장시황] 미·이란 종전 기대에 삼전닉스 급등...매수 사이드카도 발...","","개장시황 미 이란 종전 기대에 삼전닉스 급등 매수 사이드카도 발","39493","","0","","3","N","2026-06-16 15:21:06","2026-06-16 15:41:29","2026-06-16 15:21:06",""
"23299","[리스트] MVP 상위 20선...한양이엔지, GST 등 - 16일","수급, 밸류에이션, 펀더멘탈 모두 80점 이상 받은 종목은 GST, 리노공업, 디아이티, 한양이엔지, AP시스템, 마녀공장, 삼양엔씨켐, 미래에셋벤처투자 등이다. 전일 대비 새로 편입된 종목은...","리스트 mvp 상위 20선 gst 리노공업 등 15일","40034","","0","은","5","N","2026-06-16 15:21:06","2026-06-16 15:43:53","2026-06-16 15:21:06","2026-06-16 15:30:57"
"23300","'미국 Gen Z 목소리' 분석해 뷰티 시장 사로잡은 약대생","","미국 gen z 목소리 분석해 뷰티 시장 사로잡은 약대생","39495","","0","은,화장품","1","N","2026-06-16 15:21:06","2026-06-16 15:21:06","2026-06-16 15:21:06",""
"23301","""블루엠텍, 2026년은 GLP-1과 에스테틱으로 외형 확대""","""막대한 MAU 트래픽과 데이터 바탕, 다양한 분야로 사업 확장해 수익 창출할 것"" 하나증권은 15일 블루엠텍... 하나증권에 따르면 블루엠텍은 2018년 병의원 전문의약품 이커머스 플랫폼 '블루팜코리아'를 런칭한 이후...","블루엠텍 2026년은 glp 1과 에스테틱으로 외형 확대","39496","","0","은","3","N","2026-06-16 15:21:07","2026-06-16 15:21:07","2026-06-16 15:21:07","2026-06-16 15:21:07"
"23302","티엠씨, 최대주주·VC 지분 72% 보호예수 해제","","티엠씨 최대주주 vc 지분 72 보호예수 해제","39497","","0","은","2","N","2026-06-16 15:21:07","2026-06-16 15:30:59","2026-06-16 15:21:07",""
"23303","[상한가 종목] 현대약품-코스모로보틱스 이어 세미티에스-삼익제약 등 ...","코스모로보틱스는 상한가를 기록했다. 광통신 및 통신장비주 중 에치에프알(4.55%), RFHIC(3.51%), 빛과전자(3.33%), 케이엠더블유(2.71%) 등이 올랐고 오이솔루션(-3.22%), 센서뷰(-6.05%), 인텔리안테크(-6.20%) 등은...","상한가 종목 현대약품 코스모로보틱스 이어 세미티에스 삼익제약 등","39503","","0","은,바이오,코스닥,통신,반도체","9","N","2026-06-16 15:21:07","2026-06-16 15:43:54","2026-06-16 15:21:07","2026-06-16 15:30:55"
"23304","탈모 호재 'JW신약·위더스제약·현대약품'","92%), 큐리옥스바이오시스템즈(-5.95%), 뷰노(-5.91%) 오늘의 이슈 현대약품(▲29.84%): CAR-T '복지부, 하반기에 탈모치료 급여 확대 여부 검토 예정 큐로셀(▲3.30%): CAR-T '림카토' 임상 2상 결과, Blood 게재...","급등락주 짚어보기 탈모 건보 기대에 현대약품 jw신약 ts트릴리온 상","42185","","0","코스닥,은,바이오","9","N","2026-06-16 15:21:07","2026-06-16 15:43:54","2026-06-16 15:21:07","2026-06-16 15:43:49"
"23305","공모가 하회 새내기주 속출에도…'AI·로봇'은 살았다","","공모가 하회 새내기주 속출에도 ai 로봇 은 살았다","39506","","0","은,엔터테인먼트","4","N","2026-06-16 15:21:07","2026-06-16 15:31:01","2026-06-16 15:21:07",""
"23306","[코스닥 외국인] 알테오젠 아주IB투자 티에스이 담고...HPSP 리노공업 우...","","코스닥 외국인 알테오젠 아주ib투자 티에스이 담고 hpsp 리노공업 우","39509","","0","바이오,코스닥","3","N","2026-06-16 15:21:07","2026-06-16 15:22:49","2026-06-16 15:21:07",""
"23307","[마감시황] 미-이란 106일 만에 종전…국내 증시 활력 선사","","마감시황 미 이란 106일 만에 종전 국내 증시 활력 선사","39510","","0","바이오","4","N","2026-06-16 15:21:07","2026-06-16 15:43:54","2026-06-16 15:21:07",""
"23308","'스페이스X 0주'에 코인 사기까지… 금감원 '바쁘다 바뻐' [뉴스톡 웰스...","","스페이스x 0주 에 코인 사기까지 금감원 바쁘다 바뻐 뉴스톡 웰스","39511","","0","금,바이오","3","N","2026-06-16 15:21:07","2026-06-16 15:43:55","2026-06-16 15:21:07",""
"23309","젠슨 황·골드만 띄운 '피지컬AI'…스트라드비젼·빅웨이브로보틱스 IPO...","","젠슨 황 골드만 띄운 피지컬ai 스트라드비젼 빅웨이브로보틱스 ipo","39512","","0","","1","N","2026-06-16 15:21:07","2026-06-16 15:21:07","2026-06-16 15:21:07",""
"23310","AI·바이오·창업으로 산업 대전환… 시흥, 미래 첨단산업도시 시동","","ai 바이오 창업으로 산업 대전환 시흥 미래 첨단산업도시 시동","39514","","0","바이오,코스닥,은","1","N","2026-06-16 15:21:07","2026-06-16 15:21:07","2026-06-16 15:21:07",""
"23311","SK이터닉스 주가, 6월 15일 장중 49,900원 16.05% 상승","15일 오전 10시 18분 기준, 네이버페이 증권에 따르면 코스모로보틱스는 현재 21,050원에 거래되며 지난 종가 대비 8.90% 상승했다. 주가는 19,880원에 시작하여 19,880원과 22,200원 사이의 가격 범위를 형성했으며...","코스모로보틱스 주가 6월 15일 장중 21 050원 8 90 상승","39925","","0","","7","N","2026-06-16 15:21:07","2026-06-16 15:43:59","2026-06-16 15:21:07","2026-06-16 15:43:59"
"23312","코스피, 미·이란 종전 훈풍에 8,680선 안착…SK하이닉스 3%대 강세","해상 물류 불안 해소 기대감에 현대글로비스(+3.84%)와 CJ대한통운(+3.14%) 등 물류·운송주도 반등에 성공했다. 그 외에도 현대차(+6.59%), LGenergy솔루션(+5.13%), HD현대중공업(+9.85%), 삼성생명(+9.73%) 등 자동차, 배터...","코스피 미 이란 종전 훈풍에 8 680선 안착 sk하이닉스 3 대 강세","39517","","0","바이오,코스피,달러,자동차,환율,조선,코스닥,금리,건설","15","N","2026-06-16 15:21:07","2026-06-16 15:43:49","2026-06-16 15:21:07","2026-06-16 15:43:49"
"23313","파두, eSSD 컨트롤러 계약 종료일 또 연장","","파두 essd 컨트롤러 계약 종료일 또 연장","39519","","0","","1","N","2026-06-16 15:21:07","2026-06-16 15:21:07","2026-06-16 15:21:07",""
"23314","[오늘의 IR] 두산에너빌리티ㆍ케이뱅크ㆍ티쓰리 등","","오늘의 ir 두산에너빌리티 케이뱅크 티쓰리 등","39520","","0","은","4","N","2026-06-16 15:21:07","2026-06-16 15:43:57","2026-06-16 15:21:07",""
"23315","박영선 “스테이블코인법 지연은 국회 책임 방기…속도내야”","","박영선 스테이블코인법 지연은 국회 책임 방기 속도내야","39521","","0","금,은","1","N","2026-06-16 15:21:07","2026-06-16 15:21:07","2026-06-16 15:21:07",""
"23316","NH투자증권 70년대생 차기대표, '세대교체'보다 중요한 건 '환골탈태'","","nh투자증권 70년대생 차기대표 세대교체 보다 중요한 건 환골탈태","39522","","0","코스닥,은","1","N","2026-06-16 15:21:07","2026-06-16 15:21:07","2026-06-16 15:21:07",""
"23317","꿈과 광기 사이, 에크만의 '한여름 밤의 꿈'","","꿈과 광기 사이 에크만의 한여름 밤의 꿈","39524","","0","은","1","N","2026-06-16 15:21:08","2026-06-16 15:21:08","2026-06-16 15:21:08",""
"23318","[오늘의 IR] 대한항공ㆍ우리금융지주ㆍ파두 등","","오늘의 ir 대한항공 우리금융지주 파두 등","39525","","0","금융,금,항공","7","N","2026-06-16 15:21:08","2026-06-16 15:43:57","2026-06-16 15:21:08",""
"23319","눌렸던 소부장株 기지개…외인 매수에 주가도 '꿈틀'","이어 파두(440110)(1510억), HPSP(403870)(1060억), 테크윙(089030)(990억) 등 순매수 상위 5개 종목 중 4개가 소부장 종목이었다. 이 외에도 RFHIC(218410)(420억), 대주전자재료(078600)(390억), 서진시스템...","눌렸던 소부장 기지개 외인 매수에 주가도 꿈틀","39526","","0","","1","N","2026-06-16 15:21:08","2026-06-16 15:21:08","2026-06-16 15:21:08",""
"23320","[더벨][Company Watch] MGRV, 신당·왕십리 연내 착공…개발 디벨로퍼 '성...","MGRV는 지난해 말 기존 투자자인 TS인베스트먼트와 HB인베스트먼트로부터 130억원 규모 투자도 추가 유치했다. MGRV 관계자는 ""연내 신규 사업지 확보를 위해 수도권 주요 지역을 검토하고 있다""며 ""앞으로 운영수익과...","더벨 company watch mgrv 신당 왕십리 연내 착공 개발 디벨로퍼 성","39527","","0","","1","N","2026-06-16 15:21:08","2026-06-16 15:21:08","2026-06-16 15:21:08",""
"23321","중장년 커리어 플랫폼 상상우리 ""생활 속 AI 확산 이끈다""","","중장년 커리어 플랫폼 상상우리 생활 속 ai 확산 이끈다","39528","","0","은","2","N","2026-06-16 15:21:08","2026-06-16 15:21:08","2026-06-16 15:21:08","2026-06-16 15:21:08"
"23322","[특징주] 파인디앤씨, 파인엠텍 50% 할증 공개매수에 상한가","","특징주 파인디앤씨 파인엠텍 50 할증 공개매수에 상한가","39530","","0","은,금","2","N","2026-06-16 15:21:08","2026-06-16 15:21:08","2026-06-16 15:21:08","2026-06-16 15:21:08"
"23323","""폴드 울트라도 있네""…갤Z8 실물 유출에 갤럭시 부품주 강세","","폴드 울트라도 있네 갤z8 실물 유출에 갤럭시 부품주 강세","39533","","0","은,IT","1","N","2026-06-16 15:21:08","2026-06-16 15:21:08","2026-06-16 15:21:08",""
"23324","“회사 이전하니 세무조사부터 나오더라”…쇠퇴하는 지방엔 이유가 있...","지난해는 HD현대마린솔루션과 극동건설마저 경기도로 본사를 옮겼다. 한 향토기업 대표는 “제조업이 아니라 대출로 이자수익을 버는 은행이 부산 매출 1위 기업”이라며 부산 경제의 현주소를 탄식하기도 했다. 이런...","회사 이전하니 세무조사부터 나오더라 쇠퇴하는 지방엔 이유가 있","39549","","0","유가,은,건설","2","N","2026-06-16 15:21:08","2026-06-16 15:43:49","2026-06-16 15:21:08",""
"23325","[CEO Effect] 배를 기지로 바꾸다, 정기선의 '바다 영토' 확장","HD현대마린솔루션은 배를 인도한 뒤부터 폐선까지 부품·개조·탄소 관리 서비스를 제공하는 회사로 성장했다. 아비커스는 자율운항을 개발한다. HD한국조선해양은 메탄올·암모니아·전기추진 선박을 연구한다. 여기에...","ceo effect 배를 기지로 바꾸다 정기선의 바다 영토 확장","39550","","0","조선,은","1","N","2026-06-16 15:21:08","2026-06-16 15:21:08","2026-06-16 15:21:08",""
"23326","전력·조선·에너지까지 싹쓸이 상승… HD현대 그룹주 무슨 일?","해양 서비스 및 솔루션 사업을 담당하는 HD현대마린솔루션은 25만5000원으로 7500원(3.03%) 상승했다. 상대적으로 상승폭은 제한됐지만 해양 유지보수(MRO) 시장 성장 기대감이 지속되며 안정적인 흐름을 보였다....","전력 조선 에너지까지 싹쓸이 상승 hd현대 그룹주 무슨 일","39551","","0","조선,은","1","N","2026-06-16 15:21:08","2026-06-16 15:21:08","2026-06-16 15:21:08",""
"23327","[매경포럼] 기업 유치는 힘으로 안된다","지난해에는 HD현대마린솔루션과 극동건설마저 경기도로 본사를 옮겼다. 한 향토기업 대표는 ""제조업이 아니라 대출로 이자수익을 올리는 은행이 부산 매출 1위 기업""이라며 부산 경제의 현주소를 탄식하기도 했다. 이런...","매경포럼 기업 유치는 힘으로 안된다","39552","","0","은,건설","2","N","2026-06-16 15:21:08","2026-06-16 15:43:49","2026-06-16 15:21:08",""
"23328","[정기선 시대②]사업 통합·조직 효율화로 '100년 HD현대' 기틀 마련","지능형 솔루션 플랫폼이라는 새로운 시대를 열고 있다. 지난해 HD현대 회장을 맡은 그는 계열사 간 유기적... HD현대인프라코어, HD현대마린엔진, HD현대비나 인수 과정에도 관여하며 조선·건설기계·에너지 중심의...","정기선 시대 사업 통합 조직 효율화로 100년 hd현대 기틀 마련","39553","","0","조선,은,건설,기계","1","N","2026-06-16 15:21:09","2026-06-16 15:21:09","2026-06-16 15:21:09",""
"23329","변압기 없어서 못 판다… LS ELECTRIC·효성중공업 신고가 행진","초고압 케이블 분야의 강자인 대한전선과 글로벌 전력기기 시장의 선두 주자인 HD현대일렉트릭도 완만한... 해저케이블 시공 역량을 가진 LS마린솔루션이 상승세를 이어가고 있으며, 디지털 보호계전기 전문 기업인...","변압기 없어서 못 판다 ls electric 효성중공업 신고가 행진","39554","","0","","3","N","2026-06-16 15:21:09","2026-06-16 15:41:16","2026-06-16 15:21:09",""
"23330","한화엔진·STX엔진 강세…조선 호황에 엔진 관련주 동반 상승","이와 함께 HD현대마린솔루션, 세진중공업, 케이에스피, 동성화인텍, 성광벤드 등 조선 기자재 종목들도 동반 강세를 보이며 조선·엔진 밸류체인 전반에 대한 기대감을 반영했다. 전문가들은 조선업 호황이 이어질 경우...","한화엔진 stx엔진 강세 조선 호황에 엔진 관련주 동반 상승","39555","","0","조선,은","1","N","2026-06-16 15:21:09","2026-06-16 15:21:09","2026-06-16 15:21:09",""
"23331","AI·전기차가 당기는 전력 수요…한국전력, 인프라 투자 확대로 중장기...","대한전선과 LS마린솔루션은 초고압 케이블과 해저케이블 시장 성장 기대를 반영하며 상승세를 이어가고... HD현대일렉트릭 역시 글로벌 변압기 시장 강자로 평가받는다. 최근 북미 수출 증가와 수주 잔고 확대가...","ai 전기차가 당기는 전력 수요 한국전력 인프라 투자 확대로 중장기","39556","","0","은","3","N","2026-06-16 15:21:09","2026-06-16 15:41:17","2026-06-16 15:21:09",""
"23332","[코스피·코스닥, 한화오션 HD현대마린엔진 한미반도체 KCC건설 현대로템...","퍼블릭타임스=[코스피·코스닥, 한화오션 HD현대마린엔진 한미반도체 KCC건설 현대로템 삼보산업... 엠앤씨솔루션[484870], 주당 2.0주 무상증자 결정 ▲신도기연(290520)=29억 원 규모 자사주 소각 결정...","코스피 코스닥 한화오션 hd현대마린엔진 한미반도체 kcc건설 현대로템","39558","","0","반도체,코스피,코스닥,건설","5","N","2026-06-16 15:21:09","2026-06-16 15:43:51","2026-06-16 15:21:09","2026-06-16 15:30:55"
"23333","얼라인, 가비아에 '중복상장 해소' 압박…행동주의펀드, 주주가치 제고...","얼라인은 ""지난 12일 기준 가비아 종속회사 지분 가치는 실제 시장 가치 대비 약 64% 할인된 수준""이라며 ""모회사인 가비아뿐만 아니라 핵심 종속회사인 KINX를 비롯해 엑스게이트, 에스피소프트까지 모두 상장돼 있는데...","얼라인 가비아에 중복상장 해소 압박 행동주의펀드 주주가치 제고","39560","","0","은,코스닥","21","N","2026-06-16 15:22:48","2026-06-16 15:33:01","2026-06-16 15:22:48","2026-06-16 15:22:48"
"23334","[현장] 백남종 신임 서울대병원장 “필수의료 위기 속 국가 필수의료 최...","","현장 백남종 신임 서울대병원장 필수의료 위기 속 국가 필수의료 최","39569","","0","은","5","N","2026-06-16 15:22:48","2026-06-16 15:41:12","2026-06-16 15:22:48","2026-06-16 15:22:48"
"23335","BMW, 전기차·수소차 승부수…신형 iX5 공개 임박","","bmw 전기차 수소차 승부수 신형 ix5 공개 임박","39570","","0","IT","2","N","2026-06-16 15:22:48","2026-06-16 15:22:50","2026-06-16 15:22:48",""
"23336","[국립대병원 중심 지역완결형 의료체계 기반 마련] “서울 안 가도 암질...","","국립대병원 중심 지역완결형 의료체계 기반 마련 서울 안 가도 암질","39571","","0","바이오","8","N","2026-06-16 15:22:48","2026-06-16 15:22:50","2026-06-16 15:22:48","2026-06-16 15:22:48"
"23337","개발논리에 잃을 뻔한 700년 역사…주민들이 직접 지켰다","","개발논리에 잃을 뻔한 700년 역사 주민들이 직접 지켰다","39572","","0","은","2","N","2026-06-16 15:22:48","2026-06-16 15:22:50","2026-06-16 15:22:48",""
"23338","미국에서 6개월 걸릴 일이 '여기'선 6주… 대표 '기술 관광지' 된 선전","","미국에서 6개월 걸릴 일이 여기 선 6주 대표 기술 관광지 된 선전","39573","","0","은","2","N","2026-06-16 15:22:48","2026-06-16 15:22:50","2026-06-16 15:22:48",""
"23339","국립대병원 육성해 상경 진료 줄인다…충남대병원은 '첨단 재생'","","국립대병원 육성해 상경 진료 줄인다 충남대병원은 첨단 재생","39574","","0","은","4","N","2026-06-16 15:22:48","2026-06-16 15:22:50","2026-06-16 15:22:48","2026-06-16 15:22:48"
"23340","반도체 불량 잡더니 성심당 빵까지…일상에 녹아든 '피지컬 AI' [영상]","엔비디아의 물리 기반 시뮬레이션 플랫폼 ‘아이작 심’은 센서로 수집한 데이터를 기반으로 가상 데이터를 반복 생성해 AI를 학습시킨다. 현실에서 확보한 센서 데이터가 가상 공간에서 수만 배 확장돼 데이터 생산의...","피지컬 ai 눈과 귀 를 잡아라 반도체 다음 승부처는 센서","40087","","0","반도체,은","3","N","2026-06-16 15:22:48","2026-06-16 15:31:00","2026-06-16 15:22:48","2026-06-16 15:31:00"
"23341","국립대병원에 지역 전공의 20% 이상 배정…인건비 규제도 개선","","국립대병원에 지역 전공의 20 이상 배정 인건비 규제도 개선","39578","","0","은","6","N","2026-06-16 15:22:48","2026-06-16 15:22:50","2026-06-16 15:22:48","2026-06-16 15:22:48"
"23342","국립대병원 전문의수 '빅5' 수준으로…AI·데이터 지원 강화","","국립대병원 전문의수 빅5 수준으로 ai 데이터 지원 강화","39579","","0","은","2","N","2026-06-16 15:22:48","2026-06-16 15:22:50","2026-06-16 15:22:48",""
"23343","국립대병원 키운다…공공의료 데이터 통합·전공의 배정 20% 확대","","국립대병원 키운다 공공의료 데이터 통합 전공의 배정 20 확대","39580","","0","","2","N","2026-06-16 15:22:48","2026-06-16 15:22:50","2026-06-16 15:22:48",""
"23344","국립대병원 복지부 이관…5극 3특 거점병원 육성","","국립대병원 복지부 이관 5극 3특 거점병원 육성","39582","","0","바이오","2","N","2026-06-16 15:22:48","2026-06-16 15:22:50","2026-06-16 15:22:48",""
"23345","심홍순 경기도의원 예산 수요예측, 사업설계의 총체적 재점검 필요","","심홍순 경기도의원 예산 수요예측 사업설계의 총체적 재점검 필요","39587","","0","은","2","N","2026-06-16 15:22:48","2026-06-16 15:22:50","2026-06-16 15:22:48",""
"23346","[병원계 소식] 6월 15일","","병원계 소식 6월 15일","39588","","0","은","2","N","2026-06-16 15:22:48","2026-06-16 15:22:50","2026-06-16 15:22:48",""
"23347","[창간71주년 특집] 지방대학병원의 경쟁력 ⑦","","창간71주년 특집 지방대학병원의 경쟁력","39589","","0","바이오","4","N","2026-06-16 15:22:48","2026-06-16 15:22:50","2026-06-16 15:22:48",""
"23348","[조간브리핑] 무기화되는 美 'AI 모델'과 테크 패권의 프런티어","","조간브리핑 무기화되는 ai 모델 과 테크 패권의 프런티어","39590","","0","코스닥","2","N","2026-06-16 15:22:49","2026-06-16 15:22:50","2026-06-16 15:22:49",""
"23349","벡트, AID·심플랫폼과 협력체계 구축…""엣지 데이터센터 시장 공략""","AID는 앞서 심플랫폼과도 MDC 기반 디지털 인프라 확산을 위한 협약을 맺었다. 이번 협력을 통해 3사는... AID는 국내 최초로 정보기술(IT) 인프라와 AI 플랫폼을 결합한 ‘엣지형 컨테이너 MDC’를 상용화하고, 전원만...","벡트 aid 심플랫폼과 협력체계 구축 엣지 데이터센터 시장 공략","39591","","0","IT","6","N","2026-06-16 15:22:49","2026-06-16 15:22:50","2026-06-16 15:22:49","2026-06-16 15:22:49"
"23350","임실군, 고향사랑기부제지정 기부사업 2건 목표 조기 달성","","임실군 고향사랑기부제지정 기부사업 2건 목표 조기 달성","39593","","0","은","2","N","2026-06-16 15:22:49","2026-06-16 15:22:50","2026-06-16 15:22:49",""
"23351","벡트, 한국축산데이터·심플랫폼과 맞손…'모듈형 데이터센터' 사업 전...","","벡트 한국축산데이터 심플랫폼과 맞손 모듈형 데이터센터 사업 전","39594","","0","","2","N","2026-06-16 15:22:49","2026-06-16 15:22:50","2026-06-16 15:22:49",""
"23352","빅파마 계약 체결에 술렁… 큐리옥스, 표준 플랫폼 도약 신호탄","바이오 연구개발 과정의 자동화와 표준화가 글로벌 산업의 핵심 화두로 떠오르는 가운데 큐리옥스바이오시스템즈가 차세대 연구 플랫폼 기업으로 주목받고 있다. 키움증권은 최근 보고서를 통해...","빅파마 계약 체결에 술렁 큐리옥스 표준 플랫폼 도약 신호탄","39599","","0","바이오,은","1","N","2026-06-16 15:22:49","2026-06-16 15:22:49","2026-06-16 15:22:49",""
"23353","맘스터치, 추억의 '어메이징매콤마요버거' 한정 재출시","","맘스터치 추억의 어메이징매콤마요버거 한정 재출시","39600","","0","은","2","N","2026-06-16 15:22:49","2026-06-16 15:22:51","2026-06-16 15:22:49",""
"23354","실무 환경부터 일상 서비스도… SKT·KT·카카오 'AI 대중화' 나서","","실무 환경부터 일상 서비스도 skt kt 카카오 ai 대중화 나서","39601","","0","은","2","N","2026-06-16 15:22:49","2026-06-16 15:22:51","2026-06-16 15:22:49",""
"23355","[AI 거버넌스①] AI 에이전트, '업무 실행 주체'로 부상 ··· 권한 관리...","","ai 거버넌스 ai 에이전트 업무 실행 주체 로 부상 권한 관리","39602","","0","","2","N","2026-06-16 15:22:49","2026-06-16 15:22:51","2026-06-16 15:22:49",""
"23356","무도 보고 포켓몬빵 먹던 아이, 직장인 됐다…향수 자극하는 기업들","맘스터치 매장 문이 열리기만을 기다렸다. 맘스터치가 ‘무한도전’의 인기 코너 ‘무한상사’와 협업해... 포켓몬코리아가 포켓몬 30주년을 맞아 성수동 일대에서 개최한 ‘포켓몬 메가페스타 2026’에는 행사 첫날부터...","무도 보고 포켓몬빵 먹던 아이 직장인 됐다 향수 자극하는 기업들","39604","","0","","2","N","2026-06-16 15:22:49","2026-06-16 15:22:51","2026-06-16 15:22:49",""
"23357","지슨, 반도체 대기업과 '무선 백도어 해킹 탐지 시스템' 공급계약","| 스마트비즈 = 이서윤 기자 | 국내 무선 보안 전문 기업 지슨이 글로벌 반도체 제조 기업들과 무선 백도어 해킹 탐지 시스템 공급 계약을 연이어 체결했다. 지슨은 최근 인공지능(AI)을 활용한 해킹 위협이 급증함에 따라...","지슨 반도체 대기업과 무선 백도어 해킹 탐지 시스템 공급계약","39605","","0","반도체,은,금융,금","16","N","2026-06-16 15:22:50","2026-06-16 15:22:51","2026-06-16 15:22:50","2026-06-16 15:22:50"
"23358","한국바이오협회, 'BIO USA 2026' 참가…메인 콘퍼런스 최초 한국 세션 신...","◆프레스티지바이오파마, BIO USA 2026에서 글로벌 파트너링 공략 가속화 프레스티지바이오파마는 오는 6월 22일부터 25일까지 미국 샌디에이고에서 개최되는 'BIO International Convention 2026'에 참가해 글로벌...","릴리 다음은 누구 에이비엘바이오 후속 딜로 플랫폼 가치 재입증","40498","","0","바이오,은","9","N","2026-06-16 15:22:50","2026-06-16 15:33:09","2026-06-16 15:22:50","2026-06-16 15:33:08"
"23359","쿠팡은 '쿠패세', 컬리는 '뷰컬페'… 상반기 대규모 할인전","","쿠팡은 쿠패세 컬리는 뷰컬페 상반기 대규모 할인전","39614","","0","금,은,조선,화장품","4","N","2026-06-16 15:22:50","2026-06-16 15:22:52","2026-06-16 15:22:50","2026-06-16 15:22:51"
"23360","[가전 트렌드] LG전자, '더 시그니처 갈라'에 다이아몬드 블랙 고객 단독...","","가전 트렌드 lg전자 더 시그니처 갈라 에 다이아몬드 블랙 고객 단독","39615","","0","","3","N","2026-06-16 15:22:50","2026-06-16 15:41:37","2026-06-16 15:22:50",""
"23361","6월 화장품 상장기업 브랜드 평판 빅3, '아모레퍼시픽·LG생활건강·한국...","24위 아이패밀리에스씨, 25위 내츄럴엔도텍, 26위 에코글로우, 27위 디와이디, 28위 CSA 코스믹, 29위 본느, 30위 선진뷰티사이언스 순으로 분석됐다. ​특히 아모레퍼시픽, LG생활건강, 한국콜마가 빅3를...","6월 화장품 상장기업 브랜드 평판 빅3 아모레퍼시픽 lg생활건강 한국","39616","","0","화장품,지수,바이오,은","31","N","2026-06-16 15:22:50","2026-06-16 15:43:29","2026-06-16 15:22:50","2026-06-16 15:31:04"
"23362","400회 헌혈 대기록 달성... 격주로 헌혈의 집 찾는 30대 직장인의 담담한...","","400회 헌혈 대기록 달성 격주로 헌혈의 집 찾는 30대 직장인의 담담한","39617","","0","","2","N","2026-06-16 15:22:50","2026-06-16 15:22:52","2026-06-16 15:22:50",""
"23363","‘가성비 올영’ 입소문… 오프뷰티, PB뷰티 대폭 늘린다 [언박싱]","","가성비 올영 입소문 오프뷰티 pb뷰티 대폭 늘린다 언박싱","39619","","0","화장품","2","N","2026-06-16 15:22:50","2026-06-16 15:22:52","2026-06-16 15:22:50",""
"23364","중소·중견건설사도 ‘사용자성 심판대’","","중소 중견건설사도 사용자성 심판대","39620","","0","은,건설","4","N","2026-06-16 15:22:50","2026-06-16 15:22:52","2026-06-16 15:22:50","2026-06-16 15:22:50"
"23365","""작은 손길이 만든 큰 웃음""","","작은 손길이 만든 큰 웃음","39621","","0","은","2","N","2026-06-16 15:22:50","2026-06-16 15:22:52","2026-06-16 15:22:50",""
"23366","'아이들과 함께하는 우리동네 새단장'…밀양시, 폐현수막 에코백 제작","","아이들과 함께하는 우리동네 새단장 밀양시 폐현수막 에코백 제작","39622","","0","은","2","N","2026-06-16 15:22:50","2026-06-16 15:22:52","2026-06-16 15:22:50",""
"23367","기후 위기 시대의 똑똑한 '가성비 여름 피서법'","","기후 위기 시대의 똑똑한 가성비 여름 피서법","39624","","0","","2","N","2026-06-16 15:22:50","2026-06-16 15:22:52","2026-06-16 15:22:50",""
"23368","전주시설공단 안치훈 주임 헌혈 400회 달성","","전주시설공단 안치훈 주임 헌혈 400회 달성","39628","","0","은","8","N","2026-06-16 15:22:50","2026-06-16 15:22:52","2026-06-16 15:22:50","2026-06-16 15:22:51"
"23369","[양재찬의 데이터경제학] ⑬ 출생아 수·출산율 반등 오래갈까","","양재찬의 데이터경제학 출생아 수 출산율 반등 오래갈까","39629","","0","은","2","N","2026-06-16 15:22:50","2026-06-16 15:22:52","2026-06-16 15:22:50",""
"23370","컬리, '6월 뷰티컬리페스타' 개최…인기 뷰티 상품 최대 79% 할인","","컬리 6월 뷰티컬리페스타 개최 인기 뷰티 상품 최대 79 할인","39630","","0","은,화장품,조선,금","10","N","2026-06-16 15:22:51","2026-06-16 15:22:52","2026-06-16 15:22:51","2026-06-16 15:22:51"
"23371","공모전 넘어 기후행동으로…청소년이 직접 그리는 에너지 절약","","공모전 넘어 기후행동으로 청소년이 직접 그리는 에너지 절약","39635","","0","","2","N","2026-06-16 15:22:51","2026-06-16 15:22:52","2026-06-16 15:22:51",""
"23372","여름밤 에코월드 물들인 달빛여행…문경의 매력 빛났다","","여름밤 에코월드 물들인 달빛여행 문경의 매력 빛났다","39637","","0","은","2","N","2026-06-16 15:22:51","2026-06-16 15:22:52","2026-06-16 15:22:51",""
"23373","서울 통합재건축 확산…대단지일수록 집값 상승률 높아","","서울 통합재건축 확산 대단지일수록 집값 상승률 높아","39641","","0","","2","N","2026-06-16 15:22:51","2026-06-16 15:22:52","2026-06-16 15:22:51",""
"23374","[유통레이더] 씰리침대, 배민, 마이리얼트립, 에버랜드, 오션월드, 세탁...","","유통레이더 씰리침대 배민 마이리얼트립 에버랜드 오션월드 세탁","39642","","0","은","2","N","2026-06-16 15:22:51","2026-06-16 15:22:52","2026-06-16 15:22:51",""
"23375","문화공간CPR, '오즈의 마법사'를 탄소중립 환경낭독극으로 재창작","광명 에코페스타' 무대에 올랐다. 공연과 교육을 함께 하는 문화공간CPR의 시민극단 컬처랩은 광명시와... 연출을 맡은 강은아 문화공간CPR·극단 컬처랩 대표는 ""기후위기라는 시급한 주제를 아이들이 몸으로 체험하며...","문화공간cpr 오즈의 마법사 를 탄소중립 환경낭독극으로 재창작","39643","","0","은","2","N","2026-06-16 15:22:51","2026-06-16 15:22:52","2026-06-16 15:22:51",""
"23376","글로벌 안보 위기 속 주목…퍼스텍, 방위산업 부품 경쟁력 입증","LIG디펜스앤에어로스페이스 16.09%, RF시스템즈 12.95%, 한일단조 10.41%, 우리기술 8.82%, 한화에어로스페이스 6.55%, 풍산 5.96% 각각 오르고 있다. 지난 15일 DS투자증권이 방산 관련 종목에 대해 ""방위산업에 대한 전통적...","글로벌 안보 위기 속 주목 퍼스텍 방위산업 부품 경쟁력 입증","39644","","0","방산,은,통신,항공","8","N","2026-06-16 15:22:51","2026-06-16 15:43:34","2026-06-16 15:22:51","2026-06-16 15:30:50"
"23377","한국피아이엠, 최대주주 10억 규모 자사주 취득…4% 강세[특징주]","한국피아이엠(448900)이 최대주주 자사주 취득 소식에 장초 4%대 강세다. 15일 엠피닥터에 따르면 한국피아이엠은 오전 9시 1분 기준 전 거래일 대비 4.60% 오른 8만8700원에 거래되고 있다. 한국피아이엠은 최대주주 송준호...","한국피아이엠 최대주주 10억 규모 자사주 취득 4 강세 특징주","39645","","0","은,금","4","N","2026-06-16 15:22:52","2026-06-16 15:22:52","2026-06-16 15:22:52","2026-06-16 15:22:52"
"23378","[부산 전시] 이번주에뭐볼까 [2026년 6월 15일~ ]","","부산 전시 이번주에뭐볼까 2026년 6월 15일","39649","","0","조선","1","N","2026-06-16 15:22:52","2026-06-16 15:22:52","2026-06-16 15:22:52",""
"23379","대구국제현대음악제 24~26일","","대구국제현대음악제 24 26일","39650","","0","","1","N","2026-06-16 15:22:52","2026-06-16 15:22:52","2026-06-16 15:22:52",""
"23380","레저·예술·지역의 '삼중주'… 체험형 문화 콘텐츠로 경제 활력","","레저 예술 지역의 삼중주 체험형 문화 콘텐츠로 경제 활력","39651","","0","","1","N","2026-06-16 15:22:52","2026-06-16 15:22:52","2026-06-16 15:22:52",""
"23381","""세계적 음악가에게 직접 배운다""...평창대관령음악제 마스터클래스 참...","","세계적 음악가에게 직접 배운다 평창대관령음악제 마스터클래스 참","39652","","0","","2","N","2026-06-16 15:22:52","2026-06-16 15:22:52","2026-06-16 15:22:52","2026-06-16 15:22:52"
"23382","2026 대관령아카데미 ‘마스터클래스’ 28일까지 모집","","2026 대관령아카데미 마스터클래스 28일까지 모집","39653","","0","","2","N","2026-06-16 15:22:52","2026-06-16 15:22:52","2026-06-16 15:22:52","2026-06-16 15:22:52"
"23383","도서출판 도토리, 공식 온라인 스토어 오픈… 게임 도서·굿즈 판매 시작","","도서출판 도토리 공식 온라인 스토어 오픈 게임 도서 굿즈 판매 시작","39655","","0","게임","1","N","2026-06-16 15:22:52","2026-06-16 15:22:52","2026-06-16 15:22:52",""
"23384","'엘더스크롤'부터 '킹덤 컴'까지... 도토리북스 공식 스토어 전격 오픈","","엘더스크롤 부터 킹덤 컴 까지 도토리북스 공식 스토어 전격 오픈","39656","","0","","1","N","2026-06-16 15:22:52","2026-06-16 15:22:52","2026-06-16 15:22:52",""
"23385","[F1] 해밀턴, 페라리서 첫승..메르세데스 독주 끊었다","","f1 해밀턴 페라리서 첫승 메르세데스 독주 끊었다","39657","","0","","1","N","2026-06-16 15:22:52","2026-06-16 15:22:52","2026-06-16 15:22:52",""
"23386","이정후, 18G 연속 안타 행진 끝→2G 연속 침묵…컵스전 4타수 무안타, S...","","이정후 18g 연속 안타 행진 끝 2g 연속 침묵 컵스전 4타수 무안타 s","39659","","0","","1","N","2026-06-16 15:22:52","2026-06-16 15:22:52","2026-06-16 15:22:52",""
"23387","“불펜들에게 너무 미안해” 4회도 못 채우고 강판된 SF 선발 맥도널드...","","불펜들에게 너무 미안해 4회도 못 채우고 강판된 sf 선발 맥도널드","39660","","0","철강","1","N","2026-06-16 15:22:53","2026-06-16 15:22:53","2026-06-16 15:22:53",""
"23388","연속 안타 이후 숨고르기? 이정후, 2경기 연속 무안타...SF도 패배 [MK현...","","연속 안타 이후 숨고르기 이정후 2경기 연속 무안타 sf도 패배 mk현","39661","","0","","1","N","2026-06-16 15:22:53","2026-06-16 15:22:53","2026-06-16 15:22:53",""
"23389","'3타수 무안타' 이정후 비상! 韓 최초 타격왕 보인다 했는데...경쟁자들...","샌프란시스코는 루이스 아라에스(2루수)-브라이스 엘드리지(지명타자)-케이시 슈미트(좌익수)-라파엘 데버스(1루수)-이정후(우익수)-윌리 아다메스(유격수)-맷 채프먼(3루수)-드루 길버트(중견수)-에릭 하스(포수)로...","3타수 무안타 이정후 비상 최초 타격왕 보인다 했는데 경쟁자들","39662","","0","","1","N","2026-06-16 15:22:53","2026-06-16 15:22:53","2026-06-16 15:22:53",""
"23390","[더벨][나눔에너지 IPO] 코스닥 입성 추진…'유진·SK증권' 주관사 낙점","아이엠티의 자회사 아이엠텍플러스가 135억원의 투자를 유치했다. 투자 조건에는 상장을 적극 추진한다는... 이번 자금 유치로 100%였던 아이엠텍플러스에 대한 아이엠티의 지분율은 68.97%로 낮아졌다. 반면 지비...","더벨 코스닥 메자닌 프리즘 아이엠텍플러스 ipo 추진 전제로 130억 투","41134","","0","코스닥,금,은","4","N","2026-06-16 15:22:53","2026-06-16 15:41:19","2026-06-16 15:22:53","2026-06-16 15:41:13"
"23391","'AX 시장' 1위 향한 '삼성 SDS' 질주···LG CNS 주도권 승자는?","","ax 시장 1위 향한 삼성 sds 질주 lg cns 주도권 승자는","39664","","0","금융,엔터테인먼트","1","N","2026-06-16 15:22:53","2026-06-16 15:22:53","2026-06-16 15:22:53",""
"23392","[디투피플]""엔터프라이즈 SDD로 AI發 UI 격변 돌파...실시간 UI도 주목""","김욱래 인스웨이브 CTO. 유력 기업용 소프트웨어들이 사람이 아니라 AI에이전트들이 쓸 수 있는, 이른바... 엔터프라이즈 UI를 주특기로 하는 인스웨이브의 김욱래 CTO에 따르면 그럴 거 같지 않다. AI로 인해 사람이...","디투피플 엔터프라이즈 sdd로 ai ui 격변 돌파 실시간 ui도 주목","39665","","0","엔터테인먼트,IT","1","N","2026-06-16 15:22:53","2026-06-16 15:22:53","2026-06-16 15:22:53",""
"23393","미국 비아셋, 프랑스 샤프란…전 세계 우주산업 기업 대전에 집결","","미국 비아셋 프랑스 샤프란 전 세계 우주산업 기업 대전에 집결","39666","","0","","2","N","2026-06-16 15:22:53","2026-06-16 15:22:53","2026-06-16 15:22:53",""
"23394","이소연 ""두 번째 한국인 우주비행사 나왔으면""","","이소연 두 번째 한국인 우주비행사 나왔으면","39667","","0","은","2","N","2026-06-16 15:22:53","2026-06-16 15:22:53","2026-06-16 15:22:53",""
"23395","스페이스X 상장에 우주 ETF도 출격…신한운용, 공급망 투자상품 상장","이에 따른 구성 종목은 에이치브이엠, 인텔리안테크, 스피어, 쎄트렉아이, 한화시스템, 대주전자재료, 컨텍, RFHIC, 알멕, 세아베스틸지주 등 10개 종목이다. 위성 안테나, 특수합금, 위성 시스템, 데이터 처리, 통신 부품...","스페이스x 상장에 우주 etf도 출격 신한운용 공급망 투자상품 상장","39668","","0","금,은,철강,통신,항공","21","N","2026-06-16 15:22:53","2026-06-16 15:41:16","2026-06-16 15:22:53","2026-06-16 15:41:16"
"23396","신한금융 'SOL' 생태계 확장, 은행·카드·자산운용...생활금융서 우주항...","지난 15일 기준 주요 구성 종목과 비중은 에이치브이엠(17.62%), 인텔리안테크(15.00%), 스피어(13.49%), 쎄트렉아이(10.67%), 한화시스템(9.25%), 대주전자재료(9.06%), 컨텍(8.32%), RFHIC(7.97%), 알멕(6.58%)...","신한금융 sol 생태계 확장 은행 카드 자산운용 생활금융서 우주항","39670","","0","금융,금,은,철강,유가,항공","12","N","2026-06-16 15:22:53","2026-06-16 15:41:16","2026-06-16 15:22:53","2026-06-16 15:22:53"
"23397","[증권가로수] 삼성증권·운용/신한운용/타임폴리오","","증권가로수 삼성증권 운용 신한운용 타임폴리오","39678","","0","금,은,통신,철강","3","N","2026-06-16 15:22:53","2026-06-16 15:41:16","2026-06-16 15:22:53",""
"23398","SOL 우주항공밸류체인 ETF 상장…국내 우주 소부장 10종목 담아","","sol 우주항공밸류체인 etf 상장 국내 우주 소부장 10종목 담아","39681","","0","금,은,통신,항공,철강","3","N","2026-06-16 15:22:53","2026-06-16 15:41:16","2026-06-16 15:22:53",""
"23401","현대차 ‘몸값 재평가’ 베팅 통했다… KB ‘RISE 현대차 ETF’ 순자산 8...","","현대차 몸값 재평가 베팅 통했다 kb rise 현대차 etf 순자산 8","39696","","0","은,IT","2","N","2026-06-16 15:22:54","2026-06-16 15:33:16","2026-06-16 15:22:54",""
"23402","전북도지사직 인수위, '피지컬 AI 밸리' 구축 시동","","전북도지사직 인수위 피지컬 ai 밸리 구축 시동","39697","","0","은","2","N","2026-06-16 15:22:54","2026-06-16 15:22:54","2026-06-16 15:22:54","2026-06-16 15:22:54"
"23403","로봇주 동반 조정…휴림로봇 레인보우로보틱스 두산로보틱스 유진로봇...","","로봇주 동반 조정 휴림로봇 레인보우로보틱스 두산로보틱스 유진로봇","39698","","0","은","4","N","2026-06-16 15:22:54","2026-06-16 15:30:52","2026-06-16 15:22:54",""
"23404","""수천억 달러 규모 선물""…젠슨 황이 '한국' 콕 집은 이유 [취재파일]","","수천억 달러 규모 선물 젠슨 황이 한국 콕 집은 이유 취재파일","39705","","0","원전,은,달러","1","N","2026-06-16 15:22:54","2026-06-16 15:22:54","2026-06-16 15:22:54",""
"23405","[우리금융 임종룡 체제 2기] ① '소액주주·당국 눈초리'에 제동…동양...","","우리금융 임종룡 체제 2기 소액주주 당국 눈초리 에 제동 동양","39706","","0","금융,금,은","1","N","2026-06-16 15:22:54","2026-06-16 15:22:54","2026-06-16 15:22:54",""
"23406","생각만 해도 로봇이 움직인다…사지마비 환자 위한 세계 첫 실험","","생각만 해도 로봇이 움직인다 사지마비 환자 위한 세계 첫 실험","39715","","0","","2","N","2026-06-16 15:22:54","2026-06-16 15:22:55","2026-06-16 15:22:54",""
"23407","세브란스 ""세계 첫 '뇌 신호로 움직이는 로봇' 개발 착수""","","세브란스 세계 첫 뇌 신호로 움직이는 로봇 개발 착수","39716","","0","","20","N","2026-06-16 15:22:54","2026-06-16 15:22:55","2026-06-16 15:22:54","2026-06-16 15:22:55"
"23408","서울대병원, '양방향 뇌-로봇(Brain-to-Robot)' 칩 이식 임상 총괄","","서울대병원 양방향 뇌 로봇 brain to robot 칩 이식 임상 총괄","39717","","0","","6","N","2026-06-16 15:22:54","2026-06-16 15:22:55","2026-06-16 15:22:54","2026-06-16 15:22:55"
"23409","현실로 다가온 '로봇 재활'…서울대병원, 뇌-로봇 임상 이끈다","","현실로 다가온 로봇 재활 서울대병원 뇌 로봇 임상 이끈다","39718","","0","","2","N","2026-06-16 15:22:54","2026-06-16 15:22:55","2026-06-16 15:22:54",""
"23410","서울대병원, 중추신경계 손상 환자 위한 혁신적 뇌-로봇 인터페이스 임...","","서울대병원 중추신경계 손상 환자 위한 혁신적 뇌 로봇 인터페이스 임","39719","","0","","4","N","2026-06-16 15:22:54","2026-06-16 15:22:55","2026-06-16 15:22:54","2026-06-16 15:22:54"
"23411","뇌 신호로 움직여…사지마비 환자 돕는 로봇 개발, 세계 최초 추진","","뇌 신호로 움직여 사지마비 환자 돕는 로봇 개발 세계 최초 추진","39720","","0","","4","N","2026-06-16 15:22:54","2026-06-16 15:22:55","2026-06-16 15:22:54","2026-06-16 15:22:55"
"23412","""뇌 신호로 작동""…사지마비 환자용 로봇 만든다","","뇌 신호로 작동 사지마비 환자용 로봇 만든다","39723","","0","","2","N","2026-06-16 15:22:54","2026-06-16 15:22:55","2026-06-16 15:22:54",""
"23413","생각만으로 걷고 촉감까지 되찾나…서울대병원, 300억 ‘뇌-로봇’ BCI ...","","생각만으로 걷고 촉감까지 되찾나 서울대병원 300억 뇌 로봇 bci","39725","","0","","4","N","2026-06-16 15:22:54","2026-06-16 15:22:55","2026-06-16 15:22:54","2026-06-16 15:22:54"
"23414","300억원 투입 '양방향 뇌-로봇 기술연구'로 마비된 몸 다시 돌아올까?","","300억원 투입 양방향 뇌 로봇 기술연구 로 마비된 몸 다시 돌아올까","39728","","0","","2","N","2026-06-16 15:22:54","2026-06-16 15:22:55","2026-06-16 15:22:54",""
"23415","사지마비 환자 뇌와 로봇 잇는다…차세대 재활기기 개발 착수","","사지마비 환자 뇌와 로봇 잇는다 차세대 재활기기 개발 착수","39729","","0","","2","N","2026-06-16 15:22:54","2026-06-16 15:22:55","2026-06-16 15:22:54",""
"23416","세브란스, '뇌 신호'로 로봇 제어하는 차세대 재활의료기기 개발 나서","주관기관인 엔젤로보틱스는 전신형 외골격 로봇인 '웨어러블 휴머노이드' 개발을 총괄한다. DGIST 등은 뇌 연결 기술을, KAIST는 AI 기반 뇌 신호 처리 기술을 맡는다. 서울대학교병원 신경외과는 뇌 전극 삽입을 담당하며...","세브란스 뇌 신호 로 로봇 제어하는 차세대 재활의료기기 개발 나서","39731","","0","","6","N","2026-06-16 15:22:55","2026-06-16 15:22:55","2026-06-16 15:22:55","2026-06-16 15:22:55"
"23417","[종목+] 엔젤로보틱스, '세계 최초 뇌-로봇' 정조준","","종목 엔젤로보틱스 세계 최초 뇌 로봇 정조준","39734","","0","","2","N","2026-06-16 15:22:55","2026-06-16 15:22:55","2026-06-16 15:22:55",""
"23418","서울대병원, 차세대 뇌-기계 인터페이스 개발 본격 추진","","서울대병원 차세대 뇌 기계 인터페이스 개발 본격 추진","39735","","0","","2","N","2026-06-16 15:22:55","2026-06-16 15:22:55","2026-06-16 15:22:55",""
"23419","에너지 안보 화두에 볕든 신재생株…SK이터닉스 22% 급등[이런국장 저런...","","에너지 안보 화두에 볕든 신재생 sk이터닉스 22 급등 이런국장 저런","39744","","0","","3","N","2026-06-16 15:22:55","2026-06-16 15:30:51","2026-06-16 15:22:55",""
"23420","SK네트웍스 주가, 6월 16일 장중 12,030원 6.38% 하락","따르면 OCI홀딩스 주가는 지난 종가 대비 상승세를 보이며 303,000원에 거래되고 있다. 이는 지난 종가 283,000원보다 20,000원(7.07%) 오른 가격이다. 장 시작 시점 287,500원으로 출발한 OCI홀딩스 주가는 276...","oci홀딩스 주가 6월 16일 장중 303 000원 7 07 상승","40234","","0","","7","N","2026-06-16 15:22:55","2026-06-16 15:41:24","2026-06-16 15:22:55","2026-06-16 15:33:01"
"23421","[단독] 포항철강공단 업체 '하투' 본격화","","단독 포항철강공단 업체 하투 본격화","39747","","0","철강,항공","4","N","2026-06-16 15:22:55","2026-06-16 15:43:46","2026-06-16 15:22:55",""
"23422","AI 전력난에 뜨는 K-태양광·배터리…美 공급망 올라타나","","ai 전력난에 뜨는 k 태양광 배터리 공급망 올라타나","39748","","0","","2","N","2026-06-16 15:22:55","2026-06-16 15:22:55","2026-06-16 15:22:55",""
"23423","최악 가뭄인데 데이터센터 강행… 뉴멕시코 지하수 삼키는 빅테크","","최악 가뭄인데 데이터센터 강행 뉴멕시코 지하수 삼키는 빅테크","39749","","0","","2","N","2026-06-16 15:22:55","2026-06-16 15:22:55","2026-06-16 15:22:55",""
"23424","삼성바이오로직스, 세계 최대 컨벤션 참가","이승주 오름테라퓨틱(Orum Therapeutics) 대표도 지난해 이어 올해에도 2표를 받았다. 실제 혼란스러운 결과도 도출됐는데, 이번 결과에서 ‘마땅한 인물이 없음’이라는 답이 13.5%(8표)로, 2024년 8.2%(6표)에서 2025년 10...","창간설문 2026 올해의 기업 삼성바이오로직스 리가켐 2위","40313","","0","바이오","10","N","2026-06-16 15:22:55","2026-06-16 15:43:37","2026-06-16 15:22:55","2026-06-16 15:43:37"
"23425","OCI홀딩스, 시각장애인 마라톤 봉사활동 18년째 동행","행사에는 OCI홀딩스를 비롯해 OCI, OCI정보통신, OCI드림, OCI SE, 부광약품 등 6개 계열사 임직원들이 참가했다. 참가자들은 시각장애인 참가자의 주행을 돕는 가이드 러너 역할을 맡거나 행사 운영 지원, 플로깅 활동 등에...","esg oci홀딩스 시각장애인 마라톤 18년 동행 임직원 가족 80명 봉사","41690","","0","","21","N","2026-06-16 15:22:55","2026-06-16 15:43:22","2026-06-16 15:22:55","2026-06-16 15:43:22"
"23426","KOSPI 200 Closing Price List-4","3,500 LG Display 13,930 DN 200 PARADISE 15,460 UP 490 SAMSUNG CARD 53,300 UP 1,600 KT 56,600 UP 1,200 CheilWorldwide 21,100 UP 350 LOTTE WELLFOOD 1...","kospi 200 closing price list 3","41904","","0","","8","N","2026-06-16 15:22:55","2026-06-16 15:43:34","2026-06-16 15:22:55","2026-06-16 15:43:34"
"23427","화학주, 또 ‘종전 랠리’…이번엔 4월과 다를까 [이슈+]","개별 종목별로는 OCI홀딩스(-3.50%)를 제외한 대부분의 종목이 상승했다. LG화학(3.99%), HD현대(9.43%), SK이노베이션(7.07%), S-Oil(2.15%), SKC(1.85%), 한화솔루션(11.75%), KCC(13.49%), 솔브레인(0....","화학주 또 종전 랠리 이번엔 4월과 다를까 이슈","39756","","0","화학","2","N","2026-06-16 15:22:55","2026-06-16 15:22:55","2026-06-16 15:22:55",""
"23428","""첨단재생의료 임상 다각화…새 치료 기회 제공""","","첨단재생의료 임상 다각화 새 치료 기회 제공","39757","","0","","1","N","2026-06-16 15:22:55","2026-06-16 15:22:55","2026-06-16 15:22:55",""
"23429","이엔셀, 글로벌 말초신경학회서 CMT 치료제 임상성과 공개","","이엔셀 글로벌 말초신경학회서 cmt 치료제 임상성과 공개","39758","","0","","1","N","2026-06-16 15:22:55","2026-06-16 15:22:55","2026-06-16 15:22:55",""
"23430","이엔셀, 비만치료제 근손실 막는 단백질 신약 개발 나선다","","이엔셀 비만치료제 근손실 막는 단백질 신약 개발 나선다","39759","","0","바이오","3","N","2026-06-16 15:22:55","2026-06-16 15:22:55","2026-06-16 15:22:55","2026-06-16 15:22:55"
"23431","노화도 치료하는 시대 오나…전 세계 바이오산업 새 격전지 된 ‘역노화...","이밖에도 차바이오텍은 생식기관의 노화 역전과 기능 회복을 목표로 줄기세포 치료제를 개발 중이며, 이엔셀은 최근 ‘항노화사업본부’를 신설하고 자가줄기세포 기반 재생의료 사업을 강화하고 있다. 정부도 관련...","노화도 치료하는 시대 오나 전 세계 바이오산업 새 격전지 된 역노화","39762","","0","바이오","1","N","2026-06-16 15:22:55","2026-06-16 15:22:55","2026-06-16 15:22:55",""
"23432","혁신의료기기, 132개 지정...일반심사 112건·통합심사 32건","올해들어서 1월 히포티앤씨와 아이엠지티에 이어 2월 아크릴과 에이아이트릭스, 3월 웨이센과 뉴아인, 4월 크리스타비전과 비타, 5월 오티톤메디컬, 6월 에이슨과 뉴냅스의 각각의 제품이 혁신의료기기로 지정돼 총...","혁신의료기기 132개 지정 일반심사 112건 통합심사 32건","39763","","0","바이오","2","N","2026-06-16 15:22:55","2026-06-16 15:22:55","2026-06-16 15:22:55",""
"23433","‘KODEX 전고체배터리ESS TOP2플러스’ 출시","","kodex 전고체배터리ess top2플러스 출시","39764","","0","은","2","N","2026-06-16 15:22:55","2026-06-16 15:22:55","2026-06-16 15:22:55","2026-06-16 15:22:55"
"23434","한농화성 이수스페셜티케미컬 삼성SDI LG에너지솔루션 강세…전고체 배...","","한농화성 이수스페셜티케미컬 삼성sdi lg에너지솔루션 강세 전고체 배","39767","","0","","1","N","2026-06-16 15:22:55","2026-06-16 15:22:55","2026-06-16 15:22:55",""
"23435","中 'LFP 배터리 천하' 흔들 변수는 자율주행차·휴머노이드 대중화","국내에선 이수스페셜티케미컬, 롯데에너지머티리얼즈 등이 주목받고 있다. 리튬이온 배터리 용량을 큰 폭으로 늘려주는 실리콘 음극재 기술도 혁신을 거듭하고 있다. 실리콘 음극재 비중을 단계적으로 높여가는...","lfp 배터리 천하 흔들 변수는 자율주행차 휴머노이드 대중화","39768","","0","","1","N","2026-06-16 15:22:55","2026-06-16 15:22:55","2026-06-16 15:22:55",""
"23436","범용 소재 지고 첨단 소재 뜬다…대주전자재료, 구조적 재평가 원년 예...","","범용 소재 지고 첨단 소재 뜬다 대주전자재료 구조적 재평가 원년 예","39769","","0","반도체","2","N","2026-06-16 15:22:55","2026-06-16 15:43:57","2026-06-16 15:22:55",""
"23437","[N2 증시 풍향계] 항공·MLCC·탈모 테마 대거 ‘불기둥’…산한지주, 장...","","n2 증시 풍향계 항공 mlcc 탈모 테마 대거 불기둥 산한지주 장","39771","","0","항공","4","N","2026-06-16 15:22:55","2026-06-16 15:43:57","2026-06-16 15:22:55",""
"23438","삼성전기 등 기판주, 미·이란 종전. AI 신사업 호재에 동반 강세[특징주...","","삼성전기 등 기판주 미 이란 종전 ai 신사업 호재에 동반 강세 특징주","39772","","0","","2","N","2026-06-16 15:22:56","2026-06-16 15:43:57","2026-06-16 15:22:56",""
"23439","美-이란 종전합의에 항공주 반등 '신호탄'","한켐이 15.6% 강세로 13,990원입니다. 코칩이 10% 오름세로 거래가 23,650원입니다. 삼화콘덴서가 12.6% 강세로 144,400원입니다. 아바텍이 7.2% 강세로 14,820원입니다. 사실상 종전 합의 소식에 재건 관련주가 움직입니다....","이 시각 시황 항공주 일제히 강세 이란 종전 기대에 유가","41139","","0","항공","3","N","2026-06-16 15:22:56","2026-06-16 15:43:55","2026-06-16 15:22:56","2026-06-16 15:43:55"
"23440","글로벌 MLCC 핵심 기업 삼성전기 주가 다시 불기둥...고부가가치 중심 체...","","글로벌 mlcc 핵심 기업 삼성전기 주가 다시 불기둥 고부가가치 중심 체","39775","","0","","2","N","2026-06-16 15:22:56","2026-06-16 15:43:57","2026-06-16 15:22:56",""
"23441","""전쟁 끝난다""…삼성전기 등 기판주도 동반 상승","한켐(19.09%), 삼화콘덴서(6.71%), 코칩(9.07%), 아바텍(8.95%), 원준(5.19%), 아모텍(5.88%), 지아이에스(3.61%), 코스모신소재(3.11%) 등도 동반 상승 중이다. 미국은 오는 19일(현지시간) 스위스에서 미국과 이란 간 종...","전쟁 끝난다 삼성전기 등 기판주도 동반 상승","39776","","0","","2","N","2026-06-16 15:22:56","2026-06-16 15:43:57","2026-06-16 15:22:56",""
"23442","""원전 정비·해체 수혜 기대""…우진엔텍, 성장성 주목-KB증권","","원전 정비 해체 수혜 기대 우진엔텍 성장성 주목 kb증권","39777","","0","원전,은","4","N","2026-06-16 15:22:56","2026-06-16 15:22:56","2026-06-16 15:22:56","2026-06-16 15:22:56"
"23443","글로벌인프라본부 출범… 대우건설, 에너지·토탈 디벨로퍼로 도약","","글로벌인프라본부 출범 대우건설 에너지 토탈 디벨로퍼로 도약","39778","","0","금,건설,철강","4","N","2026-06-16 15:22:56","2026-06-16 15:43:41","2026-06-16 15:22:56",""
"23444","아이빔테크놀로지, 레비티 중국법인에 생체현미경 추가 공급","아이빔테크놀로지(460470)가 Revvity (HONGKONG) LIMITED와 생체현미경공급계약을 체결했다고 15일 공시했다. 이번 계약의 총액은 616,291,403원으로, 회사는 주요 장비를 자체생산 방식으로 공급할 예정이다....","아이빔테크놀로지 레비티 중국법인에 생체현미경 추가 공급","39783","","0","달러,IT","3","N","2026-06-16 15:22:56","2026-06-16 15:22:56","2026-06-16 15:22:56","2026-06-16 15:22:56"
"23445","동반성장 부실 대·중견기업 '매우 미흡' 낙인 찍힌다","","동반성장 부실 대 중견기업 매우 미흡 낙인 찍힌다","39787","","0","은,철강","2","N","2026-06-16 15:22:56","2026-06-16 15:43:34","2026-06-16 15:22:56",""
"23446","동국홀딩스, AI 데이터센터·CVC로 미래 먹거리 찾는다","","동국홀딩스 ai 데이터센터 cvc로 미래 먹거리 찾는다","39789","","0","은,철강","3","N","2026-06-16 15:22:56","2026-06-16 15:41:14","2026-06-16 15:22:56",""
"23447","철강 업황 바닥 통과하나… 동국제강 POSCO홀딩스 현대제철 주가 펄펄 끓...","","철강 업황 바닥 통과하나 동국제강 posco홀딩스 현대제철 주가 펄펄 끓","39790","","0","은,철강","5","N","2026-06-16 15:22:56","2026-06-16 15:43:23","2026-06-16 15:22:56",""
"23448","[Who Is ?] 허용준 녹십자홀딩스 대표이사 사장","임직원과 대화의 장을 상시 마련해 경영 비전을 공유하고 수평적인 조직문화를 안착시키려는 허용준의... 신규 GMP 제조시설은 총 1200만 달러(한화 약 167억 원) 규모 투자 중 1단계로 시설 업그레이드와 첨단 장비...","who is 장세욱 동국홀딩스 대표이사 부회장","40093","","0","은,철강,달러","9","N","2026-06-16 15:22:56","2026-06-16 15:43:59","2026-06-16 15:22:56","2026-06-16 15:31:00"
"23449","인터지스, 지역사회 아동센터 3곳에 수제 도시락 전달","","인터지스 지역사회 아동센터 3곳에 수제 도시락 전달","39792","","0","은","2","N","2026-06-16 15:22:56","2026-06-16 15:22:56","2026-06-16 15:22:56","2026-06-16 15:22:56"
"23450","화물 운임 덕 봤는데...대한항공, 종전 호재에도 '고민'","철강주 중 동국제강(9.26%), POSCO홀딩스(4.77%), 현대제철(4.86%) 등이 급등했다. 전력기기주 중 HD현대일렉트릭(5.66%), LS ELECTRIC(15.73%), 효성중공업(11.14%) 등이 치솟았다. 중동 재건 기대감으로 건설주 중 GS건...","중동 종전 합의 코스피 폭등 lg 현대차 대한항공 껑충","41851","","0","코스피,철강,건설,항공","5","N","2026-06-16 15:22:56","2026-06-16 15:43:54","2026-06-16 15:22:56","2026-06-16 15:43:32"
"23451","K-스틸 ‘숙제법’ … 불붙는 고철전쟁에 스크랩업계 지각변동 온다","","k 스틸 숙제법 불붙는 고철전쟁에 스크랩업계 지각변동 온다","39795","","0","은,건설,철강","1","N","2026-06-16 15:22:56","2026-06-16 15:22:56","2026-06-16 15:22:56",""
"23452","[더벨][Policy Radar] 'K-스틸법 시행', 철강업계 담합 리스크 벗고 사업...","","더벨 policy radar k 스틸법 시행 철강업계 담합 리스크 벗고 사업","39796","","0","철강","2","N","2026-06-16 15:22:56","2026-06-16 15:41:36","2026-06-16 15:22:56",""
"23453","""물류 기업다운 나눔"" 인터지스, 부산 아동에 수제 도시락 100개 전달","동국제강그룹 물류 계열사 인터지스가 본사가 있는 부산 중구 관내 아동센터 3곳에 임직원이 손수 만든 수제 도시락 100개를 전달하는 '온기나눔 캠페인'을 진행했다고 12일 밝혔다. 인터지스는 ESG경영 실천의 일환으로...","물류 기업다운 나눔 인터지스 부산 아동에 수제 도시락 100개 전달","39798","","0","","1","N","2026-06-16 15:22:56","2026-06-16 15:22:56","2026-06-16 15:22:56",""
"23454","콘솔 시장 가능성 확인한 게임업계, 스팀 넥스트 페스트서 신작 경쟁","","콘솔 시장 가능성 확인한 게임업계 스팀 넥스트 페스트서 신작 경쟁","39799","","0","게임","2","N","2026-06-16 15:22:57","2026-06-16 15:22:57","2026-06-16 15:22:57","2026-06-16 15:22:57"
"23455","아산나눔재단, 2026년 상반기 '마루' 스타트업 14개사 최종 확정... 28대...","","아산나눔재단 2026년 상반기 마루 스타트업 14개사 최종 확정 28대","39800","","0","화장품,반도체","11","N","2026-06-16 15:22:57","2026-06-16 15:31:03","2026-06-16 15:22:57","2026-06-16 15:22:57"
"23456","AI·딥테크 스타트업 몰렸다…아산나눔재단 ‘마루’ 14곳 선발","","ai 딥테크 스타트업 몰렸다 아산나눔재단 마루 14곳 선발","39804","","0","","2","N","2026-06-16 15:22:57","2026-06-16 15:22:57","2026-06-16 15:22:57","2026-06-16 15:22:57"
"23457","혁신의숲 어워즈, 후보 1차 스타트업 30개사 공개","","혁신의숲 어워즈 후보 1차 스타트업 30개사 공개","39805","","0","","2","N","2026-06-16 15:22:57","2026-06-16 15:31:03","2026-06-16 15:22:57",""
"23458","게임업계, 배당·소각 확산...'상대적 소외' 주가 끌어올릴까","","게임업계 배당 소각 확산 상대적 소외 주가 끌어올릴까","39814","","0","게임","1","N","2026-06-16 15:22:57","2026-06-16 15:22:57","2026-06-16 15:22:57",""
"23459","진격의 K-콘솔","","진격의 k 콘솔","39815","","0","게임","1","N","2026-06-16 15:22:57","2026-06-16 15:22:57","2026-06-16 15:22:57",""
"23460","UAE 아부다비, 친환경 경제 위해 中 하이테크 전방위 수입","","uae 아부다비 친환경 경제 위해 하이테크 전방위 수입","39816","","0","","1","N","2026-06-16 15:22:57","2026-06-16 15:22:57","2026-06-16 15:22:57",""
"23461","“데이터가 새로운 석유”… 광업계, AI로 돌파구 찾는다","","데이터가 새로운 석유 광업계 ai로 돌파구 찾는다","39817","","0","","1","N","2026-06-16 15:22:57","2026-06-16 15:22:57","2026-06-16 15:22:57",""
"23462","[ICT 종합] 신유진 맨틀 리드, 블록체인 웹3 게임 컨퍼런스 강연 소식 외","","ict 종합 신유진 맨틀 리드 블록체인 웹3 게임 컨퍼런스 강연 소식 외","39818","","0","게임","2","N","2026-06-16 15:22:57","2026-06-16 15:30:58","2026-06-16 15:22:57",""
"23463","게임업계, 'SGF 2026'서 신작 공개…북미 게이머 공략 가속","","게임업계 sgf 2026 서 신작 공개 북미 게이머 공략 가속","39819","","0","게임","1","N","2026-06-16 15:22:57","2026-06-16 15:22:57","2026-06-16 15:22:57",""
"23464","[위클리 게임] 명조, '사펑 엣지러너' 컬래버 힘입어 구글 매출 1위","","위클리 게임 명조 사펑 엣지러너 컬래버 힘입어 구글 매출 1위","39820","","0","게임","1","N","2026-06-16 15:22:57","2026-06-16 15:22:57","2026-06-16 15:22:57",""
"23465","카카오벤처스, 출자자 관리 솔루션 'KV 파트너스' 베타 출시","","카카오벤처스 출자자 관리 솔루션 kv 파트너스 베타 출시","39821","","0","","2","N","2026-06-16 15:22:57","2026-06-16 15:22:57","2026-06-16 15:22:57","2026-06-16 15:22:57"
"23466","카카오벤처스, LP 커뮤니케이션 플랫폼 'KV 파트너스' 베타 서비스 시작...","","카카오벤처스 lp 커뮤니케이션 플랫폼 kv 파트너스 베타 서비스 시작","39822","","0","","1","N","2026-06-16 15:22:57","2026-06-16 15:22:57","2026-06-16 15:22:57",""
"23467","'KIA 히트상품 왜 이러나' 국대까지 뽑혔는데, 안믿기는 6월 타율 9푼","","kia 히트상품 왜 이러나 국대까지 뽑혔는데 안믿기는 6월 타율 9푼","39824","","0","","1","N","2026-06-16 15:22:57","2026-06-16 15:22:57","2026-06-16 15:22:57",""
"23468","성장 둔화 맞은 게임업계, 조직 혁신으로 반등 노린다","","성장 둔화 맞은 게임업계 조직 혁신으로 반등 노린다","39825","","0","게임","1","N","2026-06-16 15:22:57","2026-06-16 15:22:57","2026-06-16 15:22:57",""
"23469","'니케' 한일 구글 매출 Top5 재진입, '히어로' 흥행 견인","","니케 한일 구글 매출 top5 재진입 히어로 흥행 견인","39826","","0","게임","2","N","2026-06-16 15:22:58","2026-06-16 15:41:09","2026-06-16 15:22:58",""
"23470","""시프트업, 시간이 지날수록 유리…게임 업종내 최선호주로 유지""","시프트업은 '스텔라 블레이드: 블러드 레인' 인게임 정보 공개를 통해서 기업가치에 대한 기계적 업사이드... 키움증권은 15일 시프트업에 대해 목표주가를 6만5000원으로 유지하고 게임 업종 내 최선호주 의견 역시...","시프트업 시간이 지날수록 유리 게임 업종내 최선호주로 유지","39827","","0","게임","1","N","2026-06-16 15:22:58","2026-06-16 15:22:58","2026-06-16 15:22:58",""
"23471","남성, 모빌리티 피지컬 AI 플랫폼 'NS 드라이브' 출시","","남성 모빌리티 피지컬 ai 플랫폼 ns 드라이브 출시","39829","","0","은,자동차","4","N","2026-06-16 15:22:58","2026-06-16 15:30:50","2026-06-16 15:22:58","2026-06-16 15:22:58"
"23472","대구 봉산문화회관, 26일 창작뮤지컬 '신들의 밤' 쇼케이스","","대구 봉산문화회관 26일 창작뮤지컬 신들의 밤 쇼케이스","39832","","0","금,은","1","N","2026-06-16 15:22:58","2026-06-16 15:22:58","2026-06-16 15:22:58",""
"23473","[아주증시포커스] 라임 족쇄 풀렸다…정영채 이어 박정림도 '컴백' 外","◆장 마감 후(12일) 주요공시 ▷큐브엔터, 100억원 제3자배정 유상증자 ▷삼보산업, 27억8000만원 제3자배정 유상증자 ▷엠앤씨솔루션, 주당 2.0주 무상증자 결정 ▷한미반도체 ""스페이스X에 500억원 출자"" ◆펀드 동향...","아주증시포커스 라임 족쇄 풀렸다 정영채 이어 박정림도 컴백","39833","","0","반도체,엔터테인먼트","4","N","2026-06-16 15:22:58","2026-06-16 15:41:23","2026-06-16 15:22:58","2026-06-16 15:30:58"
"23474","[코스피·코스닥, 아시아나 항공 콘텐트리중앙·메가박스중앙 에이루트...","","코스피 코스닥 아시아나 항공 콘텐트리중앙 메가박스중앙 에이루트","39834","","0","코스피,코스닥,항공","1","N","2026-06-16 15:22:58","2026-06-16 15:22:58","2026-06-16 15:22:58",""
"23475","동양이엔피, 모티브링크 지분 43% 364억에 인수…'김재만 체제’ 수직계...","","동양이엔피 모티브링크 지분 43 364억에 인수 김재만 체제 수직계","39835","","0","코스닥,금융,금,은","6","N","2026-06-16 15:22:58","2026-06-16 15:22:58","2026-06-16 15:22:58","2026-06-16 15:22:58"
"23476","[오늘의 주요공시] JTBC·SK·한미반도체 등","","오늘의 주요공시 jtbc sk 한미반도체 등","39836","","0","반도체","2","N","2026-06-16 15:22:58","2026-06-16 15:30:52","2026-06-16 15:22:58",""
"23477","음악으로 인생의 허무 맞서 “사람 위로하는 노래 큰 가치”… 아내는 ...","김광석의 음악을 활용한 주크박스 뮤지컬 ‘그날들’(6월 9일∼8월 23일·디큐브 링크아트센터)은 13년째 지속하고 있다. 역시 그의 노래를 모티브로 한 뮤지컬 ‘어느 60대 노부부 이야기’는 오는 18일 경남 사천에서...","음악으로 인생의 허무 맞서 사람 위로하는 노래 큰 가치 아내는","39842","","0","은","1","N","2026-06-16 15:22:58","2026-06-16 15:22:58","2026-06-16 15:22:58",""
"23478","[속보] 에스오에스랩, 8억3750만원 규모 스마트톨링용 라이다 공급계약...","","속보 에스오에스랩 8억3750만원 규모 스마트톨링용 라이다 공급계약","39843","","0","은,금","2","N","2026-06-16 15:22:58","2026-06-16 15:22:58","2026-06-16 15:22:58","2026-06-16 15:22:58"
"23479","'라이다'로 진화하는 자율주행, Full Stack 센서 체계로 확장","㈜에스오에스랩이 바로 그 주인공이다. 에스오에스랩은 이미 성숙된 기술을 기반으로 안정적인 아키텍처를 설계하고, 실제 고객 환경에서 지속적으로 운용 가능한 조건을 충족하는 제품을 개발하는 데 집중했다. 그 결과...","라이다 로 진화하는 자율주행 full stack 센서 체계로 확장","39846","","0","은","1","N","2026-06-16 15:22:58","2026-06-16 15:22:58","2026-06-16 15:22:58",""
"23480","[주가] 6월 15일 주요 제약·바이오·기기 5% 변동 현황 - JW신약·삼익제...","","주가 6월 15일 주요 제약 바이오 기기 5 변동 현황 jw신약 삼익제","39847","","0","바이오","5","N","2026-06-16 15:22:58","2026-06-16 15:43:49","2026-06-16 15:22:58",""
"23481","""치매·요실금…·초고령사회 겨냥한 ‘패치’로 승부수"" [C리즈]","","치매 요실금 초고령사회 겨냥한 패치 로 승부수 c리즈","39849","","0","","1","N","2026-06-16 15:22:58","2026-06-16 15:22:58","2026-06-16 15:22:58",""
"23482","김철준 티디에스팜 대표 ""고부가가치 패치로 미래 성장동력 확보"" [C리즈...",""" 김철준 티디에스팜 대표는 14일 경피약물전달시스템(TDDS) 시장 성장 가능성에 대해 이같이 말했다. 그는... 이후 티디에스팜을 창업한 그는 ""오랜 기간 접착제와 붙이는 의약품 연구에 집중해왔다""며 ""단순히 피부에 붙는...","김철준 티디에스팜 대표 고부가가치 패치로 미래 성장동력 확보 c리즈","39850","","0","","1","N","2026-06-16 15:22:58","2026-06-16 15:22:58","2026-06-16 15:22:58",""
"23483","삼성전자, AI로 고객 접점 넓힌다…보안부터 호텔·페스티벌까지 확장","","삼성전자 ai로 고객 접점 넓힌다 보안부터 호텔 페스티벌까지 확장","39851","","0","은","2","N","2026-06-16 15:22:58","2026-06-16 15:30:50","2026-06-16 15:22:58",""
"23484","아이언디바이스, 전기차 구동회로 파워모듈 기술 개발 과제 선정","","아이언디바이스 전기차 구동회로 파워모듈 기술 개발 과제 선정","39853","","0","반도체,자동차,은","6","N","2026-06-16 15:22:58","2026-06-16 15:22:59","2026-06-16 15:22:58","2026-06-16 15:22:59"
"23485","아이언디바이스, 산업부 전기차용 파워모듈 국책과제 공동연구기관 선...","아이언디바이스가 산업통상자원부 산하 한국산업기술기획평가원(KEIT)이 주관하는 전기차용 파워모듈 기술 개발 국책과제의 공동연구개발기관으로 선정됐다. 아이언디바이스는 15일 자율공시를 통해 '2026년도...","아이언디바이스 산업부 전기차용 파워모듈 국책과제 공동연구기관 선","39859","","0","IT","1","N","2026-06-16 15:22:59","2026-06-16 15:22:59","2026-06-16 15:22:59",""
"23486","닷밀, 7월 4일 '원피스' 제주 워터월드 몰입형 전시 개최","","닷밀 7월 4일 원피스 제주 워터월드 몰입형 전시 개최","39860","","0","은,엔터테인먼트","6","N","2026-06-16 15:22:59","2026-06-16 15:22:59","2026-06-16 15:22:59","2026-06-16 15:22:59"
"23487","AI와 문화예술의 미래를 묻다…'2026 MCT 페스티벌' 마곡서 개막","","ai와 문화예술의 미래를 묻다 2026 mct 페스티벌 마곡서 개막","39865","","0","은,엔터테인먼트,조선","4","N","2026-06-16 15:22:59","2026-06-16 15:22:59","2026-06-16 15:22:59","2026-06-16 15:22:59"
"23488","월 1회·사중작용제…ADA서 확인한 K-비만약 생존법[비만약 차별화 승부...","프로티나는 장기 지속형 GIPR 길항 항체 ‘PRT-1309’의 전임상 결과를 공개했다. PRT-1309는 1회 투여만으로 4주간 체중 감소 효과를 유지했으며 세마글루타이드와 병용 시 체중 감소 효과가 더욱 높아졌다. 주요 장기에서...","월 1회 사중작용제 ada서 확인한 k 비만약 생존법 비만약 차별화 승부","39873","","0","","1","N","2026-06-16 15:22:59","2026-06-16 15:22:59","2026-06-16 15:22:59",""
"23489","MC몽, '불륜 부인' 차가원 구속영장 신청에도…웃으며 라이브","","mc몽 불륜 부인 차가원 구속영장 신청에도 웃으며 라이브","39875","","0","","3","N","2026-06-16 15:30:49","2026-06-16 15:30:49","2026-06-16 15:30:49","2026-06-16 15:30:49"
"23490","차가원 측 긴급 입장…""피의자도 몰랐던 구속영장 신청"" 의혹 제기[이슈...","","차가원 측 긴급 입장 피의자도 몰랐던 구속영장 신청 의혹 제기 이슈","39876","","0","","1","N","2026-06-16 15:30:49","2026-06-16 15:30:49","2026-06-16 15:30:49",""
"23491","차가원 측, 300억원 횡령 혐의 구속영장 신청 반발 ""심히 유감...인권침...","","차가원 측 300억원 횡령 혐의 구속영장 신청 반발 심히 유감 인권침","39878","","0","","2","N","2026-06-16 15:30:49","2026-06-16 15:30:49","2026-06-16 15:30:49","2026-06-16 15:30:49"
"23492","차가원 측, 구속영장 신청에 반발→강경 대응…""인권침해 진정 제기할 ...","","차가원 측 구속영장 신청에 반발 강경 대응 인권침해 진정 제기할","39880","","0","","1","N","2026-06-16 15:30:49","2026-06-16 15:30:49","2026-06-16 15:30:49",""
"23493","MC몽, 차가원 '구속영장' 기로 속 웃으며 마이웨이 '라방'…온도차 극명","","mc몽 차가원 구속영장 기로 속 웃으며 마이웨이 라방 온도차 극명","39881","","0","","1","N","2026-06-16 15:30:49","2026-06-16 15:30:49","2026-06-16 15:30:49",""
"23494","MC몽, 차가원 회장 '300억대 사기 혐의' 구속 위기에도 활짝…꿋꿋한 라...","주식회사 노머스로부터 242억 원의 선급금을 받아 챙긴 후 계약을 이행하지 않은 혐의를 받는다. 경찰은 차... 이에 대해 MC몽은 ""스태프 전체가 함께 간 워크숍이었다""며 관련 의혹을 전면 부인했고, 노머스 분쟁 건과...","mc몽 차가원 회장 300억대 사기 혐의 구속 위기에도 활짝 꿋꿋한 라","39882","","0","","2","N","2026-06-16 15:30:49","2026-06-16 15:30:50","2026-06-16 15:30:49","2026-06-16 15:30:50"
"23495","“차가원, ‘돈 받으려면 처벌불원 쓰라’며 피해자 조롱”…‘임금체...","","차가원 돈 받으려면 처벌불원 쓰라 며 피해자 조롱 임금체","39883","","0","","1","N","2026-06-16 15:30:49","2026-06-16 15:30:49","2026-06-16 15:30:49",""
"23496","원헌드레드 등 차가원 3사 피해 임직원 모임 ""장기 임금 체불 사태 해결...","","원헌드레드 등 차가원 3사 피해 임직원 모임 장기 임금 체불 사태 해결","39885","","0","","1","N","2026-06-16 15:30:49","2026-06-16 15:30:49","2026-06-16 15:30:49",""
"23497","스페이스X 상장 훈풍 타나…K-우주기업 재평가 기대감","","스페이스x 상장 훈풍 타나 k 우주기업 재평가 기대감","39887","","0","IT","4","N","2026-06-16 15:30:50","2026-06-16 15:30:56","2026-06-16 15:30:50","2026-06-16 15:30:50"
"23498","스페이스X 화려한 나스닥 데뷔…K-뉴스페이스도 판 커진다","이외에도 쎄트렉아이와 루미르 등이 관측 위성 시장에서 영토를 넓히고 있다. 업계에서는 발사 비용 하락과 위성 수요 증가가 위성 제작, 지상국, 데이터 분석, 통신 장비 등 관련 산업 전반의 성장으로 이어질 수 있다고...","스페이스x 화려한 나스닥 데뷔 k 뉴스페이스도 판 커진다","39889","","0","나스닥","2","N","2026-06-16 15:30:50","2026-06-16 15:30:56","2026-06-16 15:30:50",""
"23499","[Industry Review] K-우주항공, 글로벌 궤도 진입…외인·기관 러브콜에 ...","","industry review k 우주항공 글로벌 궤도 진입 외인 기관 러브콜에","39890","","0","항공","1","N","2026-06-16 15:30:50","2026-06-16 15:30:50","2026-06-16 15:30:50",""
"23500","[증시 오늘(16일) 주요 특징주] 지정학적 리스크 완화에 삼전·닉스 쾌속...","","증시 오늘 16일 주요 특징주 지정학적 리스크 완화에 삼전 닉스 쾌속","39891","","0","게임,IT","1","N","2026-06-16 15:30:50","2026-06-16 15:30:50","2026-06-16 15:30:50",""
"23501","""지금이 저점매수 기회?"" 미·이란 종전에도 K-방산 러브콜 지속","퍼스텍 29.94%, 웨이브일렉트로 29.90%, RF시스템즈 15.71%, 한화시스템 14.17%, 한화로템 9.86%, 한화에어로스페이스 8.49% 등 방산 관련주들이 일제히 강세다. 증권가에서는 이번 종전이 오히려 K-방산에 기회가 될 것으로...","특징주 방산주 미 이란 종전에도 급등 영토 확장 기폭제","41918","","0","방산","2","N","2026-06-16 15:30:50","2026-06-16 15:43:34","2026-06-16 15:30:50","2026-06-16 15:43:34"
"23502","[증권 뉴스브리핑] 금감원, 스페이스X 관련 미래에셋 검사/2차 국민참여...","","증권 뉴스브리핑 금감원 스페이스x 관련 미래에셋 검사 2차 국민참여","39895","","0","","25","N","2026-06-16 15:30:50","2026-06-16 15:43:32","2026-06-16 15:30:50",""
"23503","네이블, 스페이스X '스타링크'와 5G 특화망 결합 성공","네이블은 삼성전자 장비 기반의 5G 특화망 솔루션을 스타링크 위성 통신과 연동해 현장 내 통신망을 구축하는 데 성공했다. 이를 통해 유선 인프라가 제한적인 지역에서도 5G 특화망 적용 가능성을 확인했다. 네이블은...","네이블 스페이스x 스타링크 와 5g 특화망 결합 성공","39897","","0","통신","1","N","2026-06-16 15:30:50","2026-06-16 15:30:50","2026-06-16 15:30:50",""
"23504","[펫] 인투씨엔에스X네이버 동물병원 정보 검색 서비스 外","이번 서비스는 인투씨엔에스가 전국 2000개 이상의 동물병원에 공급하고 있는 전자의무기록(EMR) 솔루션... 인투벳 사용 병원은 인투링크 관리페이지에서 진료대상, 진료질병, 특화진료, 특수진료장비, 부가서비스 등 원하는...","인투씨엔에스 네이버 동물병원 검색 연계 서비스 맞손","40587","","0","사료","3","N","2026-06-16 15:30:50","2026-06-16 15:33:11","2026-06-16 15:30:50","2026-06-16 15:33:10"
"23505","삼성전자, 호텔도 갤러리로 바꾼다…'더 프레임' B2B 확장","호텔 운영자를 위한 관리 솔루션도 제공한다. 삼성전자의 호텔 전용 플랫폼 '링크 클라우드(LYNK Cloud)'를 활용하면 객실 TV 상태와 서비스를 실시간으로 원격 관리할 수 있다. 또 고객 시청 패턴과 서비스 이용...","삼성전자 호텔도 갤러리로 바꾼다 더 프레임 b2b 확장","39902","","0","","1","N","2026-06-16 15:30:50","2026-06-16 15:30:50","2026-06-16 15:30:50",""
"23506","내 폰에 몰래 숨어든 악성 앱, 삼성 갤럭시가 다 잡아낸다","0’에 한층 강화된 모바일 보안 솔루션이 대거 탑재된다. 핵심은 ‘피싱앱 위험 알림’ 기능이다.... KISA가 제공하는 발신번호·위험링크·스팸 키워드 등을 기준으로 악성 스팸 메시지를 사전에 걸러내는 이 기능은...","내 폰에 몰래 숨어든 악성 앱 삼성 갤럭시가 다 잡아낸다","39903","","0","","1","N","2026-06-16 15:30:50","2026-06-16 15:30:50","2026-06-16 15:30:50",""
"23507","카스퍼스키 ""기업 3곳 중 1곳 공급망 위협 경험""","Kaspersky Next 제품군의 일부인 XDR 또는 MXDR 솔루션을 활용해 실시간 인프라 모니터링 및 이상 탐지를 수행한다.... 일곱째, 공급망 공격 관련 추가 인사이트 및 상세 권고 사항은 링크를 통해 확인할 수 있다. 이번 보고서는...","카스퍼스키 기업 3곳 중 1곳 공급망 위협 경험","39904","","0","","1","N","2026-06-16 15:30:50","2026-06-16 15:30:50","2026-06-16 15:30:50",""
"23508","섭씨 1600도 견디는 초내열합금…세아베스틸지주, 소재 주권 선도","와이제이링크 역시 우주·항공 전자장비 공급망 확대 기대 속에 투자자의 관심을 받고 있다. 나노팀은 우주항공 및 첨단 산업용 열관리 소재 분야 성장 가능성이 부각되고 있으며 모델솔루션은 정밀 시제품 제작 기술을...","섭씨 1600도 견디는 초내열합금 세아베스틸지주 소재 주권 선도","39905","","0","항공,철강","2","N","2026-06-16 15:30:50","2026-06-16 15:41:16","2026-06-16 15:30:50",""
"23509","[산업 뉴스브리핑] 갤럭시 보안 고도화하는 삼성전자…""피싱앱 설치 넘...","발신번호, 위험링크, 스팸 키워드 등을 기준으로 악성 스팸을 사전 차단하며, 2024년 9월 도입 이후 올해... 손창우 LG전자 리빙솔루션사업부장은 ""주거 공간과 라이프스타일에 대한 깊은 이해를 바탕으로 유선, 무선...","산업 뉴스브리핑 갤럭시 보안 고도화하는 삼성전자 피싱앱 설치 넘","39906","","0","","1","N","2026-06-16 15:30:50","2026-06-16 15:30:50","2026-06-16 15:30:50",""
"23510","하이비젼시스템, 북미 ESS 배터리 팩 조립장비 수주","세방리튬배터리는 미국 오하이오 공장에서 LG에너지솔루션의 전력망용 ESS 제품인 'JF2 링크(LINK)'에 들어가는 배터리 모듈을 생산할 예정이다. 장비 제작과 납품은 하이비젼시스템이 맡고, 자금 투입과 공장 운영은...","하이비젼시스템 북미 ess 배터리 팩 조립장비 수주","39907","","0","","3","N","2026-06-16 15:30:50","2026-06-16 15:43:51","2026-06-16 15:30:50",""
"23511","객실을 '갤러리'로..삼성, AI 품은 호텔용 '더 프레임' 공개","삼성전자의 호텔 TV 통합 관리 솔루션 '링크 클라우드(LYNK Cloud)'를 활용하면 전 세계 객실 TV 상태와 서비스를 실시간으로 원격 관리할 수 있다. 링크 클라우드의 '비즈니스 인텔리전스(Business Intelligence)' 기능은...","객실을 갤러리 로 삼성 ai 품은 호텔용 더 프레임 공개","39909","","0","","1","N","2026-06-16 15:30:51","2026-06-16 15:30:51","2026-06-16 15:30:51",""
"23512","삼성전자, 모바일 보안·상업용 TV 강화","이 외에도 호텔 전용 통합 매니지먼트 솔루션인 '링크 클라우드'를 함께 제공한다. 관리자는 전 세계 객실 TV의 상태를 원격으로 실시간 모니터링할 수 있으며, 누적된 투숙객의 서비스 이용 패턴 데이터를 분석해...","삼성전자 모바일 보안 상업용 tv 강화","39914","","0","","1","N","2026-06-16 15:30:51","2026-06-16 15:30:51","2026-06-16 15:30:51",""
"23513","[특징주] SK이터닉스, ""SK그룹 1.8조 신재생 사업 재편"" 기대감에 연일 ...","","특징주 sk이터닉스 sk그룹 1 8조 신재생 사업 재편 기대감에 연일","39917","","0","","3","N","2026-06-16 15:30:51","2026-06-16 15:41:21","2026-06-16 15:30:51",""
"23514","[속보] SK이터닉스 오후장서도 VI 발동, 주가 도약","SK이터닉스(475150)가 장중 변동성완화장치(VI)가 발동되며 급등세를 나타내고 있다. 15일 한국거래소(KRX)에 따르면 SK이터닉스는 오후 1시 9분 기준 전 거래일 대비 6950원(16.16%) 오른 4만9950원에 거래되고 있다. 장중...","속보 sk이터닉스 오후장서도 vi 발동 주가 도약","39918","","0","","2","N","2026-06-16 15:30:51","2026-06-16 15:30:51","2026-06-16 15:30:51","2026-06-16 15:30:51"
"23515","SK이터닉스 주가, 연일 급등세... 무슨 회사길래?","","sk이터닉스 주가 연일 급등세 무슨 회사길래","39919","","0","","1","N","2026-06-16 15:30:51","2026-06-16 15:30:51","2026-06-16 15:30:51",""
"23516","최대 악재 털어냈다…'9천피 랠리' 시동","삼성전자가 4.50%, SK하이닉스가 6.42% 상승한 가운데 삼성전기(16.63%), LG이노텍(16.70%), LS일렉트릭(15.73%), SK이터닉스(13.60%) 등이 급등했다. 장 초반 매수세가 빠르게 몰리면서 올해 14번째 매수 사이드카(프로그램 매수호...","최대 악재 털어냈다 9천피 랠리 시동","39922","","0","","1","N","2026-06-16 15:30:51","2026-06-16 15:30:51","2026-06-16 15:30:51",""
"23517","건설도 이제는 친환경 시대… 삼성물산, 스마트 모듈러 건축으로 신성장...","한신공영도 주택 공급 확대 기대감에 상승세를 이어가고 있으며, 엔알비 역시 관련 사업 경쟁력이 부각되며 투자자들의 관심을 받고 있다. 시장에서는 중소형 건설사와 건축자재 기업들이 모듈러 시장 확대 과정에서...","건설도 이제는 친환경 시대 삼성물산 스마트 모듈러 건축으로 신성장","39928","","0","건설","2","N","2026-06-16 15:30:51","2026-06-16 15:43:55","2026-06-16 15:30:51",""
"23518","[2026 산업 AX 코리아] 씨메스로보틱스, 3D 비전·AI 통합 솔루션으로 제...","","2026 산업 ax 코리아 씨메스로보틱스 3d 비전 ai 통합 솔루션으로 제","39929","","0","","1","N","2026-06-16 15:30:52","2026-06-16 15:30:52","2026-06-16 15:30:52",""
"23519","[2026 산업AX KOREA] 포스텍, 스마트 데이터·공정·품질 3대 랩으로 중소...","CNS, 씨메스로보틱스 등이 대거 참여했다. 이들 업체은 데이터 인프라, 제조실행시스템, AI 비전, 디지털 트윈, 피지컬 AI, 협동로봇, 물류 자동화, 로봇자동화 솔루션을 각 세션과 쇼케이스에서 나눠 소개했다....","2026 산업ax korea 현장 실행력 경쟁의 서막 알린 산업 ax 데이터","40523","","0","","2","N","2026-06-16 15:30:52","2026-06-16 15:33:09","2026-06-16 15:30:52","2026-06-16 15:33:09"
"23520","씨메스로보틱스, 23억 원 로봇 자동화 설비 납품 계약 체결","","씨메스로보틱스 23억 원 로봇 자동화 설비 납품 계약 체결","39931","","0","","5","N","2026-06-16 15:30:52","2026-06-16 15:30:52","2026-06-16 15:30:52","2026-06-16 15:30:52"
"23521","부처 칸막이로는 미·중 피지컬 AI 전쟁을 이길 수 없다 - 이제는 과기정...","","부처 칸막이로는 미 중 피지컬 ai 전쟁을 이길 수 없다 이제는 과기정","39936","","0","","1","N","2026-06-16 15:30:52","2026-06-16 15:30:52","2026-06-16 15:30:52",""
"23523","[더벨][Company Watch] 축산 플랫폼 10년, 정육각과 미트박스 엇갈린 행보","국내 축산 플랫폼 시장을 대표하던 정육각과 미트박스의 희비가 엇갈리고 있다. 한때 나란히 축산 유통 혁신 기업으로 주목받았던 두 회사는 각각 소비자 대상(B2C)과 사업자 대상(B2B) 시장을 공략하며 성장해왔다....","더벨 company watch 축산 플랫폼 10년 정육각과 미트박스 엇갈린 행보","39938","","0","사료","1","N","2026-06-16 15:30:52","2026-06-16 15:30:52","2026-06-16 15:30:52",""
"23524","백스비어, 멕시칸 콘셉트 신메뉴 6종 출시…타코·퀘사디아·데킬라 칵...","","백스비어 멕시칸 콘셉트 신메뉴 6종 출시 타코 퀘사디아 데킬라 칵","39939","","0","","1","N","2026-06-16 15:30:52","2026-06-16 15:30:52","2026-06-16 15:30:52",""
"23525","더본코리아 막이오름, 여름 보양식 수요 겨냥 닭 활용 신메뉴 3종 선봬","","더본코리아 막이오름 여름 보양식 수요 겨냥 닭 활용 신메뉴 3종 선봬","39940","","0","철강","8","N","2026-06-16 15:30:52","2026-06-16 15:30:52","2026-06-16 15:30:52","2026-06-16 15:30:52"
"23526","[신상브리핑] 농심, 크라운제과, 대상, 이디야커피, 롯데월드, LG생활건...","","신상브리핑 농심 크라운제과 대상 이디야커피 롯데월드 lg생활건","39942","","0","","1","N","2026-06-16 15:30:52","2026-06-16 15:30:52","2026-06-16 15:30:52",""
"23527","돌아온 백종원…'팔도의 맛' 띄우고, K소스 키운다","","돌아온 백종원 팔도의 맛 띄우고 k소스 키운다","39943","","0","","1","N","2026-06-16 15:30:52","2026-06-16 15:30:52","2026-06-16 15:30:52",""
"23528","'장사법'까지 판다…더본코리아의 K푸드 새 수출 공식","","장사법 까지 판다 더본코리아의 k푸드 새 수출 공식","39944","","0","음식료","1","N","2026-06-16 15:30:52","2026-06-16 15:30:52","2026-06-16 15:30:52",""
"23529","술자리에서도 보양식 챙긴다! 더본코리아 막이오름, 닭고기 안주 3종 출...","","술자리에서도 보양식 챙긴다 더본코리아 막이오름 닭고기 안주 3종 출","39948","","0","","1","N","2026-06-16 15:30:52","2026-06-16 15:30:52","2026-06-16 15:30:52",""
"23530","""보양식부터 냉면까지""…여름 무더위 겨냥 신제품 출시 경쟁","","보양식부터 냉면까지 여름 무더위 겨냥 신제품 출시 경쟁","39950","","0","","1","N","2026-06-16 15:30:52","2026-06-16 15:30:52","2026-06-16 15:30:52",""
"23531","[신메뉴] 이디야커피 '바스크 치즈케이크'부터 더본 한식 안주 3종","","신메뉴 이디야커피 바스크 치즈케이크 부터 더본 한식 안주 3종","39951","","0","","1","N","2026-06-16 15:30:52","2026-06-16 15:30:52","2026-06-16 15:30:52",""
"23532","백종원♥소유진 막내 딸, 언제 이렇게 컸지…폭풍 댄스·자신감 넘치는...","","백종원 소유진 막내 딸 언제 이렇게 컸지 폭풍 댄스 자신감 넘치는","39954","","0","","1","N","2026-06-16 15:30:52","2026-06-16 15:30:52","2026-06-16 15:30:52",""
"23533","백종원 더본코리아 주가, 상장 1년 만 반토막…""균형 잡힌 정책 유지""","","백종원 더본코리아 주가 상장 1년 만 반토막 균형 잡힌 정책 유지","39955","","0","","1","N","2026-06-16 15:30:52","2026-06-16 15:30:52","2026-06-16 15:30:52",""
"23534","[푸드·다이닝 트렌드] 권향엽 의원, 집단급식소 영양사·조리사 직무위...","","푸드 다이닝 트렌드 권향엽 의원 집단급식소 영양사 조리사 직무위","39956","","0","","1","N","2026-06-16 15:30:52","2026-06-16 15:30:52","2026-06-16 15:30:52",""
"23535","[더벨][유통가 풍향계] 더본코리아, 일본 찍고 중화권으로…선봉은 ‘빽...","","더벨 유통가 풍향계 더본코리아 일본 찍고 중화권으로 선봉은 빽","39957","","0","","1","N","2026-06-16 15:30:52","2026-06-16 15:30:52","2026-06-16 15:30:52",""
"23536","[환율 초비상] 해외직구 직격탄…수출기업·백화점만 웃었다","","환율 초비상 해외직구 직격탄 수출기업 백화점만 웃었다","39959","","0","환율","1","N","2026-06-16 15:30:53","2026-06-16 15:30:53","2026-06-16 15:30:53",""
"23537","어떻게 바꿨길래…투썸도 빽다방도 성형이 대세? [언박싱]","","어떻게 바꿨길래 투썸도 빽다방도 성형이 대세 언박싱","39960","","0","음식료","1","N","2026-06-16 15:30:53","2026-06-16 15:30:53","2026-06-16 15:30:53",""
"23538","코스피 3배 올랐는데 백종원 '더본코리아' 반토막…왜?[급등주 지금은]","","코스피 3배 올랐는데 백종원 더본코리아 반토막 왜 급등주 지금은","39961","","0","코스피","1","N","2026-06-16 15:30:53","2026-06-16 15:30:53","2026-06-16 15:30:53",""
"23539","""국내 10만 개 포화"" 저가 커피…미국·일본·동남아로 뻗는다","","국내 10만 개 포화 저가 커피 미국 일본 동남아로 뻗는다","39962","","0","","1","N","2026-06-16 15:30:53","2026-06-16 15:30:53","2026-06-16 15:30:53",""
"23540","심현희 칼럼, 노래가 된 날…이정헌 의원과 선보인 저널아트","현장을 찾은 백종원 더본코리아 대표 역시 “노래마다 가사의 의미가 점점 깊이 와닿는 느낌”이라며 이들이 만들어낸 깊은 교감의 무대에 호평을 더했다. 앙코르 듀엣으로 빛난 시너지… “새로운 지평 열어갈 것”...","심현희 칼럼 노래가 된 날 이정헌 의원과 선보인 저널아트","39963","","0","","1","N","2026-06-16 15:30:53","2026-06-16 15:30:53","2026-06-16 15:30:53",""
"23541","국내 첫 ‘대한민국 드론 공방전’ 본선 진출 8개팀 확정…9월 둘째주 ...","","국내 첫 대한민국 드론 공방전 본선 진출 8개팀 확정 9월 둘째주","39964","","0","항공","3","N","2026-06-16 15:30:53","2026-06-16 15:30:53","2026-06-16 15:30:53","2026-06-16 15:30:53"
"23542","실제 교전 시나리오 따라 드론·대드론 기술력 경쟁","그 결과 드론 부문에는 △프리뉴 △파블로항공·심투리얼 △디브레인 △아쎄따·모빌리티원·에이럭스가 본선행 티켓을 거머쥐었다. 대드론 부문은 △비에이솔루션즈·루프·데이터디자인엔지니어링 △담스테크...","실제 교전 시나리오 따라 드론 대드론 기술력 경쟁","39967","","0","항공","1","N","2026-06-16 15:30:53","2026-06-16 15:30:53","2026-06-16 15:30:53",""
"23543","바이오株, 모두가 반등을 위해 싸우고 있다","","바이오 모두가 반등을 위해 싸우고 있다","39968","","0","바이오","5","N","2026-06-16 15:30:53","2026-06-16 15:43:36","2026-06-16 15:30:53",""
"23544","국내 바이오, 상반기 악재 누적…MASH·ADC·면역질환 데이터로 하반기 ...","","국내 바이오 상반기 악재 누적 mash adc 면역질환 데이터로 하반기","39969","","0","바이오","2","N","2026-06-16 15:30:53","2026-06-16 15:33:13","2026-06-16 15:30:53",""
"23545","[파이프라인 디코드][JW중외제약]탈모 건보 논의에 모낭재생 신약 JW0061...","","파이프라인 디코드 jw중외제약 탈모 건보 논의에 모낭재생 신약 jw0061","39971","","0","바이오","1","N","2026-06-16 15:30:53","2026-06-16 15:30:53","2026-06-16 15:30:53",""
"23546","'바이오USA'에 K-바이오 60개사 출동","AI 기반 단백질 항체 개발 플랫폼(에이인비), ChargeSmed 기반 GLP-1 유도체 경구전달 제형 플랫폼(엔바이오셀), 생체 조직 모사 기반 질병 모델링∙약물평가 기술(이미타사이언스), 환자 유래 오가노이드 기반 정밀의료...","제약바이오 오픈이노베이션 전방위 확대","40737","","0","바이오","9","N","2026-06-16 15:30:53","2026-06-16 15:33:19","2026-06-16 15:30:53","2026-06-16 15:33:15"
"23547","K-바이오 250곳 '바이오 USA' 출격…AI·이중항체 정조준","프레스티지바이오파마가 오는 6월 22일부터 25일까지 미국 샌디에이고에서 개최되는 글로벌 제약·바이오 행사인 바이오 인터내셔널 컨벤션 2026(BIO International Convention 2026 , 바이오 USA 2026)에 참가해 항체신약의...","k바이오 바이오 usa 출격 기술수출 수주 총력전","39981","","0","바이오","13","N","2026-06-16 15:30:53","2026-06-16 15:31:05","2026-06-16 15:30:53","2026-06-16 15:31:05"
"23548","[#사이언스 리포트] UNIST ""도심 열섬, 기후·건물 형태 복합 작용""·KAIS...","","사이언스 리포트 unist 도심 열섬 기후 건물 형태 복합 작용 kais","39974","","0","항공","1","N","2026-06-16 15:30:53","2026-06-16 15:30:53","2026-06-16 15:30:53",""
"23549","상장은 시작일 뿐…알지노믹스 무상증자가 보여준 바이오의 새 과제","실제 디앤디파마텍과 지투지바이오를 비롯해 온코닉테라퓨틱스, 동국생명과학 등 상장 바이오기업들은 잇따라 무상증자를 단행한 바 있다. 과거에는 상장 자체가 성장의 목표로 여겨졌다면 이제는 상장 이후 유동성...","상장은 시작일 뿐 알지노믹스 무상증자가 보여준 바이오의 새 과제","39980","","0","바이오,IT","3","N","2026-06-16 15:30:54","2026-06-16 15:43:59","2026-06-16 15:30:54","2026-06-16 15:41:09"
"23550","하나의 신약으로 여러 질환 잡는다…제약·바이오 '적응증 다각화' 속도...","온코닉테라퓨틱스는 차세대 이중기전 항암신약 후보물질 '네수파립'을 기반으로 췌장암·난소암·자궁내막암·위암 등 4개 적응증을 대상으로 임상 2상을 동시에 진행하고 있다. 파프(PARP) 단백질과 텐키라제(tankyrase)를...","하나의 신약으로 여러 질환 잡는다 제약 바이오 적응증 다각화 속도","39984","","0","바이오","1","N","2026-06-16 15:30:54","2026-06-16 15:30:54","2026-06-16 15:30:54",""
"23551","[Biz뷰] '자큐보'로 체질개선 이룬 제일약품, 후속신약도 기대감 UP","자큐보는 제일약품의 신약개발 자회사 온코닉테라퓨틱스(이하 온코닉)이 자체개발해 국산신약 37호로 허가받은 P-CAB(칼륨 경쟁적 위산분비 억제제) 신약이다. 자큐보는 2024년 출시 후 빠르게 시장 점유율을 높여가며...","biz뷰 자큐보 로 체질개선 이룬 제일약품 후속신약도 기대감 up","39985","","0","바이오","1","N","2026-06-16 15:30:54","2026-06-16 15:30:54","2026-06-16 15:30:54",""
"23552","1700억弗 중남미·동남아 시장 선점…의약품 수출 다변화 노린다","제일약품의 신약 개발 전문 자회사 온코닉테라퓨틱스는 이달 위식도역류질환 신약 ‘자큐보’의 멕시코 허가 신청을 완료했다. 온코닉은 2024년 9월 멕시코 파트너사 라보라토리 샌퍼와 기술이전 계약을 맺고...","1700억 중남미 동남아 시장 선점 의약품 수출 다변화 노린다","39986","","0","바이오","1","N","2026-06-16 15:30:54","2026-06-16 15:30:54","2026-06-16 15:30:54",""
"23553","심평원 약평위 통과율 88.6%… 2년 반 동안 신약 88건 심의","제일약품은 자큐보(온코닉테라퓨틱스), 페트로자주, 베오바정 등 3건, 종근당은 브리베타정과 지텍정 2건이 조건부 급여로 약평위를 통과했다. 글로벌 제약사의 경우 신약 비중이 높아 국내사보다 상대적으로 많은...","심평원 약평위 통과율 88 6 2년 반 동안 신약 88건 심의","39988","","0","바이오","2","N","2026-06-16 15:30:54","2026-06-16 15:41:34","2026-06-16 15:30:54",""
"23554","약평위 3년 성적표보니...국내사 '한독·제일약품' 두각","큐제타스는 자회사인 온코닉테라퓨틱스가 자체 개발한 국산 37호 신약 자큐보의 쌍둥이약이다. 큐제타스와 페트로자는 급여 진입했으며, 베오바정만 건강보험공단과 약가협상을 진행 중이다. 특히 페트로자는...","약평위 3년 성적표보니 국내사 한독 제일약품 두각","39989","","0","바이오","4","N","2026-06-16 15:30:54","2026-06-16 15:43:21","2026-06-16 15:30:54",""
"23555","대원제약, 네 번째 국산 P-CAB 'DW4421' 개발 전방위 가속","국내 P-CAB 시장은 HK이노엔의 케이캡, 대웅제약의 펙수클루, 온코닉테라퓨틱스의 자큐보가 잇따라 출시되며 빠르게 성장하고 있다. DW4421이 허가를 획득할 경우 국산 네 번째 P-CAB 신약이 될 전망이다. 대원제약은 현재...","대원제약 네 번째 국산 p cab dw4421 개발 전방위 가속","39992","","0","바이오","1","N","2026-06-16 15:30:54","2026-06-16 15:30:54","2026-06-16 15:30:54",""
"23556","온코닉 ‘자큐보’, 동남아 최대 시장 인니 진출","온코닉테라퓨틱스의 위식도역류질환 신약 자큐보가 동남아시아 최대 시장인 인도네시아에 진출한다. 온코닉테라퓨틱스(이하 온코닉)는 인도네시아 선도 제약기업인 ‘덱사 메디카(Dexa Medica)’와 위식도역류질환...","온코닉 자큐보 동남아 최대 시장 인니 진출","39994","","0","바이오","1","N","2026-06-16 15:30:54","2026-06-16 15:30:54","2026-06-16 15:30:54",""
"23557","제일약품, 위장약 후속은 당뇨신약…‘공복·식후 혈당’ 동시에 잡는다...","자큐보는 제일약품이 초기 후보물질을 연구해 신약 개발 전문 자회사인 온코닉테라퓨틱스에 이전해 개발 및 사업화에 성공한 국산 37호 신약이다. 2024년 10월 출시돼 지난해 원외처방 부문에서만 481억 원의 실적을...","제일약품 위장약 후속은 당뇨신약 공복 식후 혈당 동시에 잡는다","39997","","0","바이오","1","N","2026-06-16 15:30:54","2026-06-16 15:30:54","2026-06-16 15:30:54",""
"23558","‘자큐보’ 국내 2위 안착...온코닉테라퓨틱스, 글로벌 사업 확장 속도","[그림=챗GPT] [뉴스투데이=서민지 기자] 온코닉테라퓨틱스가 위식도역류질환 치료제 ‘자큐보’의 시장 안착을 발판으로 해외 진출과 차세대 항암제 개발에 속도를 내고 있다. 의약품 시장조사기관 유비스트(UBIST)에...","자큐보 국내 2위 안착 온코닉테라퓨틱스 글로벌 사업 확장 속도","39998","","0","","1","N","2026-06-16 15:30:54","2026-06-16 15:30:54","2026-06-16 15:30:54",""
"23559","AI부터 차세대 치료제까지…글로벌 바이오 혁신 한눈에","동향 △과학과 규제 혁신 등이 있습니다. 정찬웅 한국제약바이오협회 부본부장은 ""바이오 USA는 혁신을 촉진할 수 있는 기술·과학 영역들을 지향한다""라며 ""해당 영역에는 세포 유전자 치료제 및 플랫폼 기술을...","k 바이오 기업들 글로벌 빅딜 얼마나 이뤄낼까","40411","","0","바이오","6","N","2026-06-16 15:30:54","2026-06-16 15:33:13","2026-06-16 15:30:54","2026-06-16 15:33:13"
"23560","문루도 M83영화종합촬영소 대표, 경북 대전환위원회 문화관광분과 위원...","","문루도 m83영화종합촬영소 대표 경북 대전환위원회 문화관광분과 위원","40002","","0","","1","N","2026-06-16 15:30:54","2026-06-16 15:30:54","2026-06-16 15:30:54",""
"23561","[조간브리핑] ""AI를 위한 AI 개발까지···"" 기술 혁명의 새로운 과제","따라서 천문학자들이 NASA의 찬드라 X선 관측소를 이용해 인근 은하인 메시에 83(M83)을 관측했을 때, 초신성 잔해, 즉 폭발로 생긴 파편들이 밝기에 극적인 변화를 보이는 것을 발견할 것이라고는 예상하지...","조간브리핑 ai를 위한 ai 개발까지 기술 혁명의 새로운 과제","40003","","0","","1","N","2026-06-16 15:30:54","2026-06-16 15:30:54","2026-06-16 15:30:54",""
"23562","체질 개선 시동 건 '코스닥'…천스닥 발판 삼아 시장 신뢰 회복할까","원익IPS, HPSP, 하이딥, 세미티에스 등 반도체 밸류체인 관련 종목들이 나란히 상한가를 기록하며 지수 상승을 견인했다. 다만 단기 반등에도 코스닥의 구조적 과제는 여전히 남아 있다는 평가다. 코스닥은 지난 2024년...","체질 개선 시동 건 코스닥 천스닥 발판 삼아 시장 신뢰 회복할까","40006","","0","반도체,코스닥,코스피","4","N","2026-06-16 15:30:55","2026-06-16 15:30:55","2026-06-16 15:30:55","2026-06-16 15:30:55"
"23563","세미티에스 주가 상한가...1분기 매출 139% 급증","세미티에스 로고 세미티에스 주가가 상한가를 기록 중이다. 15일 낮 12시 30분 기준 세미티에스는 29.82% 상승한 6530원에 거래되고 있다. 최근 세미티에스는  1분기 연결 매출액이 127억원을 기록해 전년 동기 대비 139...","세미티에스 주가 상한가 1분기 매출 139 급증","40007","","0","","1","N","2026-06-16 15:30:55","2026-06-16 15:30:55","2026-06-16 15:30:55",""
"23564","[특징주]세미티에스, 실적 호조에 이틀째 '급등'","세미티에스(0017J0)가 장초 18%대 급등 중이다. 15일 엠피닥터에 따르면 세미티에스는 오전 9시 21분 기준 전 거래일 대비 18.49% 오른 5970원에 거래되고 있다. 지난해 대비 실적이 급증했다는 소식에 매수세가 몰리고...","특징주 세미티에스 실적 호조에 이틀째 급등","40008","","0","반도체,금융","2","N","2026-06-16 15:30:55","2026-06-16 15:30:55","2026-06-16 15:30:55","2026-06-16 15:30:55"
"23565","[증시전략] 트럼프 ""이란과 합의 14일 서명 예정""…이번엔 진짜?","86% 폭등 기록 - 원익IPS·HPSP·하이딥·세미티에스 등 장비부품주 上 Q. 시장의 변동성이 여전한 가운데 일본과 미국의 금리결정 등 빅이벤트를 앞두고 있는데 어떻게 전략 세워야 할까요? - 8천선 회복한 코스피…“상승...","증시전략 트럼프 이란과 합의 14일 서명 예정 이번엔 진짜","40011","","0","코스피,금리","1","N","2026-06-16 15:30:55","2026-06-16 15:30:55","2026-06-16 15:30:55",""
"23566","반도체 소부장 ETF, '삼전·닉스' 힘입어 수익률 최상위권","상위 편입 종목은 브이엠(24.18%)·하나마이크론(12.17%)·원익IPS(9.82%)·디아이(8.55%)·테스(5.97%) 등이다. 뒤이은 수익률 최상위권에도 동일 테마 ETF가 자리를 꿰찼다. 신한자산운용의 'SOL 반도체전공정(22.79%)'가 2위...","코스닥지수 1 000선 회복 반도체 강세와 정책 기대 힘입어","41290","","0","반도체,코스닥","5","N","2026-06-16 15:30:55","2026-06-16 15:43:59","2026-06-16 15:30:55","2026-06-16 15:43:26"
"23567","""누리호에 내 위성 띄운다""…대학생 큐브위성 도전장","","누리호에 내 위성 띄운다 대학생 큐브위성 도전장","40017","","0","항공","1","N","2026-06-16 15:30:56","2026-06-16 15:30:56","2026-06-16 15:30:56",""
"23568","코스닥 상장 우주 기업도 배출한 '이 대회', 올해 주인공은 누구?","나라스페이스테크놀로지의 박재필 대표는 2012년 열린 제1회 경연대회 참가자로 대회를 통해 위성 '카니발'을 개발했다. 나라스페이스테크놀로지는 2025년 초소형 위성 개발 기업으로 코스닥에 상장했다. 오태석...","코스닥 상장 우주 기업도 배출한 이 대회 올해 주인공은 누구","40023","","0","코스닥","1","N","2026-06-16 15:30:56","2026-06-16 15:30:56","2026-06-16 15:30:56",""
"23569","""내가 만든 위성, 누리호 타고 우주 간다""…우주청, 큐브위성 대회 개최","대표 사례가 박재필 나라스페이스테크놀로지 대표다. 박 대표는 2012년 제1회 경연대회에 연세대 소속으로 참가했고, 카니발(CANYVAL) 위성 개발 및 실증 경험을 통해 2015년 초소형 위성 개발 기업을 창업했다. 이후...","내가 만든 위성 누리호 타고 우주 간다 우주청 큐브위성 대회 개최","40024","","0","","1","N","2026-06-16 15:30:56","2026-06-16 15:30:56","2026-06-16 15:30:56",""
"23570","[더벨][IB 수수료 점검] 해외법인+기술특례 반영 인제니아 주관 보수 책...","기술특례로 상장한 나라스페이스테크놀로지와 알지노믹스의 수수료율도 각각 550bp 수준이었다. 특례상장과 해외법인 등 난도 높은 딜을 중심으로 쏠쏠한 보수를 챙겨가고 있는 셈이다. 한편 인제니아테라퓨틱스는...","더벨 ib 수수료 점검 해외법인 기술특례 반영 인제니아 주관 보수 책","40025","","0","","1","N","2026-06-16 15:30:56","2026-06-16 15:30:56","2026-06-16 15:30:56",""
"23571","[핀셋+] [디아이] 반도체 초호황, 역대급 실적 청신호","미국 우주·AI 기업 스페이스X 상장 첫날 일론 머스크 최고경영자(CEO)는 인류 최초의 ‘조만장자’에... 진단하면서 “테크놀로지의 경로에 미리 예정된 것은 없고, 오늘날 지배층이 만들고 있는 이중구조의 계층 사회와...","아침을 열며 반도체 초호황 거품 아닌 토대가 될 때","41750","","0","반도체","2","N","2026-06-16 15:30:56","2026-06-16 15:43:25","2026-06-16 15:30:56","2026-06-16 15:43:25"
"23572","스페이스X 상장 대박에…돈줄 몰리는 '국내 우주 군단'","나라스페이스테크놀로지는 미국 달 탐사 프로젝트인 아르테미스에 탑재체를 올리며 기술력을 증명했다. 텔레픽스는 헝가리 정부에 수천만 달러 규모의 위성을 수출하는 성과를 거두며 하반기 기업공개(IPO)를 정조준했고...","스페이스x 상장 대박에 돈줄 몰리는 국내 우주 군단","40027","","0","달러","1","N","2026-06-16 15:30:56","2026-06-16 15:30:56","2026-06-16 15:30:56",""
"23573","""올해만 712% 폭등""...삼전닉스 '쌍끌이 투자'에 펄펄 끓는데, 추격매수...","","올해만 712 폭등 삼전닉스 쌍끌이 투자 에 펄펄 끓는데 추격매수","40028","","0","","2","N","2026-06-16 15:30:57","2026-06-16 15:41:19","2026-06-16 15:30:57",""
"23574","삼양엔씨켐, 삼성전자 낸드 V8·V9 전환 수혜…'마진율 3배' 차세대 EUV ...","","삼양엔씨켐 삼성전자 낸드 v8 v9 전환 수혜 마진율 3배 차세대 euv","40029","","0","","1","N","2026-06-16 15:30:57","2026-06-16 15:30:57","2026-06-16 15:30:57",""
"23575","삼전닉스보다 더 뛰었다…'주가 66% 폭등' 잭팟 터진 회사","","삼전닉스보다 더 뛰었다 주가 66 폭등 잭팟 터진 회사","40030","","0","반도체","2","N","2026-06-16 15:30:57","2026-06-16 15:43:59","2026-06-16 15:30:57",""
"23576","""HBM 다음은 NAND""…삼성·SK 투자 확대에 소부장 주목","","hbm 다음은 nand 삼성 sk 투자 확대에 소부장 주목","40031","","0","","2","N","2026-06-16 15:30:57","2026-06-16 15:43:59","2026-06-16 15:30:57",""
"23577","[더벨][반도체 소부장 실적 리뷰] 테스, 해외 없이도 이익률 23%…초미세...","NAND 고단화 관련 기업으로는 삼양엔씨켐과 티씨케이에 주목할 필요가 있다. 삼양엔씨켐은 KrF 중심의 제품군을 ArF와 EUV 포토레지스트 소재로 확대하고 있다. 신규 소재가 고객사 공급망에 진입하면 NAND를 넘어 선단...","산업보고서 장비 반입 다음은 소재 부품 반도체 소부장 nand 고단화","41244","","0","반도체","2","N","2026-06-16 15:30:57","2026-06-16 15:41:18","2026-06-16 15:30:57","2026-06-16 15:41:18"
"23578","""반도체 수혜축 이동…소부장 순환매 시작"" - 그로쓰리서치","유망 종목으로는 삼양엔씨켐과 티씨케이를 제시했다. 삼양엔씨켐은 반도체 노광공정 핵심 소재인 포토레지스트(PR)용 폴리머와 광산발생제(PAG)를 생산하는 기업이다. 연구원들은 ""NAND 고단화에 필요한 Thick KrF PR...","반도체 수혜축 이동 소부장 순환매 시작 그로쓰리서치","40033","","0","반도체,건설,조선","4","N","2026-06-16 15:30:57","2026-06-16 15:43:28","2026-06-16 15:30:57","2026-06-16 15:41:24"
"23579","[기획] 에이피알에 쏠린 증권가…하반기 화장품 최선호주 부상","","기획 에이피알에 쏠린 증권가 하반기 화장품 최선호주 부상","40035","","0","화장품","1","N","2026-06-16 15:30:57","2026-06-16 15:30:57","2026-06-16 15:30:57",""
"23580","[K뷰티 전성시대-③] 인디 브랜드가 이끄는 K뷰티 2.0","에이피알[278470]과 달바글로벌[483650] 등 일부 브랜드들은 관세 환급 절차를 진행하고 있다. 에이피알은 지난 1분기 실적 발표 컨퍼런스콜에서 미국 관세 환급 규모를 200억 원대 초중반으로 예상하며 늦어도 3분기부터...","k뷰티 전성시대 인디 브랜드가 이끄는 k뷰티 2 0","40036","","0","화장품","5","N","2026-06-16 15:30:57","2026-06-16 15:43:29","2026-06-16 15:30:57","2026-06-16 15:43:29"
"23581","코스피 8000 시대, 외국인은 '바스켓'을 바꿨다","","코스피 8000 시대 외국인은 바스켓 을 바꿨다","40038","","0","코스피,화장품","1","N","2026-06-16 15:30:57","2026-06-16 15:30:57","2026-06-16 15:30:57",""
"23582","신화는 계속된다…글로벌 K뷰티 콘퍼런스","달바, 라운드랩, 메디힐, 클리오, 토리든 등은 연 매출 1,000억원을 넘어섰으며, 아렌시아와 휩드 같은 신생 브랜드들도 새로운 시장을 개척하며 빠르게 성장하고 있다. 여기에 올리브영이 외국인 관광객 유치와 글로벌몰...","k뷰티 글로벌 유통 허브가 간다 올리브영 2호점도 오픈런","41510","","0","바이오,화장품","2","N","2026-06-16 15:30:57","2026-06-16 15:41:31","2026-06-16 15:30:57","2026-06-16 15:41:31"
"23583","'제이앤티지·씨엔티테크·에스케이증권제14호·케이비제34호·한국제17...","","제이앤티지 씨엔티테크 에스케이증권제14호 케이비제34호 한국제17","40040","","0","코스닥,IT","3","N","2026-06-16 15:30:57","2026-06-16 15:30:57","2026-06-16 15:30:57","2026-06-16 15:30:57"
"23584","제이앤티지 등 6개사, 코스닥 상장예비심사 신청","","제이앤티지 등 6개사 코스닥 상장예비심사 신청","40043","","0","코스닥","1","N","2026-06-16 15:30:58","2026-06-16 15:30:58","2026-06-16 15:30:58",""
"23585","[5월 상장 예비심사 신청기업下]삼홍아크튜리온, 다비오, 하나에어로다...","다비오, 하나에어로다이내믹스, 케이엠에프, 인터엑스, 유캐스트, 엔에이치스팩34호 등 15개사다. 삼홍아크튜리온(삼홍기계)는 2022년 상용원전, 소형원자로, 핵융합발전설비, 산업기계 부품제작 및 임가공업을...","5월 상장 예비심사 신청기업 삼홍아크튜리온 다비오 하나에어로다","40044","","0","원전,기계","1","N","2026-06-16 15:30:58","2026-06-16 15:30:58","2026-06-16 15:30:58",""
"23586","에스엔시스, 美 콘래드 조선소와 맞손…북미 LNG 벙커링 시장 공략","조선 기자재 통합 솔루션 기업 에스엔시스(0008Z0)는 미국 콘래드 조선소(Conrad Shipyard) 관계자들이 지난 11일 부산 에코센터를 찾아 LNG 연료공급 및 친환경 선박 솔루션의 기술력과 생산 능력을 점검했다고 15일...","에스엔시스 콘래드 조선소와 맞손 북미 lng 벙커링 시장 공략","40045","","0","조선","5","N","2026-06-16 15:30:58","2026-06-16 15:30:58","2026-06-16 15:30:58","2026-06-16 15:30:58"
"23587","티엑스알로보틱스, 피지컬 AI 로봇·물류 자동화 플랫폼 개발 추진","","티엑스알로보틱스 피지컬 ai 로봇 물류 자동화 플랫폼 개발 추진","40050","","0","","1","N","2026-06-16 15:30:58","2026-06-16 15:30:58","2026-06-16 15:30:58",""
"23588","[로보 로그] 유일로보틱스ㆍ티엑스알로보틱스ㆍKH바텍","","로보 로그 유일로보틱스 티엑스알로보틱스 kh바텍","40051","","0","","1","N","2026-06-16 15:30:58","2026-06-16 15:30:58","2026-06-16 15:30:58",""
"23589","티엑스알로보틱스, 산업부 'AI 응용제품 신속 상용화' 주관기관 선정","물류자동화 솔루션 기업 티엑스알로보틱스(TXR Robotics)는 산업통상자원부의 '2026 AI응용제품 신속 상용화 지원사업' 주관기관으로 최종 선정됐다고 15일 밝혔다. 이번 사업은 정부출연금 28억8500만원을 포함해 총 사업비...","티엑스알로보틱스 산업부 ai 응용제품 신속 상용화 주관기관 선정","40052","","0","","3","N","2026-06-16 15:30:58","2026-06-16 15:30:58","2026-06-16 15:30:58","2026-06-16 15:30:58"
"23590","K-방산 유럽 무대 공략, '유로사토리 2026' 통합한국관 운영","한화에어로스페이스, LIG D&A, 현대로템 등 체계업체를 비롯해 비츠로셀, 엠앤씨솔루션, 아이쓰리시스템 등 소재·부품·장비 기업 21개사도 통합한국관 주변에 부스를 마련해 완제품 무기체계부터 센서·감시장비 등...","k 방산 유럽 무대 공략 유로사토리 2026 통합한국관 운영","40055","","0","방산","6","N","2026-06-16 15:30:58","2026-06-16 15:30:58","2026-06-16 15:30:58","2026-06-16 15:30:58"
"23591","""지금 당장 공급 가능"" 파리 흔드는 K-방산","(신뢰할 수 있고, 가성비가 높으며, 지금 즉시 획득 가능한!)'라는 슬로건을 정면에 내걸고, 한화에어로스페이스, LIG D&A, 현대로템 등 핵심 체계기업과 비茨로셀, 엠앤씨솔루션 등 핵심 소부장 기업 21개사, 그리고 12개...","지금 당장 공급 가능 파리 흔드는 k 방산","40059","","0","방산","1","N","2026-06-16 15:30:58","2026-06-16 15:30:58","2026-06-16 15:30:58",""
"23592","“삼전닉스 담았다가 심장병 걸릴뻔”…중형주 대신 담으니 ‘안심’","엠앤씨솔루션과 한화비전, 에스원 등 방산·보안주도 대형 AI주와 상관관계가 낮은 실적형 테마로 꼽히며 중형주의 방어력을 높였다. 소형주와 벌어진 격차도 뚜렷했다. 코스피 소형주는 중형주 대비 거래대금이 작아...","삼전닉스 담았다가 심장병 걸릴뻔 중형주 대신 담으니 안심","40071","","0","방산,코스피","2","N","2026-06-16 15:30:58","2026-06-16 15:31:00","2026-06-16 15:30:58",""
"23593","상장사 M&A 도중 깜짝 무증…주가 25% 급등한 엠앤씨솔루션[이충희의 쓰...","올해 국내 인수합병(M&A) 시장에 나온 주요 빅딜 가운데 하나인 엠앤씨솔루션(484870)이 매각 측·인수 측 간의 주식매매계약(SPA) 체결을 앞두고 전격적인 무상증자 카드를 꺼내 들었습니다. 올 들어 방산기업들의 주가가...","상장사 m a 도중 깜짝 무증 주가 25 급등한 엠앤씨솔루션 이충희의 쓰","40072","","0","방산","1","N","2026-06-16 15:30:58","2026-06-16 15:30:58","2026-06-16 15:30:58",""
"23594","AI株 요동치자 … 유통·방산株로 '방어벽'","엠앤씨솔루션과 한화비전, 에스원 등 방산·보안주도 대형 AI주와 상관관계가 낮은 실적형 테마로 꼽히며 중형주의 방어력을 높였다. 정용택 IBK투자증권 수석연구위원은 ""삼성전자와 SK하이닉스의 조정에 따른 반사...","ai 요동치자 유통 방산 로 방어벽","40073","","0","방산","1","N","2026-06-16 15:30:58","2026-06-16 15:30:58","2026-06-16 15:30:58",""
"23595","엠앤씨솔루션, 200% 무상증자 단행…매각·신사업 드라이브","모션컨트롤 방산 기업 엠앤씨솔루션이 200% 무상증자를 통해 기업가치 제고에 나산다. 최대주주 지분 매각 협상과 과학기술 전문가의 사외이사 영입이 동시에 진행되면서 시장의 이목이 쏠리고 있다. ​14일 금융감독원...","엠앤씨솔루션 200 무상증자 단행 매각 신사업 드라이브","40074","","0","방산,금융","1","N","2026-06-16 15:30:58","2026-06-16 15:30:58","2026-06-16 15:30:58",""
"23596","""지름길이자 종속의 시작""…젠슨 황 방한이 남긴 AI 인재 '명과 암'","스타트업엔 성장 사다리이자 의존 리스크 황 CEO는 방한 기간 업스테이지, 노타, 프렌들리AI 등 국내 대표 AI 스타트업 및 로봇 기업 관계자들을 접촉했다. 스타트업 입장에서 엔비디아와의 파트너십은 기업 가치를 높일...","지름길이자 종속의 시작 젠슨 황 방한이 남긴 ai 인재 명과 암","40075","","0","","1","N","2026-06-16 15:30:59","2026-06-16 15:30:59","2026-06-16 15:30:59",""
"23597","'전관왕 도전' 김민솔, 2주 연속 우승 노린다…더헤븐 마스터즈 출격","한국여자프로골프(KLPGA)투어 전관왕에 도전하는 '슈퍼루키' 김민솔(20·두산건설)이 한국여자오픈 우승의 기세를 몰아 2주 연속 우승에 도전한다. KLPGA투어 인카금융 더헤븐 마스터즈(총상금 10억 원)는 19일부터 사흘간...","인카금융 더헤븐 마스터즈 klpga 명품샷 보러 대부도로 숙박권 경품","40705","","0","금융,건설,바이오","5","N","2026-06-16 15:30:59","2026-06-16 15:43:53","2026-06-16 15:30:59","2026-06-16 15:43:52"
"23598","조현준號 효성, '독립 경영' 2년째 계열분리 미완","","조현준 효성 독립 경영 2년째 계열분리 미완","40077","","0","화학","2","N","2026-06-16 15:30:59","2026-06-16 15:41:13","2026-06-16 15:30:59",""
"23599","[영상] 창사 60주년에 ‘황제주’ 등극한 효성, 왜 아직도 '오너 사법 리...","","영상 창사 60주년에 황제주 등극한 효성 왜 아직도 오너 사법 리","40078","","0","","1","N","2026-06-16 15:30:59","2026-06-16 15:30:59","2026-06-16 15:30:59",""
"23600","[이성 칼럼] AI 확장의 성패, ‘운영 기반’에서 결정된다","이성 HS효성인포메이션시스템 DX사업본부장 파일럿이 현장에서 외면 받는 이유 AI를 실제 운영 환경으로 확장하는 데 성공한 기업이 전체의 31%에 불과하다는 글로벌 회계·컨설팅 기업 KPMG의 '글로벌 테크 리포트...","이성 칼럼 ai 확장의 성패 운영 기반 에서 결정된다","40080","","0","","1","N","2026-06-16 15:30:59","2026-06-16 15:30:59","2026-06-16 15:30:59",""
"23601","[모닝 리포트] ""바이오비쥬, ECM 스킨부스터 신사업에 주목""","","모닝 리포트 바이오비쥬 ecm 스킨부스터 신사업에 주목","40081","","0","바이오","4","N","2026-06-16 15:30:59","2026-06-16 15:41:23","2026-06-16 15:30:59","2026-06-16 15:30:59"
"23602","메디톡스 '락티플랜', 전국 약국 입점…오프라인 유통 본격화","락티플랜 약국 전용 포스터 ㅣ 메디톡스 바이오제약기업 메디톡스(대표이사 정현호)가 체지방 감소... 3월 말 출시한 턱밑 지방개선주사제 '뉴비쥬'도 사전 주문 물량 일부가 1분기에 반영되며 신규 성장동력으로...","메디톡스 락티플랜 전국 약국 입점 오프라인 유통 본격화","40083","","0","바이오","1","N","2026-06-16 15:30:59","2026-06-16 15:30:59","2026-06-16 15:30:59",""
"23603","타임기술, 한화에어로스페이스와 군수지원 생성형 AI 플랫폼 개발 착수","","타임기술 한화에어로스페이스와 군수지원 생성형 ai 플랫폼 개발 착수","40084","","0","방산","1","N","2026-06-16 15:31:00","2026-06-16 15:31:00","2026-06-16 15:31:00",""
"23604","한 달 남은 120조 캐나다 잠수함 수주전…한화오션, KDDX 기세 이어갈까","또 사업 수주 시 연간 2만2500개 이상의 일자리 창출과 약 940억달러 규모의 경제 효과를 유발할 수 있다는 비전도 제시하고 있다. 업계에서는 한화오션이 KDDX에 이어 캐나다 잠수함 사업까지 수주할 경우 수상함과...","한 달 남은 120조 캐나다 잠수함 수주전 한화오션 kddx 기세 이어갈까","40085","","0","달러,조선,방산,건설,기계","3","N","2026-06-16 15:31:00","2026-06-16 15:31:00","2026-06-16 15:31:00","2026-06-16 15:31:00"
"23605","NC AI, K-콘텐츠 AX 나선다..AI 편집·더빙·화면해설 자동화","","nc ai k 콘텐츠 ax 나선다 ai 편집 더빙 화면해설 자동화","40086","","0","조선","1","N","2026-06-16 15:31:00","2026-06-16 15:31:00","2026-06-16 15:31:00",""
"23606","아리스 ""시선AI, 올해 흑자 전환 기대""","","아리스 시선ai 올해 흑자 전환 기대","40088","","0","","1","N","2026-06-16 15:31:00","2026-06-16 15:31:00","2026-06-16 15:31:00",""
"23607","한화 김동선 신사업의 처참한 성적표…매각 앞두고 몸값 키우기용 출점","파이브가이즈는 한화그룹 삼남 김동선 한화갤러리아 미래비전총괄(부사장)이 주도해 들여온 브랜드로 국내 진출 초기부터 화제성을 모았다. 업계에서는 높은 임대료와 인건비 부담, 프리미엄 버거 시장 경쟁 심화...","한화 김동선 신사업의 처참한 성적표 매각 앞두고 몸값 키우기용 출점","40090","","0","","1","N","2026-06-16 15:31:00","2026-06-16 15:31:00","2026-06-16 15:31:00",""
"23608","[클릭 e종목]""시선AI, 스마트 APC·로봇 자동화 사업 성장…올해 흑자전...","시선AI와 유온로보틱스는 한화로보틱스와의 협력을 바탕으로 농협 산지유통센터의 스마트화와 로봇 자동화 전환 사업을 추진하고 있다. 아리스는 ""비전 AI 기술과 로봇 제어 기술, 협동로봇, 자율주행로봇(AMR)을...","클릭 e종목 시선ai 스마트 apc 로봇 자동화 사업 성장 올해 흑자전","40091","","0","","1","N","2026-06-16 15:31:00","2026-06-16 15:31:00","2026-06-16 15:31:00",""
"23609","이재용·최태원·정의선·구광모 등 대기업 총수, AI 전환 '속도전'...삼...","한화·롯데·포스코·GS·HD현대·두산·신세계 등 주요 그룹 AX 대응 이밖에도 여러 그룹은 AX에 진심이다.... 롯데그룹은 2030년까지 전사적인 AI 운영 체계를 실현할 것이라는 비전에 따라 유통 영역에서도 AI 전환에...","이재용 최태원 정의선 구광모 등 대기업 총수 ai 전환 속도전 삼","40092","","0","","1","N","2026-06-16 15:31:00","2026-06-16 15:31:00","2026-06-16 15:31:00",""
"23610","한화, 파이브가이즈 매각 재시동…700억 몸값 ‘수익성’ 변수","파이브가이즈는 김동선 한화 미래비전총괄이 국내에 들여온 글로벌 프리미엄 버거 브랜드로, 서울 주요 상권을 중심으로 빠르게 인지도를 쌓아왔습니다. 특히 에프지코리아가 일본 현지 법인을 설립하고 사업 확대를...","한화 파이브가이즈 매각 재시동 700억 몸값 수익성 변수","40095","","0","","1","N","2026-06-16 15:31:00","2026-06-16 15:31:00","2026-06-16 15:31:00",""
"23611","아워홈 용인공장 끼임 사고…경찰, 원·하청 안전관리자 2명 입건","포쓰저널 이남주 기자 2025년 5월 20일 서울 아워홈 본사에서 열린 '아워홈 비전 2020' 행사에서 김동선... 아워홈은 지난해 한화호텔앤드리조트에 인수돼 한화그룹 계열사로 편입됐다. 업계에서는 대기업 계열 편입...","아워홈 용인공장 끼임 사고 경찰 원 하청 안전관리자 2명 입건","40096","","0","","1","N","2026-06-16 15:31:00","2026-06-16 15:31:00","2026-06-16 15:31:00",""
"23612","전쟁 끝 생산 확대 시작…반도체 장비주에 부는 훈풍","하나마이크론(101.98%), 이오테크닉스(98.88%), 한화비전(71.19%), 리노공업(58.95%) 등도 강세였다. 금융투자업계는 반도체 가격이 오른 만큼 반도체 소부장주도 호황을 누릴 것으로 보고 있다. 삼성전자가 광주에...","전쟁 끝 생산 확대 시작 반도체 장비주에 부는 훈풍","40097","","0","반도체,금융","1","N","2026-06-16 15:31:00","2026-06-16 15:31:00","2026-06-16 15:31:00",""
"23613","차세대 AI 격전지는 전장…'국방 AI' 주목하는 IT업계","이 모델은 자체 개발한 비전 인코더 '하이퍼클로바X CLIP'과 오디오 인코더를 적용해 텍스트와 이미지, 영상... 지난 3월에는 한화에어로스페이스와 피지컬 AI 공동 개발 협약을 체결했다. 크래프톤은 엔비디아와의 협력을...","차세대 ai 격전지는 전장 국방 ai 주목하는 it업계","40098","","0","IT","1","N","2026-06-16 15:31:00","2026-06-16 15:31:00","2026-06-16 15:31:00",""
"23614","한화비전, 칠레 방산 시장 정조준…영상보안솔루션 전문 인증 협력","'칠레 함정 솔루션 공급사' SISDEF, 한화비전 VPC 참가 칠레 국방 사업 참여 기대  한화비전이 칠레 방산 기업 SISDEF와 영상보안 전문 인증 프로그램을 진행했다. 전문가 수준의 교육과 인증을 지원하고 기술...","한화비전 칠레 방산 시장 정조준 영상보안솔루션 전문 인증 협력","40099","","0","방산","1","N","2026-06-16 15:31:00","2026-06-16 15:31:00","2026-06-16 15:31:00",""
"23615","[중화학 ON] LG엔솔, 배터리 테크 컨퍼런스 개최 外","BTC는 LG에너지솔루션이 매년 세계 각국의 석·박사급 인재들을 초청해 회사의 기술력과 비전을 소개하는... ◆한화에어로, 외부전문가 11명 포함 ‘안전문화혁신위원회’ 출범 한화에어로스페이스가 외부 전문가...","중화학 on lg엔솔 배터리 테크 컨퍼런스 개최","40101","","0","화학","1","N","2026-06-16 15:31:00","2026-06-16 15:31:00","2026-06-16 15:31:00",""
"23616","'161㎞ 충격' 리오스와 웰스, LG가 창조한 새로운 비전. KBO도 이제 '광속...","한화 이글스의 문동주가 그랬다. 지난해 9월 20일 KT 위즈전서 선발 코디 폰세에 이어 구원 투수로 6회에... 한화의 쿠싱의 경우 화이트의 부상으로 인해 단기 대체 외국인 투수로 왔었는데 처음엔 선발 요원이었다가...","161 충격 리오스와 웰스 lg가 창조한 새로운 비전 kbo도 이제 광속","40102","","0","","1","N","2026-06-16 15:31:00","2026-06-16 15:31:00","2026-06-16 15:31:00",""
"23617","현대로템, 佛 '유로사토리 2026' 참가…첨단 방호체계 기술 공개","우리나라에서는 현대로템 외에도, 기아, LIG넥스원, 한화에어로스페이스, 한화시스템 등이 참가해 자사의... 여기에, 유인 전투 체계와 무인 플랫폼이 실시간 협업하는 '유무인 복합 운용 체계(MUM-T)'의 미래 비전도...","현대로템 유로사토리 2026 참가 첨단 방호체계 기술 공개","40103","","0","","1","N","2026-06-16 15:31:00","2026-06-16 15:31:00","2026-06-16 15:31:00",""
"23618","‘바르고 칠하기’ 너머 '로봇 테크'로… 대구 뷰티엑스포가 보여준 ‘...","이 과정에서 도출된 수출상담액은 3,634만 달러(한화 약 552억 원)로 전년 대비 19% 성장했으며, 실제 계약으로... 않겠다”며 향후 비전을 제시했다. #대구국제뷰티엑스포, #뷰티엑스포, #K뷰티 이광재 글로벌이코노믹 기자","바르고 칠하기 너머 로봇 테크 로 대구 뷰티엑스포가 보여준","40105","","0","달러,화장품","1","N","2026-06-16 15:31:00","2026-06-16 15:31:00","2026-06-16 15:31:00",""
"23619","[텐진 혈우병 대회] 혁신적 혈우병 치료제의 글로벌 접근성과 다층적 지...","환자들의 직접 의료비 연평균 중앙값은 약 3만 위안(한화 약 560만 원) 수준이지만, 인자 우회 요법이나... 구축하겠다는 비전도 공유했다. 궈진촨 총괄은 ""우리가 단순히 약제비라는 비용의 프레임에서 벗어나 혁신...","텐진 혈우병 대회 혁신적 혈우병 치료제의 글로벌 접근성과 다층적 지","40106","","0","","1","N","2026-06-16 15:31:00","2026-06-16 15:31:00","2026-06-16 15:31:00",""
"23620","두산, 엔비디아향 매출 증가에 목표주가 222만원으로 상향[줍줍리포트]","","두산 엔비디아향 매출 증가에 목표주가 222만원으로 상향 줍줍리포트","40108","","0","반도체,원전","1","N","2026-06-16 15:31:00","2026-06-16 15:31:00","2026-06-16 15:31:00",""
"23621","[모닝 리포트] ""두산, AI 수혜 본격화…전자BG 가치만 약 24조원 평가""","","모닝 리포트 두산 ai 수혜 본격화 전자bg 가치만 약 24조원 평가","40109","","0","반도체,원전","1","N","2026-06-16 15:31:00","2026-06-16 15:31:00","2026-06-16 15:31:00",""
"23622","[신간]속도가 기업의 운명을 가른다…<메뚜기는 멈추지 않는다>","","신간 속도가 기업의 운명을 가른다","40110","","0","반도체","1","N","2026-06-16 15:31:01","2026-06-16 15:31:01","2026-06-16 15:31:01",""
"23623","'HW' 짐 벗은 팹리스…미래 승부처는 'SW'","","hw 짐 벗은 팹리스 미래 승부처는 sw","40111","","0","","1","N","2026-06-16 15:31:01","2026-06-16 15:31:01","2026-06-16 15:31:01",""
"23624","[더벨]미래에셋벤처, 380억 첫 중국펀드 닻 올렸다","","더벨 미래에셋벤처 380억 첫 중국펀드 닻 올렸다","40112","","0","","1","N","2026-06-16 15:31:01","2026-06-16 15:31:01","2026-06-16 15:31:01",""
"23625","이유진, 또 최종 1위…이주승, 한수지와 1대 1 데스매치 (디렉터스 아레...","심사는 ‘파이브 스타즈’ 이병헌 감독, 차태현, 장근석, 장도연, 그리고 참가 감독들과 ‘숏드 마니아’... 기억이 잘 안 나서 뽑았다”고 살벌한 도발을 던졌다. TOP10 감독들의 ‘세미파이널’ 현장은 오는 19일 공개된다.","이유진 또 최종 1위 이주승 한수지와 1대 1 데스매치 디렉터스 아레","40113","","0","","1","N","2026-06-16 15:31:01","2026-06-16 15:31:01","2026-06-16 15:31:01",""
"23626","화농성 한선염 신약 출격…아이엠바이오로직스, 연내 임상 탑라인 터진...","국내 바이오텍 시장에서 대규모 글로벌 기술이전(L/O) 실적을 조기에 달성한 항체 신약 개발 전문 기업 아이엠바이오로직스가 주목받고 있다. 검증된 기술력을 바탕으로 후속 파이프라인의 임상 성과가 가시화되면서...","화농성 한선염 신약 출격 아이엠바이오로직스 연내 임상 탑라인 터진","40114","","0","바이오","1","N","2026-06-16 15:31:01","2026-06-16 15:31:01","2026-06-16 15:31:01",""
"23627","울산범죄피해자지원센터, 2026년 후원기업 범죄피해자 지원금 전달식","","울산범죄피해자지원센터 2026년 후원기업 범죄피해자 지원금 전달식","40115","","0","","1","N","2026-06-16 15:31:01","2026-06-16 15:31:01","2026-06-16 15:31:01",""
"23628","'올해 매출 2배↑' 큐리오시스, 내년 '매출 2,000억원' CAPA 확보","","올해 매출 2배 큐리오시스 내년 매출 2 000억원 capa 확보","40116","","0","바이오","1","N","2026-06-16 15:31:01","2026-06-16 15:31:01","2026-06-16 15:31:01",""
"23629","""큐리오시스, ODM 계약 체결·상업화 레퍼런스 확보·생산능력 확장""","","큐리오시스 odm 계약 체결 상업화 레퍼런스 확보 생산능력 확장","40117","","0","바이오","1","N","2026-06-16 15:31:01","2026-06-16 15:31:01","2026-06-16 15:31:01",""
"23630","키움증권 ""큐리오시스, 외생 변수로 1분기 부진했지만…2분기 회복 가능...","이투데이=심영주 기자 | 15일 키움증권은 큐리오시스에 대해 직판 체제 및 연구개발생산(ODM) 계약을 통해 매출액 가시성을 높이고 있는 데다, 기존 고객사인 Revvity와의 추가 계약, 글로벌 업체와의 별도 ODM 계약도...","키움증권 큐리오시스 외생 변수로 1분기 부진했지만 2분기 회복 가능","40118","","0","","1","N","2026-06-16 15:31:01","2026-06-16 15:31:01","2026-06-16 15:31:01",""
"23631","유비씨·EY한영, Physical AI 기반 휴머노이드 로봇 기술 공동개발","","유비씨 ey한영 physical ai 기반 휴머노이드 로봇 기술 공동개발","40119","","0","","6","N","2026-06-16 15:31:01","2026-06-16 15:31:02","2026-06-16 15:31:01","2026-06-16 15:31:02"
"23632","9대 시의회 원 구성 '시험대'..협치 주목","나서며 7일 개원식을 열고 4년간의 의정 활동에 돌입합니다. (클로징) 새로운 여야 구도 속에서 협치가 이뤄질지 또 원 구성 과정에서 갈등이 재연될지 관심이 모아지고 있습니다. 유비씨 뉴스 전병주입니다. -2026/06/14","9대 시의회 원 구성 시험대 협치 주목","40125","","0","","1","N","2026-06-16 15:31:02","2026-06-16 15:31:02","2026-06-16 15:31:02",""
"23633","[주간 증시 전망] 전쟁 리스크에 흔들린 증시…FOMC·반도체 실적 '분수...","NH투자증권은 다음 주 관심 업종으로 ▲반도체(SK하이닉스) ▲에너지저장장치(ESS·LG에너지솔루션) ▲백화점(현대백화점) ▲인바운드(GS피앤엘) ▲증권(미래에셋증권) 등을 제시했다. 나 연구원은 ""연준의 정책 기조를...","주간 증시 전망 전쟁 리스크에 흔들린 증시 fomc 반도체 실적 분수","40126","","0","반도체","1","N","2026-06-16 15:31:02","2026-06-16 15:31:02","2026-06-16 15:31:02",""
"23634","에스파, ""LEMONADE""로 글로벌 차트·컬래버 동시 석권","","에스파 lemonade 로 글로벌 차트 컬래버 동시 석권","40127","","0","엔터테인먼트","1","N","2026-06-16 15:31:02","2026-06-16 15:31:02","2026-06-16 15:31:02",""
"23635","[뉴스 앤 데이터] ‘공시 확대의 민낯’ 평균 준수율 47.8%…포스코홀딩...","","뉴스 앤 데이터 공시 확대의 민낯 평균 준수율 47 8 포스코홀딩","40128","","0","화장품,철강","1","N","2026-06-16 15:31:02","2026-06-16 15:31:02","2026-06-16 15:31:02",""
"23636","국가 브랜드는 날았는데 엔터주는 주춤…K컬처의 역설 [엔터코노미]","","국가 브랜드는 날았는데 엔터주는 주춤 k컬처의 역설 엔터코노미","40129","","0","엔터테인먼트","1","N","2026-06-16 15:31:02","2026-06-16 15:31:02","2026-06-16 15:31:02",""
"23637","레드벨벳, 드디어 완전체 복귀…8월 컴백 확정→'팬콘' 예고까지 만반의...","","레드벨벳 드디어 완전체 복귀 8월 컴백 확정 팬콘 예고까지 만반의","40130","","0","엔터테인먼트","6","N","2026-06-16 15:31:02","2026-06-16 15:31:03","2026-06-16 15:31:02","2026-06-16 15:31:03"
"23638","10돌 맞은 NCT드림, 8월 팬미팅 연다","","10돌 맞은 nct드림 8월 팬미팅 연다","40131","","0","엔터테인먼트","3","N","2026-06-16 15:31:02","2026-06-16 15:31:02","2026-06-16 15:31:02","2026-06-16 15:31:02"
"23639","SK증권, 증권업계 첫 AI 개발플랫폼 도입…디지털 전환 속도낸다","15일 SK증권은 지난 12일 금융 IT 전문기업인 에스엠소프트랩과 ‘AI 기반 차세대 금융플랫폼 구축’을 위한... 추진하고 고객에게 보다 빠르고 편리한 금융 서비스를 제공하겠다""고 말했다. 공인호 글로벌이코노믹 기자","sk증권 증권업계 첫 ai 개발플랫폼 도입 디지털 전환 속도낸다","40133","","0","금융,IT,바이오","2","N","2026-06-16 15:31:02","2026-06-16 15:33:19","2026-06-16 15:31:02","2026-06-16 15:33:19"
"23640","생산적금융 강화 나선 신한투자증권... DB그룹과 공동 투자조합 출범","◆한국투자금융그룹, 캐년 ABF 파트너스 지분 투자 한국투자금융그룹은 글로벌 자산담보부금융(ABF) 전문... SK증권은 지난 12일 에스엠소프트랩과 'AI 기반 차세대 금융플랫폼 구축'을 위한 업무협약(MOU)을 체결했다고...","여의도단신 한국투자금융그룹 신한투자증권 sk증권","41062","","0","금융,반도체","11","N","2026-06-16 15:31:02","2026-06-16 15:41:11","2026-06-16 15:31:02","2026-06-16 15:41:11"
"23641","[SWOT 증권분석] '영업익 52배 성장' SK증권, STO로 영토 확장…리스크도...","","swot 증권분석 영업익 52배 성장 sk증권 sto로 영토 확장 리스크도","40135","","0","금융","1","N","2026-06-16 15:31:02","2026-06-16 15:31:02","2026-06-16 15:31:02",""
"23642","증권업계, AI·글로벌 투자·상생 고용으로 체질 바꾼다","","증권업계 ai 글로벌 투자 상생 고용으로 체질 바꾼다","40143","","0","금융","1","N","2026-06-16 15:31:03","2026-06-16 15:31:03","2026-06-16 15:31:03",""
"23643","거대한 소비자 된 K팝 팬덤, 더이상 '호구' 아니다 [엔터그알]","","거대한 소비자 된 k팝 팬덤 더이상 호구 아니다 엔터그알","40144","","0","엔터테인먼트","1","N","2026-06-16 15:31:03","2026-06-16 15:31:03","2026-06-16 15:31:03",""
"23644","라이즈 ""멋있다는 말로도 부족…'무대 맛집' 기세 보여줄 것""","","라이즈 멋있다는 말로도 부족 무대 맛집 기세 보여줄 것","40145","","0","엔터테인먼트","1","N","2026-06-16 15:31:03","2026-06-16 15:31:03","2026-06-16 15:31:03",""
"23645","글로벌에스엠, 호실적 등에 업고 베트남 법인 생산설비 증설 추진","","글로벌에스엠 호실적 등에 업고 베트남 법인 생산설비 증설 추진","40146","","0","금융","1","N","2026-06-16 15:31:03","2026-06-16 15:31:03","2026-06-16 15:31:03",""
"23646","라이즈, '두 유어 댄스' 뮤비 기대↑...트레저, 'IF' 뮤비 1억 조회수","K-팝 남성그룹 라이즈와 트레저가 뮤직비디오로 뜨거운 글로벌 인기를 확인했다. 사진=에스엠엔터테인먼트 라이즈가 컴백 하루 전 신곡 'Do your dance'(두 유어 댄스) 뮤직비디오 티저를 선보이며 기대감을 최고조로...","라이즈 두 유어 댄스 뮤비 기대 트레저 if 뮤비 1억 조회수","40147","","0","엔터테인먼트","1","N","2026-06-16 15:31:03","2026-06-16 15:31:03","2026-06-16 15:31:03",""
"23647","딥커머스, U.S. POLO ASSN. 더우인 라이브커머스 TOP15","","딥커머스 u s polo assn 더우인 라이브커머스 top15","40148","","0","코스닥","3","N","2026-06-16 15:31:03","2026-06-16 15:31:03","2026-06-16 15:31:03","2026-06-16 15:31:03"
"23648","스타트업 투자 3개월 연속 '월 1조' 돌파…'호황 속 딜 가뭄' 이유","","스타트업 투자 3개월 연속 월 1조 돌파 호황 속 딜 가뭄 이유","40152","","0","바이오","1","N","2026-06-16 15:31:03","2026-06-16 15:31:03","2026-06-16 15:31:03",""
"23649","딥커머스, 주식병합 따라 매매정지 해제→거래 재개","","딥커머스 주식병합 따라 매매정지 해제 거래 재개","40153","","0","","1","N","2026-06-16 15:31:03","2026-06-16 15:31:03","2026-06-16 15:31:03",""
"23650","K-뷰티에 이어 K-이너웨어?…'편한 속옷'으로 세계 시장 두드린다","","k 뷰티에 이어 k 이너웨어 편한 속옷 으로 세계 시장 두드린다","40154","","0","화장품","1","N","2026-06-16 15:31:03","2026-06-16 15:31:03","2026-06-16 15:31:03",""
"23651","‘메종블랑’, 프랑스 5성급 럭셔리 호텔 7곳 입점…“글로벌 랜드마크...","","메종블랑 프랑스 5성급 럭셔리 호텔 7곳 입점 글로벌 랜드마크","40155","","0","","1","N","2026-06-16 15:31:03","2026-06-16 15:31:03","2026-06-16 15:31:03",""
"23652","클릭의 종말? 검색창이 ‘명령창’ 됐다 [AI 딥다이브]","클릭해 들어간 페이지에는 광고가 붙었고, 커머스는 이를 구매로 이어갔다. 하지만 AI 에이전트는 이... 클릭으로 돈 벌던 산업 흔들린다 트래픽 유입 ↓…커머스 판도 변화 제로클릭 흐름이 강해지면 국내 플랫폼 산업...","클릭의 종말 검색창이 명령창 됐다 ai 딥다이브","40156","","0","","1","N","2026-06-16 15:31:03","2026-06-16 15:31:03","2026-06-16 15:31:03",""
"23653","미국 정부, 압류 FTX·알라메다 자산 34만9000달러 이전","","미국 정부 압류 ftx 알라메다 자산 34만9000달러 이전","40157","","0","달러","1","N","2026-06-16 15:31:04","2026-06-16 15:31:04","2026-06-16 15:31:04",""
"23654","'연 1억 7000만 교통망'…인천교통공사, 신입사원 91명 뽑는다","연평균 1억 7000만명의 시민이 이용하는 도시철도와 시내버스, 간선급행버스체계(BRT)·유도고속차량(GRT)... 인천교통공사는 인천 도시철도 1·2·7호선과 준공영제 시내버스, 청라~가양 BRT, 청라 GRT, 장애인 콜택시...","연 1억 7000만 교통망 인천교통공사 신입사원 91명 뽑는다","40158","","0","","1","N","2026-06-16 15:31:04","2026-06-16 15:31:04","2026-06-16 15:31:04",""
"23655","[더벨][이슈 & 보드] 코스메카, 고성장 국면 속 거버넌스 개선 박차","지난해 5월 청주 생산기지를 가동한 데 이어 최근 미국 화장품 ODM 업체 잉글우드랩 지분을 39%에서 67%로... 증권가에서는 코스메카코리아가 국내 인디 브랜드 성장과 미국 자회사 잉글우드랩 실적 개선을 바탕으로 화장품...","더벨 이슈 보드 코스메카 고성장 국면 속 거버넌스 개선 박차","40161","","0","화장품","2","N","2026-06-16 15:31:04","2026-06-16 15:43:52","2026-06-16 15:31:04",""
"23656","센엔지니어링 ‘PSRC’ 싱가포르 건축설계기준에 등재","싱가포르에서도 현대차그룹 글로벌 혁신센터(HMGICS), JTC(주롱도시공사) 물류허브에 적용됐다. 이 가운데 JTC 물류허브는 2024년 BCA 올해의 프로젝트(산업부문)로 선정되기도 했다. PSRC기둥 공법은 국내에서...","센엔지니어링 psrc 싱가포르 건축설계기준에 등재","40179","","0","","1","N","2026-06-16 15:31:04","2026-06-16 15:31:04","2026-06-16 15:31:04",""
"23657","[업앤다운]게임주 하락…웹젠↑·한빛소프트↓","","업앤다운 게임주 하락 웹젠 한빛소프트","40180","","0","게임,엔터테인먼트","1","N","2026-06-16 15:31:05","2026-06-16 15:31:05","2026-06-16 15:31:05",""
"23658","[게임 이모저모] 스마일게이트, LA '애니메 엑스포'에 카제나 · 미래시...","","게임 이모저모 스마일게이트 la 애니메 엑스포 에 카제나 미래시","40181","","0","게임,엔터테인먼트","1","N","2026-06-16 15:31:05","2026-06-16 15:31:05","2026-06-16 15:31:05",""
"23659","'미우새' 강예원, 성형수술만 7번…""몰래 성형 좀 그만해"" 폭로에 발끈","","미우새 강예원 성형수술만 7번 몰래 성형 좀 그만해 폭로에 발끈","40182","","0","엔터테인먼트","1","N","2026-06-16 15:31:05","2026-06-16 15:31:05","2026-06-16 15:31:05",""
"23660","[더벨]프레스티지로직스, 수주잔고 두배…실적 인식 13기 예고","프레스티지바이오로직스 관계자는 ""아시아계 빅파마 계약은 업계에서 일반적으로 활용되는 분할 지급 조건을 반영한 계약이고 국내 제약사 계약은 계약금 및 선급금이 포함돼 있으나 세부 내용을 공개하기는 어렵다...","더벨 프레스티지로직스 수주잔고 두배 실적 인식 13기 예고","40191","","0","바이오","1","N","2026-06-16 15:31:05","2026-06-16 15:31:05","2026-06-16 15:31:05",""
"23661","스페이스X가 쏘아 올린 우주 시대...K제약바이오, 차세대 신약 길 찾는다","네오이뮨텍은 자사의 T 세포 증폭제 후보물질 'NT-I7'을 ARS 치료제로 개발하고 있다. 미국 식품의약국(FDA)의 '애니멀 룰'을 적용해 영장류 기반 실험을 준비 중이다. 이는 사람 대상 임상시험이 불가능한 특성상...","스페이스x가 쏘아 올린 우주 시대 k제약바이오 차세대 신약 길 찾는다","40193","","0","바이오,음식료","1","N","2026-06-16 15:31:05","2026-06-16 15:31:05","2026-06-16 15:31:05",""
"23662","일본은행 금리 인상... '엔캐리' 자금 청산 시작인가","국내 증시 역시 영향권에 있다. 최근 코스피가 외국인 자금 유입과 반도체 업종 강세에 힘입어 상승세를 이어가고 있는 만큼 일부 외국인 자금이 금리인상에 따라 일본 시장으로 되돌아갈 가능성이 있다. 다만 대규모...","일본은행 금리 인상 엔캐리 자금 청산 시작인가","40198","","0","반도체,코스피,금리","8","N","2026-06-16 15:33:00","2026-06-16 15:41:14","2026-06-16 15:33:00",""
"23663","하반기 연기금·공제회 'CIO 인사' 큰 장…투자 기조 바뀌나","최근 기관들이 국내외 증시 강세 흐름 속에 주식 투자를 확대하고 있는 가운데 신임 CIO 선임 후 운용 목표에 맞는 조직 개편과 인력 보강도 탄력을 받을 전망이다. 특히 국민연금의 경우 현 정부 들어 선발하는 첫...","하반기 연기금 공제회 cio 인사 큰 장 투자 기조 바뀌나","40199","","0","","2","N","2026-06-16 15:33:00","2026-06-16 15:33:00","2026-06-16 15:33:00",""
"23664","[이슈딜] ""연말까지 코스피 9500 간다…하반기 주도주는 IT 장비 업종""","◦진행: 권다영 앵커 ◦출연: 강관우 / 전 모건스탠리 이사 ◦제작: 최연욱 PD ◦날짜: 2026년 6월16일(화) 미국과 이란의 종전 합의로 국내 증시가 탄력을 받고 있다. 특히 외국인 수급이 재유입되는 가운데 반도체 및 IT...","이슈딜 연말까지 코스피 9500 간다 하반기 주도주는 it 장비 업종","40200","","0","반도체,코스피,IT","13","N","2026-06-16 15:33:00","2026-06-16 15:33:19","2026-06-16 15:33:00",""
"23665","""19일 호르무즈 완전 개방""‥'뇌관'은 아직","다만 종전 합의 소식에 국제유가는 5% 가까이 급락해 3개월 만에 최저치를 기록했고, 뉴욕 증시 3대 지수는 일제히 상승했습니다. 로스앤젤레스에서 MBC뉴스 신재웅입니다.","19일 호르무즈 완전 개방 뇌관 은 아직","40202","","0","유가","2","N","2026-06-16 15:33:00","2026-06-16 15:33:04","2026-06-16 15:33:00",""
"23666","일본 1% 금리시대는 어떤 영향을 주나","그러나 이번 인상은 엔캐리 트레이드 청산 가능성을 다시 키웠다는 점에서 국내 증시와 세계 금융시장에... 한국 증시도 외국인 수급이 흔들릴 수 있다. 국내 증시에는 양면 효과가 있다. 엔화 강세는 일본 수출기업의...","일본 1 금리시대는 어떤 영향을 주나","40203","","0","금융,금리","16","N","2026-06-16 15:33:00","2026-06-16 15:43:46","2026-06-16 15:33:00",""
"23667","[뉴스퀘어 2PM] 해협 열리면 기름 언제 흐를까...이란 재건에 한국기업...","이란 전쟁 종전 합의에 국제유가가 급락하고 국내 증시도 급등했지만, 호르무즈 해협엔 우리 선박들이 여전히 묶여 있습니다. 이란 재건사업에 우리 기업들이 참여하는 방안도 거론되고 있는데요. 관련해서 김대호...","뉴스퀘어 2pm 해협 열리면 기름 언제 흐를까 이란 재건에 한국기업","40206","","0","유가","2","N","2026-06-16 15:33:00","2026-06-16 15:33:04","2026-06-16 15:33:00",""
"23668","[코스피] 180.62p(2.11%) 오른 8,726.60(장종료)","","코스피 180 62p 2 11 오른 8 726 60 장종료","40210","","0","코스피","2","N","2026-06-16 15:33:00","2026-06-16 15:33:00","2026-06-16 15:33:00","2026-06-16 15:33:00"
"23669","에이치엘지노믹스, 증권신고서 제출…KB·IBK證 주관","","에이치엘지노믹스 증권신고서 제출 kb ibk 주관","40219","","0","코스닥","4","N","2026-06-16 15:33:01","2026-06-16 15:33:11","2026-06-16 15:33:01",""
"23670","[특징주] 레인보우로보틱스, 장중 7%대 급락 중","","특징주 레인보우로보틱스 장중 7 대 급락 중","40221","","0","코스닥","2","N","2026-06-16 15:33:01","2026-06-16 15:33:08","2026-06-16 15:33:01",""
"23671","'다음·타임리' 품은 업스테이지, '토큰 경제'로 적자 탈피 시동","구체적인 상장 시기와 코스닥, 나스닥 등 진입 예정 시장에 대해서는 추후 결정할 예정이다. 김성훈 대표는 ""창업 때부터 회사가 잘 될 것으로 생각했고 항상 IPO를 준비하고 있었다""며 ""하지만 구체적인 방향에 대해선...","다음 타임리 품은 업스테이지 토큰 경제 로 적자 탈피 시동","40226","","0","코스닥","5","N","2026-06-16 15:33:01","2026-06-16 15:33:04","2026-06-16 15:33:01",""
"23672","""가이던스 상향이 증명한 '체력 개선'…코스메카코리아, 1000억 영업이익...","","가이던스 상향이 증명한 체력 개선 코스메카코리아 1000억 영업이익","40227","","0","","4","N","2026-06-16 15:33:01","2026-06-16 15:43:32","2026-06-16 15:33:01",""
"23673","[Invest]SK하이닉스 40조 ADR, 이르면 7월중 상장…실적발표 앞두고 관심...","SK하이닉스 주가가 재평가될 것이란 관측이 우세하다. 그러나 그만큼 변동성도 동시에 커질 것이란 지적도 늘고 있다. 해외 투자자 비중이 높아질수록 거래량과 수급 규모가 커지고, 실적과 업황 전망 변화가 주가에...","invest sk하이닉스 40조 adr 이르면 7월중 상장 실적발표 앞두고 관심","40230","","0","","7","N","2026-06-16 15:33:01","2026-06-16 15:33:19","2026-06-16 15:33:01",""
"23674","SJG세종, '밸류업 역행' 자사주 소각 회피","SJG세종의 시가총액은 2017억원이며 주가순자산비율(PBR)이 0.38배에 불과하다. 이번에 자기주식을 소각하지 않기로 한 만큼 시장에 다시 풀리게 되면 유통 주식 수가 증가해 기존 주주들의 주당 가치가 희석된다....","sjg세종 밸류업 역행 자사주 소각 회피","40231","","0","","2","N","2026-06-16 15:33:01","2026-06-16 15:33:16","2026-06-16 15:33:01",""
"23675","소외됐던 은행주, 하반기엔 경기개선·금리인상 덕 볼까","상반기 반도체·인공지능(AI) 섹터에 밀려 소외됐던 은행주가 하반기 금리 인상과 경기 개선을 발판으로... 본격적인 주가 반등이 가능하다""고 진단했다. 그는 ""상반기 성과가 좋았던 증권주 차익 실현과 함께 부진했던...","소외됐던 은행주 하반기엔 경기개선 금리인상 덕 볼까","40232","","0","반도체,금리","4","N","2026-06-16 15:33:01","2026-06-16 15:33:09","2026-06-16 15:33:01",""
"23676","한국항공우주 주가, 6월 16일 장중 155,100원 5.08% 상승","한국항공우주 주가는 현재 155,100원에 거래되고 있으며, 지난 종가 대비 5.08% 상승을 기록하고 있다. 시가는 150,600원으로 출발하여 고가 160,900원, 저가 150,600원 사이에서 주가 흐름을 보였다....","한국항공우주 주가 6월 16일 장중 155 100원 5 08 상승","40233","","0","항공","2","N","2026-06-16 15:33:01","2026-06-16 15:33:12","2026-06-16 15:33:01",""
"23677","아이온큐 주가, 61.18달러 5.76% 상승 마감","기업의 주가순자산비율(PBR)은 27.78배를 기록했으며, 주당순이익(EPS)은 -0.32달러를 나타냈다. 로켓 랩의 현재 주가는 52주 최고가인 151.00달러에는 미치지 못하지만, 52주 최저가인 25.24달러와 비교하면 상당한...","아이온큐 주가 61 18달러 5 76 상승 마감","40235","","0","달러","3","N","2026-06-16 15:33:01","2026-06-16 15:33:12","2026-06-16 15:33:01","2026-06-16 15:33:01"
"23678","[밸류업 2라운드]⑤ 3대 지방금융, '50%' 수치 쫓는 배경","지방금융지주가 시중은행 지주의 '총주주환원율 50%' 경쟁을 뒤따라 기업가치 제고(밸류업 2라운드에... 구간""이라며 ""낮은 주가순자산비율(PBR) 때문에 자사주 소각 효과가 클 수 있지만, 지방지주는 자본비율과...","밸류업 2라운드 3대 지방금융 50 수치 쫓는 배경","40236","","0","금융","2","N","2026-06-16 15:33:01","2026-06-16 15:33:04","2026-06-16 15:33:01",""
"23679","현대건설, '0% 금리' 5000억 전환사채 발행…투자자 몰린 까닭은","전환가액은 기준주가 대비 15% 할증한 15만607원으로 정했다. 이번 CB는 NH투자증권이 2000억원... 발행 시점에는 부채로 잡히지만, 주가가 전환가격을 웃돌면 투자자가 주식으로 바꿔 차익을 얻을 수 있다. 반대로...","현대건설 0 금리 5000억 전환사채 발행 투자자 몰린 까닭은","40240","","0","금리,건설","5","N","2026-06-16 15:33:01","2026-06-16 15:41:06","2026-06-16 15:33:01",""
"23680","한 권으로 끝내는 ELS 투자의 정석·세계를 품다 2026·심리학자의 설득...","실전에 바로 적용하는 ELS 투자 기준 ""ETF 다음은 ELS다."" 홍콩H지수 손실 사태 이후 '위험한 금융상품'이라는 낙인이 찍힌 ELS(주가연계증권)를 다시 들여다보는 책 이 출간됐습니다. 이...","한 권으로 끝내는 els 투자의 정석 세계를 품다 2026 심리학자의 설득","40241","","0","금융","2","N","2026-06-16 15:33:01","2026-06-16 15:33:04","2026-06-16 15:33:01",""
"23681","[단독]퇴직연금 ETF실시간 매매 열리나…고용부, 전 금융권 허용 검토","","단독 퇴직연금 etf실시간 매매 열리나 고용부 전 금융권 허용 검토","40242","","0","금융","2","N","2026-06-16 15:33:01","2026-06-16 15:33:10","2026-06-16 15:33:01",""
"23682","동서발전, GS E&R·태백가덕산풍력과 '제3회 풍력발전량 예측 AI 경진대...","","동서발전 gs e r 태백가덕산풍력과 제3회 풍력발전량 예측 ai 경진대","40243","","0","","3","N","2026-06-16 15:33:01","2026-06-16 15:33:09","2026-06-16 15:33:01",""
"23683","“하루 새 14% 급등한 암호화폐(코인) 리플, 이번 흐름은 과거 반등 시도...","","하루 새 14 급등한 암호화폐 코인 리플 이번 흐름은 과거 반등 시도","40244","","0","달러","2","N","2026-06-16 15:33:01","2026-06-16 15:33:05","2026-06-16 15:33:01",""
"23684","중복상장 규제 늦어지자 '우회 합병'... 일반주주 사각지대 발생","","중복상장 규제 늦어지자 우회 합병 일반주주 사각지대 발생","40245","","0","","4","N","2026-06-16 15:33:01","2026-06-16 15:41:08","2026-06-16 15:33:01",""
"23685","금융당국, '알고투자' 4대 전략 발표…학생부터 고령층까지 맞춤 금융교...","","금융당국 알고투자 4대 전략 발표 학생부터 고령층까지 맞춤 금융교","40247","","0","금융","1","N","2026-06-16 15:33:01","2026-06-16 15:33:01","2026-06-16 15:33:01",""
"23686","문페이, 월가·백악관·실리콘밸리 출신 대거 영입","","문페이 월가 백악관 실리콘밸리 출신 대거 영입","40248","","0","","5","N","2026-06-16 15:33:01","2026-06-16 15:33:11","2026-06-16 15:33:01",""
"23687","이더리움 현물 ETF에 기관 자금 몰렸다…2250만 달러 순유입 전환","4거래일 연속 순유출을 기록했던 이더리움(ETH) 현물 상장지수펀드(ETF)가 순유입으로 전환했다. 16일 파사이드인베스터스에 따르면 15일(현지시간) 전 세계 이더리움 현물 ETF에는 총 2250만 달러의 자금이 순유입됐다....","이더리움 현물 etf에 기관 자금 몰렸다 2250만 달러 순유입 전환","40250","","0","달러","1","N","2026-06-16 15:33:01","2026-06-16 15:33:01","2026-06-16 15:33:01",""
"23688","동서발전, 풍력발전량 예측에 AI 접목 노력…경진대회 개최","또한, 수상자에게는 동서발전 사장 명의 상장과 함께 향후 인턴 채용 시 가점 부여 등 실질적인 취업 우대 혜택도 제공된다. 대상 수상팀에게는 풍력에너지학회 학술대회 발표 기회도 주어진다. 대회 참가 신청은...","동서발전 풍력발전량 예측에 ai 접목 노력 경진대회 개최","40251","","0","","1","N","2026-06-16 15:33:01","2026-06-16 15:33:01","2026-06-16 15:33:01",""
"23689","'상장빔' 터졌다…스페이스코인, 빗썸서 1시간 만에 40% 급등[특징코인...","가상자산 스페이스코인(SPACE)이 빗썸 신규 상장 약 1시간 만에 40% 폭등했다. 16일 오후 2시 52분 기준 빗썸에서 스페이스코인은 상장 약 1시간 만에 기준가 대비 40.04% 오른 14.06원에 거래되고 있다. 이날 빗썸 가격 상승률...","상장빔 터졌다 스페이스코인 빗썸서 1시간 만에 40 급등 특징코인","40252","","0","","1","N","2026-06-16 15:33:01","2026-06-16 15:33:01","2026-06-16 15:33:01",""
"23690","한정애, ‘물-에너지-AI 융합 기반’ 마련 위한 법안 발의","현행 '환경기술 및 환경산업 지원법'은 녹색기업, 자산 총액 2조원 이상의 주권상장법인 및 대통령령으로 정하는 환경영향이 큰 기업 등에 대해 환경 정보의 작성·공개를 의무화하고 있다. 하지만, 국내 데이터센터의...","한정애 물 에너지 ai 융합 기반 마련 위한 법안 발의","40253","","0","","2","N","2026-06-16 15:33:01","2026-06-16 15:33:09","2026-06-16 15:33:01",""
"23691","Upstage launches AI agent strategy with new ecosystem push","","upstage launches ai agent strategy with new ecosystem push","40258","","0","","2","N","2026-06-16 15:33:01","2026-06-16 15:33:11","2026-06-16 15:33:01",""
"23692","[POP!대학가] 고려대 연구팀, 세계 최고 효율 '무기 납-주석 페로브스카...","","pop 대학가 고려대 연구팀 세계 최고 효율 무기 납 주석 페로브스카","40259","","0","","5","N","2026-06-16 15:33:02","2026-06-16 15:43:54","2026-06-16 15:33:02",""
"23693","풍력협회, 해상풍력 공급망 컨퍼런스 개막…국내 풍력산업계 '한자리'","","풍력협회 해상풍력 공급망 컨퍼런스 개막 국내 풍력산업계 한자리","40260","","0","","2","N","2026-06-16 15:33:02","2026-06-16 15:33:05","2026-06-16 15:33:02",""
"23694","통신 네트워크에도 AI, 주파수 효율·데이터 처리량 높여","","통신 네트워크에도 ai 주파수 효율 데이터 처리량 높여","40261","","0","통신","7","N","2026-06-16 15:33:02","2026-06-16 15:43:34","2026-06-16 15:33:02",""
"23695","거창한 대형 사업에 가려진 그늘… 포항 지역 건설업체 ‘심폐소생술’...","","거창한 대형 사업에 가려진 그늘 포항 지역 건설업체 심폐소생술","40263","","0","건설","7","N","2026-06-16 15:33:02","2026-06-16 15:33:11","2026-06-16 15:33:02",""
"23696","[NNA] 인도-네팔, 순례지 연결하는 열차 운행 협의","","nna 인도 네팔 순례지 연결하는 열차 운행 협의","40264","","0","","1","N","2026-06-16 15:33:02","2026-06-16 15:33:02","2026-06-16 15:33:02",""
"23697","영양군 연당1리, 농식품부 장관 찾은 빈집재생 우수마을","","영양군 연당1리 농식품부 장관 찾은 빈집재생 우수마을","40265","","0","음식료","2","N","2026-06-16 15:33:02","2026-06-16 15:33:05","2026-06-16 15:33:02",""
"23698","영양군, 농어민수당 23억9천만원 지급…17일부터 3989농가 대상","총 3989농가를 대상으로 23억9340만원을 지원하며 지역경제 활성화를 위해 영양사랑상품권으로 지급한다. 영양군은 17일부터 2026년 농어민수당을 지급한다. 지원 대상은 모두 3989농가다. 지급액은 농업경영주 1인당...","영양군 농어민수당 23억9천만원 지급 17일부터 3989농가 대상","40267","","0","사료","2","N","2026-06-16 15:33:02","2026-06-16 15:33:05","2026-06-16 15:33:02",""
"23699","통합 LCC 앞둔 아시아나, 에어부산 지원 재무부담 커진다","이에 따라 진에어, 에어부산, 에어서울 등 한진그룹 내 LCC들도 내년 3월을 목표로 통합 작업을 진행 중이다. 아시아나항공은 ""현재 에어부산의 가치는 저평가된 상태가 지속되고 있고, 2027년 1분기 LCC 통합 후 구매...","에어부산 자본확충 카드 꺼냈다 통합 lcc 밑그림 본격화","41849","","0","항공","10","N","2026-06-16 15:33:02","2026-06-16 15:43:31","2026-06-16 15:33:02","2026-06-16 15:43:31"
"23700","[에듀플러스]경희대 AI디자인마케팅2.0 사업 업무협약 체결","이번 협약에는 경희대 RISE사업단을 비롯해 경기도경제과학진흥원 균형발전본부,용인특례시 민생경제과 상권활성화센터, 소상공인시장진흥공단 경기남부지역본부, 명지대 자연캠퍼스 경기RISE사업운영팀, 한양대...","에듀플러스 경희대 ai디자인마케팅2 0 사업 업무협약 체결","40270","","0","","3","N","2026-06-16 15:33:02","2026-06-16 15:33:07","2026-06-16 15:33:02",""
"23701","박수홍+김다해, 나쁠 때 과거보다 낫다는 긍정 마인드로 치유","긴 공방 끝에 대법원은 특정경제범죄 가중처벌 등에 관한 법률 위반 혐의로 형 박 씨에게 징역 3년 6개월을, 형수 이 씨에게 징역 1년에 집행유예 2년을 선고한 원심을 최종 확정했다.","박수홍 김다해 나쁠 때 과거보다 낫다는 긍정 마인드로 치유","40272","","0","","1","N","2026-06-16 15:33:02","2026-06-16 15:33:02","2026-06-16 15:33:02",""
"23702","케이퓨얼셀, ‘차세대 잠수함용 연료전지’ 개발 주관기관 선정","113억원 규모 국책과제 주관 29년까지 20㎾급 연료전지 시스템 개발 [헤럴드경제=권제인 기자] 코렌스그룹... 이를 통해 기존 AIP 잠수함 체계의 선택 폭을 넓히고, 운용 목적에 따라 안전성과 효율성, 경제성을 높인 차세대...","케이퓨얼셀 차세대 잠수함용 연료전지 개발 주관기관 선정","40273","","0","","3","N","2026-06-16 15:33:02","2026-06-16 15:33:09","2026-06-16 15:33:02",""
"23703","""농협중앙회 쪼갠다""…인적분할 포함 2차 개혁안 7~8월 발표","경제사업 활성화를 핵심으로 하는 2차 농협 개혁안 마련에 속도를 내고 있다. 오는 7~8월 발표를 목표로 3개 분과를 중심으로 논의가 진행 중이다. [사진=농협중앙회]  농협개혁추진단이 중앙회 지배구조 개편과 경제사업...","농협중앙회 쪼갠다 인적분할 포함 2차 개혁안 7 8월 발표","40274","","0","","2","N","2026-06-16 15:33:02","2026-06-16 15:33:05","2026-06-16 15:33:02",""
"23704","""도움받던 청년에서 지역 변화 주체로""...케냐 청년 기사들이 만든 자립...","경제적 자립 기반도 확대됐다. 우아신기슈와 카카메가 지역 참여자들의 공동 저축액은 약 470만 케냐실링... 여성의 경제활동 참여 확대를 위한 성과도 나타났다. '핑크 페달스(Pink Pedals)' 프로그램을 통해 29명의...","도움받던 청년에서 지역 변화 주체로 케냐 청년 기사들이 만든 자립","40275","","0","","2","N","2026-06-16 15:33:02","2026-06-16 15:41:08","2026-06-16 15:33:02",""
"23705","7월부터 충북도의회 상임위 소관사무 개편","현행 정책복지위원회, 행정문화위원회, 산업경제위원회, 건설환경소방위원회를 기능 중심으로 재편해 △행정안전위원회 △복지문화위원회 △과학경제위원회 △건설농림위원회로 변경한다. 교육위원회는 현행 체계를...","7월부터 충북도의회 상임위 소관사무 개편","40277","","0","건설","4","N","2026-06-16 15:33:02","2026-06-16 15:33:11","2026-06-16 15:33:02",""
"23706","EU ""중국, 우크라 파병 러시아군 훈련시켜""… 대중 제재 본격화","등 경제적 압박 수위를 더욱 높여야 한다는 목소리가 커지고 있다. 칼라스 대표는 ""왜곡된 보조금, 심화하는... 우크라이나 재건 과정에서 중국의 영향력을 배제하기 위한 경제 안보 강화 방안이 집중 논의될 것으로 보인다.","eu 중국 우크라 파병 러시아군 훈련시켜 대중 제재 본격화","40278","","0","","8","N","2026-06-16 15:33:02","2026-06-16 15:33:12","2026-06-16 15:33:02",""
"23707","한동훈 ""내가 보수의 전략자산·무기라던데, 왜 안 쓰고 아껴두나""","'상임위원회 중 어디에서 활동하고 싶은가'라는 질문에는 ""재정경제기획위나 산업통상자원중소벤처기업위, 정무위 같은 곳에서 국가의 큰 틀, 부산 북구를 위해 해야 할 일을 조금 더 적극적으로 할 수 있으면 좋겠다""고...","한동훈 내가 보수의 전략자산 무기라던데 왜 안 쓰고 아껴두나","40280","","0","","1","N","2026-06-16 15:33:02","2026-06-16 15:33:02","2026-06-16 15:33:02",""
"23708","다시 돌아온 임협 시즌…노사 줄다리기 시작","▶ 인터뷰(☎) : 신세돈 / 숙명여대 경제학과 명예교수 - ""노조가 자기 회사의 상황과 실적을 보고 거기에... 대한 보상을 강조하고 있는 만큼 올해 임금 협상은 예년보다 더 치열해질 전망입니다. 매일경제TV 김우연입니다. [ / ]","다시 돌아온 임협 시즌 노사 줄다리기 시작","40281","","0","","4","N","2026-06-16 15:33:02","2026-06-16 15:33:19","2026-06-16 15:33:02",""
"23709","의정부시, 안전도시·도시재생 추진으로 시민 체감형 정책 강화","의정부시는 앞으로도 시민 안전 확보와 지역경제 활성화를 위한 다양한 사업을 연계 추진하며 시민들이 체감할 수 있는 도시환경 조성에 힘쓸 방침이다. 이코노미퀸 / 사진 의정부시","의정부시 안전도시 도시재생 추진으로 시민 체감형 정책 강화","40282","","0","","2","N","2026-06-16 15:33:02","2026-06-16 15:33:06","2026-06-16 15:33:02",""
"23710","대구치맥 100년 글로벌 브랜드 시동 축제 넘어 경제로","단순히 먹고 즐기는 축제를 넘어, 산업과 지역 경제를 연계한 비즈니스 모델도 강화합니다. 편의점 브랜드... 관광, 문화를 하나로 묶어 전 세계인이 대구로 찾아오게 만드는 글로벌 치맥 경제를 완성하겠다""고 말했습니다.","대구치맥 100년 글로벌 브랜드 시동 축제 넘어 경제로","40283","","0","","1","N","2026-06-16 15:33:02","2026-06-16 15:33:02","2026-06-16 15:33:02",""
"23711","[이슈] ""주담대 변동금리 또 오른다""...긴장한 은행권, 대출 관리 강화","","이슈 주담대 변동금리 또 오른다 긴장한 은행권 대출 관리 강화","40286","","0","금리","4","N","2026-06-16 15:33:02","2026-06-16 15:33:10","2026-06-16 15:33:02",""
"23712","형식 아닌 실행 통했다···한국주택금융공사, ESG 평가 AA등급 획득","","형식 아닌 실행 통했다 한국주택금융공사 esg 평가 aa등급 획득","40288","","0","금리","4","N","2026-06-16 15:33:02","2026-06-16 15:33:11","2026-06-16 15:33:02",""
"23713","'디지털·글로벌 전문 KB맨' 이동철, 여신협 신임 회장 취임···선결 과...","","디지털 글로벌 전문 kb맨 이동철 여신협 신임 회장 취임 선결 과","40289","","0","금리","6","N","2026-06-16 15:33:02","2026-06-16 15:33:11","2026-06-16 15:33:02",""
"23714","日금리 올려도 엔저 지속…""매파 신호 없인 엔화 팔자세 압력""","게다가 16일 일본은행은 금리를 예상대로 1.0%로 0.25%포인트(p) 인상해 일본 기준금리는 31년 만에 최고로 올랐다. 하지만 달러 약세폭보다 엔화 약세폭이 더 컸다. 달러당 엔화 환율(엔화 가치와 반대)은 15일 한때 159....","금리 올려도 엔저 지속 매파 신호 없인 엔화 팔자세 압력","40291","","0","금리","4","N","2026-06-16 15:33:02","2026-06-16 15:33:05","2026-06-16 15:33:02",""
"23715","[기획] 환율 1500원 일상화…중소건설사 경영 부담 증가","PF 금리가 높은 상황에서 분양이 지연되면 이자 부담이 눈덩이처럼 불어나는 것도 문제다. 미분양이 늘면 추가 분양가 인상 여지도 줄어들어, 환율·자재비·금융비용이 동시에 수익성을 깎아먹는 구조가 고착될 수 있다....","기획 환율 1500원 일상화 중소건설사 경영 부담 증가","40292","","0","금리","8","N","2026-06-16 15:33:02","2026-06-16 15:33:11","2026-06-16 15:33:02",""
"23716","""마통 끌어다 한 방"" 빚투 개미에 놀랐다...인뱅도 한도 축소","NH농협은행은 신용대출 우대금리를 줄였으며 우리은행은 대출비교 플랫폼을 통한 비대면 신용대출 신규, 대환 접수를 중단했다. 한편, 인터넷은행은 시중은행보다 수익성 타격이 클 것으로 예상된다. 인터넷은행 3곳이...","마통 끌어다 한 방 빚투 개미에 놀랐다 인뱅도 한도 축소","40295","","0","금리","1","N","2026-06-16 15:33:02","2026-06-16 15:33:02","2026-06-16 15:33:02",""
"23717","[속보]원·달러 환율, 0.5원 오른 1511.6원 마감","","속보 원 달러 환율 0 5원 오른 1511 6원 마감","40296","","0","환율","2","N","2026-06-16 15:33:02","2026-06-16 15:33:05","2026-06-16 15:33:02",""
"23718","엑셀세라퓨틱스, 메디포스트 일본 카티스템 상업화 지원","","엑셀세라퓨틱스 메디포스트 일본 카티스템 상업화 지원","40297","","0","환율","3","N","2026-06-16 15:33:02","2026-06-16 15:33:11","2026-06-16 15:33:02",""
"23719","""무너진 전력망 다시 깐다""…종전 기대감에 중동 '재건시장' 부상","","무너진 전력망 다시 깐다 종전 기대감에 중동 재건시장 부상","40298","","0","환율","8","N","2026-06-16 15:33:02","2026-06-16 15:41:16","2026-06-16 15:33:02",""
"23720","내년도 최저임금 논의 본격화… ""시급 1만2천원"" VS ""동결해야""","","내년도 최저임금 논의 본격화 시급 1만2천원 vs 동결해야","40300","","0","","2","N","2026-06-16 15:33:03","2026-06-16 15:33:04","2026-06-16 15:33:03",""
"23721","장동혁, 서울 등 6곳 선거소청 강행 의지...오세훈·개혁파 반발","","장동혁 서울 등 6곳 선거소청 강행 의지 오세훈 개혁파 반발","40301","","0","","2","N","2026-06-16 15:33:03","2026-06-16 15:33:07","2026-06-16 15:33:03",""
"23722","카이노스메드, 본점소재지 변경","","카이노스메드 본점소재지 변경","40302","","0","바이오","2","N","2026-06-16 15:33:03","2026-06-16 15:33:09","2026-06-16 15:33:03",""
"23723","문성호 서울시의원, 서부선 경전철 신속 추진 촉구","문 의원은 15일 열린 제336회 정례회 교통위원회 제1차 회의에서 “7월 말 이후 (두산건설 컨소시엄의)... 앞서 서울시는 2021년 서부선 도시철도 민간투자사업 우선협상대상자로 두산건설 컨소시엄(서부도시철도주식회사)을...","문성호 서울시의원 서부선 경전철 신속 추진 촉구","40303","","0","건설","7","N","2026-06-16 15:33:03","2026-06-16 15:33:14","2026-06-16 15:33:03","2026-06-16 15:33:14"
"23724","경기광주시, 박관열 당선인 ""수계기금 감축 전면 거부… '물 산업 협력단...","","경기광주시 박관열 당선인 수계기금 감축 전면 거부 물 산업 협력단","40304","","0","","4","N","2026-06-16 15:33:03","2026-06-16 15:33:09","2026-06-16 15:33:03",""
"23725","'압·여·목·성' 이어 수도권까지…재개발·재건축 수주전 확산","가운데, 경기권 대형 사업장까지 경쟁이 확대되는 모습이다. 16일 정비업계에 따르면 상반기 최대... GS건설은 최근 경기 군포 금정4구역 재개발과 용인 수지삼성4차 재건축, 성남 상대원2구역 재개발 등을 잇달아...","압 여 목 성 이어 수도권까지 재개발 재건축 수주전 확산","40305","","0","건설","10","N","2026-06-16 15:33:03","2026-06-16 15:43:49","2026-06-16 15:33:03","2026-06-16 15:41:14"
"23726","생활가전 키우는 풀무원, 5대 백화점 첫 입점","풀무원은 이달부터 롯데백화점 수원점·잠실점·부산본점, 신세계백화점 경기점, 현대백화점 울산점, 갤러리아백화점 진주점, AK플라자 평택점 등 10개 매장에서 가전제품 판매를 시작했다. 백화점 입점 제품은 '스팀쿡...","생활가전 키우는 풀무원 5대 백화점 첫 입점","40306","","0","","3","N","2026-06-16 15:33:03","2026-06-16 15:43:48","2026-06-16 15:33:03","2026-06-16 15:43:48"
"23727","경기도 기후보험 지급률 저조…한해 보험료 26억 내고 12억 받아","","경기도 기후보험 지급률 저조 한해 보험료 26억 내고 12억 받아","40308","","0","","2","N","2026-06-16 15:33:03","2026-06-16 15:33:05","2026-06-16 15:33:03",""
"23728","""청년, 아이스크림 좀 사다줘""…끓는 한낮 다리밑 그늘엔 어르신들 북적","","청년 아이스크림 좀 사다줘 끓는 한낮 다리밑 그늘엔 어르신들 북적","40309","","0","","1","N","2026-06-16 15:33:03","2026-06-16 15:33:03","2026-06-16 15:33:03",""
"23729","이제 정말 다저스와는 끝인가? 2번째 DFA, 에스피날...에드먼 콜업","","이제 정말 다저스와는 끝인가 2번째 dfa 에스피날 에드먼 콜업","40310","","0","","1","N","2026-06-16 15:33:03","2026-06-16 15:33:03","2026-06-16 15:33:03",""
"23730","'스웨덴전 1-5 참패' 튀니지, 라무시 감독과 충격 경질.. 한때 한국 감독...","튀니지는 F조 조별리그 첫 경기에서 유럽 플레이오프에서 간신히 살아 남은 스웨덴에 1-5로 크게 패했다. 최악의 출발에 현지 전문가들과 팬들은 라무시 감독을 향한 전술과 선수 기용, 경기력을 강도 높게 비판했다....","스웨덴전 1 5 참패 튀니지 라무시 감독과 충격 경질 한때 한국 감독","40311","","0","통신","2","N","2026-06-16 15:33:03","2026-06-16 15:33:12","2026-06-16 15:33:03","2026-06-16 15:33:12"
"23731","""계획 없이 CCTV 설치·운영""…한국경진학교 감사 결과 공개","","계획 없이 cctv 설치 운영 한국경진학교 감사 결과 공개","40312","","0","","1","N","2026-06-16 15:33:03","2026-06-16 15:33:03","2026-06-16 15:33:03",""
"23732","KT, 셋톱박스 협력사에 6개월치 메모리 선구매 자금 지원","","kt 셋톱박스 협력사에 6개월치 메모리 선구매 자금 지원","40314","","0","","5","N","2026-06-16 15:33:03","2026-06-16 15:33:12","2026-06-16 15:33:03",""
"23733","싸이커스 비행기 태우자...'중소돌의 기적' 소리 이젠 그만 [엔터그알]","","싸이커스 비행기 태우자 중소돌의 기적 소리 이젠 그만 엔터그알","40315","","0","달러,엔터테인먼트","4","N","2026-06-16 15:33:03","2026-06-16 15:41:11","2026-06-16 15:33:03",""
"23734","자사주 소각한 오리온, 4600억 진천센터로 밸류업 가속","","자사주 소각한 오리온 4600억 진천센터로 밸류업 가속","40316","","0","","4","N","2026-06-16 15:33:03","2026-06-16 15:41:26","2026-06-16 15:33:03",""
"23735","“북한, 엔비디아 GPU 확보 성공”…‘세계 31위’ 군사력에 날개 달아...","","북한 엔비디아 gpu 확보 성공 세계 31위 군사력에 날개 달아","40317","","0","","5","N","2026-06-16 15:33:03","2026-06-16 15:33:12","2026-06-16 15:33:03",""
"23736","엄마 납치한 범죄조직과 한판 승부… 필리핀 올로케 '납치 48시간' 내일...","","엄마 납치한 범죄조직과 한판 승부 필리핀 올로케 납치 48시간 내일","40318","","0","","2","N","2026-06-16 15:33:03","2026-06-16 15:33:11","2026-06-16 15:33:03",""
"23737","무보·은행권, 수출금융 지원 확대 맞손...상생무역금융 고도화","","무보 은행권 수출금융 지원 확대 맞손 상생무역금융 고도화","40319","","0","금융","6","N","2026-06-16 15:33:03","2026-06-16 15:33:10","2026-06-16 15:33:03",""
"23738","EU 7월1일 철강 수입쿼터 축소, 韓 피해 최소화 총력 대응","","eu 7월1일 철강 수입쿼터 축소 피해 최소화 총력 대응","40320","","0","철강","6","N","2026-06-16 15:33:03","2026-06-16 15:33:12","2026-06-16 15:33:03",""
"23739","앙골라 LAR, 홍수 피해 구간 복구…핵심광물 운송 재가동","","앙골라 lar 홍수 피해 구간 복구 핵심광물 운송 재가동","40321","","0","","1","N","2026-06-16 15:33:03","2026-06-16 15:33:03","2026-06-16 15:33:03",""
"23740","복지부, 하반기 응급·지역의료 재편 속도…정은경표 의료개혁 집행 본...","","복지부 하반기 응급 지역의료 재편 속도 정은경표 의료개혁 집행 본","40322","","0","","4","N","2026-06-16 15:33:03","2026-06-16 15:33:09","2026-06-16 15:33:03",""
"23741","EU 신철강 장벽 현실화…정부, 철강업계와 공동 대응","","eu 신철강 장벽 현실화 정부 철강업계와 공동 대응","40323","","0","철강","6","N","2026-06-16 15:33:03","2026-06-16 15:33:12","2026-06-16 15:33:03",""
"23742","군산예당, 가족뮤지컬 '할머니의 여름 휴가' 공연","","군산예당 가족뮤지컬 할머니의 여름 휴가 공연","40324","","0","","2","N","2026-06-16 15:33:03","2026-06-16 15:33:03","2026-06-16 15:33:03","2026-06-16 15:33:03"
"23743","대형 기획사 '쏠림' 막는다…리센느 등 중소돌 10팀에 정부 지원","K팝 시장은 2024년 대비 2025년 매출액이 15.8%, 수출액은 32.4% 증가하는 등 성장세를 보이고 있지만, 대형... 각 기획사는 지원금을 수출용 음반과 뮤직비디오 제작, 해외 현지 마케팅 및 홍보, 해외 공연 개최 등 해외...","대형 기획사 쏠림 막는다 리센느 등 중소돌 10팀에 정부 지원","40325","","0","엔터테인먼트","3","N","2026-06-16 15:33:03","2026-06-16 15:43:47","2026-06-16 15:33:03","2026-06-16 15:43:47"
"23744","경북 유망기업 10곳, CES 2027 향해 출격…글로벌 투자시장 문 두드린다","","경북 유망기업 10곳 ces 2027 향해 출격 글로벌 투자시장 문 두드린다","40326","","0","","4","N","2026-06-16 15:33:03","2026-06-16 15:33:12","2026-06-16 15:33:03",""
"23745","中 인민일보 사설 “日 군산복합체, 무기 수요 창출·군사 팽창 주도”","","인민일보 사설 군산복합체 무기 수요 창출 군사 팽창 주도","40327","","0","","4","N","2026-06-16 15:33:03","2026-06-16 15:33:12","2026-06-16 15:33:03",""
"23746","전북 수산식품, 서울국제식품산업대전서 220만 달러 규모 MOU","","전북 수산식품 서울국제식품산업대전서 220만 달러 규모 mou","40329","","0","바이오,달러,음식료","3","N","2026-06-16 15:33:03","2026-06-16 15:33:09","2026-06-16 15:33:03",""
"23747","""미, 외국 군사정보 기관의 악용 우려에 미토스 수출 통제""","","미 외국 군사정보 기관의 악용 우려에 미토스 수출 통제","40330","","0","","1","N","2026-06-16 15:33:03","2026-06-16 15:33:03","2026-06-16 15:33:03",""
"23748","관급 수배전반 부동의 1위…지투파워, 디지털 인프라 확충 직접 수혜","","관급 수배전반 부동의 1위 지투파워 디지털 인프라 확충 직접 수혜","40331","","0","","11","N","2026-06-16 15:33:03","2026-06-16 15:43:53","2026-06-16 15:33:03",""
"23749","美 AI 브레인 ""韓, 'AI 자급자족'보다 공급망 속 없어선 안 될 나라 돼야...","","ai 브레인 ai 자급자족 보다 공급망 속 없어선 안 될 나라 돼야","40332","","0","반도체","3","N","2026-06-16 15:33:03","2026-06-16 15:33:09","2026-06-16 15:33:03",""
"23750","[굴기, 중국 첨단산업-2.전기차 시장] 전기차 기업의 명(明)과 암(暗) : ...","","굴기 중국 첨단산업 2 전기차 시장 전기차 기업의 명 과 암","40333","","0","","9","N","2026-06-16 15:33:03","2026-06-16 15:43:46","2026-06-16 15:33:03",""
"23751","세종 기업들, 베트남서 수출길 넓힌다...세종시의회 예결특위, 교육청 ...","","세종 기업들 베트남서 수출길 넓힌다 세종시의회 예결특위 교육청","40335","","0","","2","N","2026-06-16 15:33:03","2026-06-16 15:33:10","2026-06-16 15:33:03",""
"23752","젠큐리스,293억원 규모 디지털PCR 통합 플랫폼 개발'과제 선정","이 과제는 기술 개발에 그치지 않고 글로벌 인허가·수출·매출로 이어지는 상업화 과제로 설계됐다. 젠큐릭스는 로슈와 디지털 PCR 플랫폼 협력을 통해 다중 형광 기반 고감도 PIK3CA 돌연변이 동시 검출 진단...","젠큐리스 293억원 규모 디지털pcr 통합 플랫폼 개발 과제 선정","40336","","0","","1","N","2026-06-16 15:33:03","2026-06-16 15:33:03","2026-06-16 15:33:03",""
"23753","독일 기술에 가성비 더했다…스타트럭, '한국형 벤츠 덤프'로 승부수","","독일 기술에 가성비 더했다 스타트럭 한국형 벤츠 덤프 로 승부수","40337","","0","건설","3","N","2026-06-16 15:33:03","2026-06-16 15:33:11","2026-06-16 15:33:03",""
"23754","김성훈 업스테이지 대표 “토크노믹스 시동 … 토큰이 모든 것을 결정한...","","김성훈 업스테이지 대표 토크노믹스 시동 토큰이 모든 것을 결정한","40338","","0","","2","N","2026-06-16 15:33:03","2026-06-16 15:33:07","2026-06-16 15:33:03",""
"23755","돼지고기 원산지 둔갑 단속…전북농관원, 26일까지 점검","","돼지고기 원산지 둔갑 단속 전북농관원 26일까지 점검","40339","","0","","1","N","2026-06-16 15:33:03","2026-06-16 15:33:03","2026-06-16 15:33:03",""
"23756","'산업발전·탄소중립' 두 마리 토끼 잡을 해법은?","","산업발전 탄소중립 두 마리 토끼 잡을 해법은","40340","","0","","4","N","2026-06-16 15:33:03","2026-06-16 15:33:11","2026-06-16 15:33:03",""
"23757","정부, 통상 네트워크 확대…美 301조 조사 대응 방안도 논의","","정부 통상 네트워크 확대 301조 조사 대응 방안도 논의","40341","","0","","3","N","2026-06-16 15:33:03","2026-06-16 15:33:04","2026-06-16 15:33:03",""
"23758","전쟁 끝나자 ‘이란 재건-호루무즈 통행료’ 이중 청구서 날라오나","","전쟁 끝나자 이란 재건 호루무즈 통행료 이중 청구서 날라오나","40342","","0","유가","3","N","2026-06-16 15:33:04","2026-06-16 15:41:06","2026-06-16 15:33:04",""
"23759","""에너지 대전환 시대, 안정적 전력 공급 기반 위에 산업 경쟁력도 제고...","","에너지 대전환 시대 안정적 전력 공급 기반 위에 산업 경쟁력도 제고","40343","","0","","4","N","2026-06-16 15:33:04","2026-06-16 15:33:10","2026-06-16 15:33:04",""
"23760","세아씨엠, 군산 환경 및 생태계 정화 활동 힘 보태","","세아씨엠 군산 환경 및 생태계 정화 활동 힘 보태","40344","","0","","1","N","2026-06-16 15:33:04","2026-06-16 15:33:04","2026-06-16 15:33:04",""
"23761","""우리들의 곤충대장, 당신의 한 표로!""… 제10회 대한민국 곤충경진대회...","","우리들의 곤충대장 당신의 한 표로 제10회 대한민국 곤충경진대회","40345","","0","","2","N","2026-06-16 15:33:04","2026-06-16 15:33:10","2026-06-16 15:33:04",""
"23762","업루트와이, NUAC로부터 시드 투자 유치","","업루트와이 nuac로부터 시드 투자 유치","40346","","0","","3","N","2026-06-16 15:33:04","2026-06-16 15:33:11","2026-06-16 15:33:04",""
"23763","인천창경·무역협회·KOSA, 글로벌 스타트업 서밋 개최…""PoC 넘어 계약·...","","인천창경 무역협회 kosa 글로벌 스타트업 서밋 개최 poc 넘어 계약","40347","","0","IT","1","N","2026-06-16 15:33:04","2026-06-16 15:33:04","2026-06-16 15:33:04",""
"23764","‘삼전닉스’ 날개 단 수출... 사상 첫 ‘연간 1조 달러’ 가나","","삼전닉스 날개 단 수출 사상 첫 연간 1조 달러 가나","40348","","0","달러","8","N","2026-06-16 15:33:04","2026-06-16 15:33:19","2026-06-16 15:33:04",""
"23765","일화, '서울푸드 2026' 참가 ... 저당·웰니스 제품군 소개","","일화 서울푸드 2026 참가 저당 웰니스 제품군 소개","40349","","0","음식료","1","N","2026-06-16 15:33:04","2026-06-16 15:33:04","2026-06-16 15:33:04",""
"23766","iM뱅크, 경산상공회의소와 ‘제16회 경산CEO포럼’ 공동 개최","","im뱅크 경산상공회의소와 제16회 경산ceo포럼 공동 개최","40350","","0","","1","N","2026-06-16 15:33:04","2026-06-16 15:33:04","2026-06-16 15:33:04",""
"23767","관세청 관세국경인재개발원, 제32차 관세행정 능력배양 세미나 개최","","관세청 관세국경인재개발원 제32차 관세행정 능력배양 세미나 개최","40352","","0","","1","N","2026-06-16 15:33:04","2026-06-16 15:33:04","2026-06-16 15:33:04",""
"23768","중부발전, 사회복지시설 3곳에 친환경 전기차 '쾌척'","이번 전달식은 최근 중동발 고유가 여파로 운영 부담이 커진 사회복지시설을 지원하기 위해 마련됐다.... 연료비 절감을 통해 고유가 시기 복지시설의 운영 부담 완화에도 기여할 것으로 기대된다. 중부발전 이영조 사장은...","중부발전 사회복지시설 3곳에 친환경 전기차 쾌척","40356","","0","유가","3","N","2026-06-16 15:33:04","2026-06-16 15:43:42","2026-06-16 15:33:04",""
"23769","밀양시, 지원금 사용 독려로 지역 경제 활력 기대","‘고유가 피해지원금’의 사용기한이 임박함에 따라, 기한 내에 잔액이 소멸되지 않도록 적극적인 사용을 당부했다. ‘경남도민 생활지원금’은 7월 31일까지, ‘고유가 피해지원금’은 8월 31일까지 사용해야 하며, 기한...","밀양시 지원금 사용 독려로 지역 경제 활력 기대","40358","","0","유가","1","N","2026-06-16 15:33:04","2026-06-16 15:33:04","2026-06-16 15:33:04",""
"23770","트럼프·네타냐후 공개 충돌…이란 합의 놓고 균열 표면화","국제 유가 안정과 미국 내 에너지 가격 부담 완화 역시 핵심 목표로 제시하고 있다. 반면 네타냐후 총리는 이스라엘 내부에서 거센 비판에 직면해 있다. 정치권에서는 이번 합의가 이란 핵 프로그램뿐 아니라 탄도미사일...","트럼프 네타냐후 공개 충돌 이란 합의 놓고 균열 표면화","40359","","0","유가","1","N","2026-06-16 15:33:04","2026-06-16 15:33:04","2026-06-16 15:33:04",""
"23771","건설주택포럼, ‘건설업 위기 돌파구는 인공지능 전환’ 세미나 개최","","건설주택포럼 건설업 위기 돌파구는 인공지능 전환 세미나 개최","40360","","0","금리,건설","3","N","2026-06-16 15:33:04","2026-06-16 15:33:11","2026-06-16 15:33:04",""
"23772","삼성전자 '스타트업'·LG전자 '환경'·KT '협력사', ESG 경영 강화","","삼성전자 스타트업 lg전자 환경 kt 협력사 esg 경영 강화","40362","","0","","2","N","2026-06-16 15:33:04","2026-06-16 15:33:08","2026-06-16 15:33:04",""
"23773","생활 인프라 확장되는 ‘더블생활권 아파트’…분양시장 관심 지속","","생활 인프라 확장되는 더블생활권 아파트 분양시장 관심 지속","40364","","0","","9","N","2026-06-16 15:33:04","2026-06-16 15:43:48","2026-06-16 15:33:04","2026-06-16 15:33:04"
"23774","[이슈] JTBC 등 중앙그룹 5개사 법정관리 신청, 중앙일보는 워크아웃 추...","","이슈 jtbc 등 중앙그룹 5개사 법정관리 신청 중앙일보는 워크아웃 추","40365","","0","엔터테인먼트","2","N","2026-06-16 15:33:04","2026-06-16 15:33:12","2026-06-16 15:33:04",""
"23775","검찰, 유명 상품권 업체 경영진 3명 기소…58억원 배임 혐의","","검찰 유명 상품권 업체 경영진 3명 기소 58억원 배임 혐의","40366","","0","","1","N","2026-06-16 15:33:04","2026-06-16 15:33:04","2026-06-16 15:33:04",""
"23776","독자기고 - 깡통전세, 계약 전 확인이 가장 강력한 예방이다","특히 사회초년생과 대학생, 신혼부부 등 부동산 거래 경험이 부족한 계층이 주요 피해 대상으로 지목되고 있다. ""시세보다 싸다"", ""오늘 계약하지 않으면 놓친다"", ""서류는 나중에 확인하면 된다""는 식의 말은 반드시...","독자기고 깡통전세 계약 전 확인이 가장 강력한 예방이다","40369","","0","","1","N","2026-06-16 15:33:04","2026-06-16 15:33:04","2026-06-16 15:33:04",""
"23777","한국부동산원 군산지사, 월명동 골목상권 활성화·도시재생 캠페인 전개","한국부동산원 군산지사(지사장 박병춘)가 지난 12일 월명동 도시재생 홍보골목 일원에서 군산시, 월명동... 이번 캠페인은 월명동 골목상권 활성화와 도시재생 홍보를 위해 마련됐으며, 한국부동산원의 ESG 경영 실천과...","한국부동산원 군산지사 월명동 골목상권 활성화 도시재생 캠페인 전개","40370","","0","","1","N","2026-06-16 15:33:04","2026-06-16 15:33:04","2026-06-16 15:33:04",""
"23778","“서울 아파트 전셋값 한달 새 1% 넘게 올라”…평균 집값 10억 돌파","16일 한국부동산원의 월간주택가격동향 자료에 따르면 지난 5월 서울 아파트 전세가격은 전달 대비 1.15... 지난 15일 기준 서울 아파트 전세매물은 1만8935건(부동산 플랫폼 아실)으로, 작년 동월보다 24.9% 줄었다. 세...","서울 아파트 전셋값 한달 새 1 넘게 올라 평균 집값 10억 돌파","40371","","0","","2","N","2026-06-16 15:33:04","2026-06-16 15:33:06","2026-06-16 15:33:04",""
"23779","쇼핑 넘어 문화·여가까지…펜타힐즈 W스퀘어 분양 주목","한 부동산 전문가는 “최근 상업시설은 단순 소비 공간을 넘어 지역민이 머물고 경험하는 복합문화공간으로 진화하고 있다""며 “차별화된 콘텐츠와 체류시간 확보 여부가 상권 경쟁력을 결정하는 핵심 요소가 될 것...","쇼핑 넘어 문화 여가까지 펜타힐즈 w스퀘어 분양 주목","40372","","0","","1","N","2026-06-16 15:33:04","2026-06-16 15:33:04","2026-06-16 15:33:04",""
"23780","하나투어, 베트남 자라이성·FLC 그룹과 업무협약 체결","FLC그룹은 베트남의 대표 부동산·관광개발 기업으로 리조트·호텔·골프장 사업 등을 영위하고 있다. 지난 12일 하나투어 본사에서 진행된 미팅에는 자라이성 정부, FLC 그룹, 하나투어 관계자들이 참석했다. 참가자들은...","하나투어 베트남 자라이성 flc 그룹과 업무협약 체결","40373","","0","","2","N","2026-06-16 15:33:04","2026-06-16 15:33:12","2026-06-16 15:33:04",""
"23781","금융도 방산도 '상생'이 경쟁력…이재명표 '생산적금융', 점수 매긴다","평가 대상에는 기아, 대한항공, 풍산, 한국항공우주산업(KAI), 한화시스템, 한화에어로스페이스, 한화오션, 현대로템, 현대위아, HD현대중공업, HJ중공업, LIG D&A, SNT다이내믹스, SNT모티브, 강남 등이 포함됐다. 평가는...","금융도 방산도 상생 이 경쟁력 이재명표 생산적금융 점수 매긴다","40374","","0","방산,금융,반도체,항공,조선","8","N","2026-06-16 15:33:04","2026-06-16 15:43:34","2026-06-16 15:33:04","2026-06-16 15:41:08"
"23782","평택 지제지구 일대 토지거래허가구역 연장…2029년 6월까지 3년간","만약 허가를 받지 않고 계약을 체결하거나 부정한 방법으로 허가를 신청했다가 적발될 경우 부동산거래신... 시 관계자는 ""이번 재지정은 평택 지제 공공주택지구 주변의 부동산 투기 행위를 차단하기 위한 것으로...","평택 지제지구 일대 토지거래허가구역 연장 2029년 6월까지 3년간","40375","","0","","1","N","2026-06-16 15:33:04","2026-06-16 15:33:04","2026-06-16 15:33:04",""
"23783","전달 주택 매매소비심리 오름국면 진입... 서울·경기 강세","16일 국토연구원이 공개한 부동산시장 소비자 심리조사 결과를 보면 지난달 전국 주택 매매시장 소비심리지수는 전달과 견줘 4.7p 상승한 116.7을 보이며, 오름 국면으로 바뀌었다. 부동산시장 소비심리지수는...","전달 주택 매매소비심리 오름국면 진입 서울 경기 강세","40376","","0","","1","N","2026-06-16 15:33:04","2026-06-16 15:33:04","2026-06-16 15:33:04",""
"23784","‘군체’보다 더 대박 난 전지현 빌딩 “1년 만에 1000억대”","박명한 빌사남부동산중개법인 이사는 지난 15일 유튜브 채널 공개한 영상에서 전지현이 사들인 성수동 1가... 전지현 건물이 ‘성수 셀럽 부동산 벨트’의 한 축이라는 점도 짚었다. 그는 “바로 앞이 무신사 조만호...","군체 보다 더 대박 난 전지현 빌딩 1년 만에 1000억대","40377","","0","","1","N","2026-06-16 15:33:04","2026-06-16 15:33:04","2026-06-16 15:33:04",""
"23785","'김수현 명예훼손' 김세의, 폭로로 최고 50억 매출→부동산 자산만 '100억...","무차별 폭로 비즈니스를 통해 막대한 수익을 올린 김세의 대표의 개인 부동산 자산은 현재 서울 압구정동과 서초동 아파트 등 100억 원대를 웃도는 것으로 전해졌다. 그러나 이들의 불법적인 폭로 행각은 잇따른 법적...","김수현 명예훼손 김세의 폭로로 최고 50억 매출 부동산 자산만 100억","40378","","0","","1","N","2026-06-16 15:33:04","2026-06-16 15:33:04","2026-06-16 15:33:04",""
"23786","'IB·WM 투톱' 택한 NH투자증권…기대와 우려 교차","16일 금융투자업계에 따르면 NH투자증권 임원후보추천위원회는 최근 신재욱 부동산인프라사업부 대표(전무)와 배광수 WM사업부 대표(상무)를 차기 각자대표이사 후보로 추천했다. 오는 30일 임시 주주총회에서 선임이...","ib wm 투톱 택한 nh투자증권 기대와 우려 교차","40379","","0","금융","2","N","2026-06-16 15:33:04","2026-06-16 15:41:15","2026-06-16 15:33:04","2026-06-16 15:41:15"
"23787","글로벌 가상자산 제도화 속도…국내는 지지부진","","글로벌 가상자산 제도화 속도 국내는 지지부진","40381","","0","달러","3","N","2026-06-16 15:33:05","2026-06-16 15:33:06","2026-06-16 15:33:05",""
"23788","[NDC 26] 엠바크 마틴 싱-블롬 “머신러닝, 실제 조직에 필요한 형태가 ...","","ndc 26 엠바크 마틴 싱 블롬 머신러닝 실제 조직에 필요한 형태가","40382","","0","달러","2","N","2026-06-16 15:33:05","2026-06-16 15:33:08","2026-06-16 15:33:05",""
"23789","세계금협회 조사: 중앙은행 45%, 1년 내 금 보유 확대 계획","","세계금협회 조사 중앙은행 45 1년 내 금 보유 확대 계획","40383","","0","금","2","N","2026-06-16 15:33:05","2026-06-16 15:43:46","2026-06-16 15:33:05",""
"23790","“금 싸게 사서 비싸게 팔아준다” 해서 10억 맡겼는데…","중고거래 애플리케이션에서 금 거래를 미끼로 피해자들을 속여 10억원 상당의 금품을 가로챈 30대 남성이 실형을 선고받았다. 인천지법 형사14단독 공우진 판사는 사기 혐의로 재판에 넘겨진 A씨(39)에게 징역 4년을...","금 싸게 사서 비싸게 팔아준다 해서 10억 맡겼는데","40387","","0","금","2","N","2026-06-16 15:33:05","2026-06-16 15:43:49","2026-06-16 15:33:05",""
"23791","메이저 첫 우승 김민솔, '전설' 신지애 아성에 도전, 두산건설 We've 골프...","김민솔은 지난 14일 경기 양주시 레이크우드 컨트리클럽에서 막을 내린 메르세데스-벤츠 제40회 한국여자오픈골프선수권대회(총상금 15억 원, 우승 상금 4억 원)에서 최종 합계 4언더파 280타로 정상에 올랐다. 지난...","메이저 첫 우승 김민솔 전설 신지애 아성에 도전 두산건설 we ve 골프","40388","","0","금","2","N","2026-06-16 15:33:05","2026-06-16 15:33:14","2026-06-16 15:33:05",""
"23792","[맞수다] ""정청래, 당대표 나오면 유혈사태""‥""장동혁, 못 본 척 알박기...","■ 방송 : MBC 뉴스외전 (월~금 오후 01:50) ■ 진행 : 이언주 앵커 ■ 대담 : 김상일 정치평론가, 장성철 공론센터... ◎ 진행자 > 지금 최보윤 대변인 브리핑을 들어보셨는데 그 내용을 설명을 하면서 원내대표도 참석을 했다....","맞수다 정청래 당대표 나오면 유혈사태 장동혁 못 본 척 알박기","40389","","0","금","1","N","2026-06-16 15:33:05","2026-06-16 15:33:05","2026-06-16 15:33:05",""
"23793","'유럽' 가는 한컴, 기업가치 재평가 본궤도 올랐다","","유럽 가는 한컴 기업가치 재평가 본궤도 올랐다","40390","","0","은","5","N","2026-06-16 15:33:05","2026-06-16 15:33:11","2026-06-16 15:33:05",""
"23794","한국 GDP 대비 가계부채 88.6%…6년3개월만 최저치","","한국 gdp 대비 가계부채 88 6 6년3개월만 최저치","40391","","0","","2","N","2026-06-16 15:33:05","2026-06-16 15:33:06","2026-06-16 15:33:05",""
"23795","인천 서구, 아이사랑꿈터 9호점 수탁 협약 · RFID 종량기 확대 설치","","인천 서구 아이사랑꿈터 9호점 수탁 협약 rfid 종량기 확대 설치","40393","","0","","1","N","2026-06-16 15:33:05","2026-06-16 15:33:05","2026-06-16 15:33:05",""
"23796","민주평통 영양군협의회, 2분기 정기회의 개최…한반도 평화관리 방안 논...","","민주평통 영양군협의회 2분기 정기회의 개최 한반도 평화관리 방안 논","40394","","0","","1","N","2026-06-16 15:33:05","2026-06-16 15:33:05","2026-06-16 15:33:05",""
"23797","세종 앵커 사업 성과 윤곽, 지역인재 플랫폼 강화","","세종 앵커 사업 성과 윤곽 지역인재 플랫폼 강화","40395","","0","","5","N","2026-06-16 15:33:05","2026-06-16 15:33:09","2026-06-16 15:33:05",""
"23798","여수서 국내 최대 해상풍력 전시회 개막…공급망 육성 방안 논의[청계천...","","여수서 국내 최대 해상풍력 전시회 개막 공급망 육성 방안 논의 청계천","40396","","0","","1","N","2026-06-16 15:33:05","2026-06-16 15:33:05","2026-06-16 15:33:05",""
"23799","이리공고 ‘인공지능·이차전지 마이스터고’ 선정… “미래 인재양성...","교육부 제공 이 같은 협력 모델은 국가 전략산업 육성 정책과 직업계 교육을 연결한 맞춤형 인재 양성 체계로 평가받으며 공모 심사 과정에서 높은 점수를 받은 것으로 알려졌다. 이리공고와 익산시는 이번 마이스터고...","이리공고 인공지능 이차전지 마이스터고 선정 미래 인재양성","40397","","0","","10","N","2026-06-16 15:33:05","2026-06-16 15:41:40","2026-06-16 15:33:05","2026-06-16 15:41:40"
"23800","나주시 '가족 한마음 운동회' 성황","한편 나주시는 건강한 가족 공동체 조성을 위해 나주시가족센터를 중심으로 부모교육, 가족돌봄 지원사업 등 실효성 있는 가족지원 정책을 지속적으로 추진하고 있다. 나주","나주시 가족 한마음 운동회 성황","40399","","0","","1","N","2026-06-16 15:33:05","2026-06-16 15:33:05","2026-06-16 15:33:05",""
"23801","대전시장직 인수위 시민과 소통…19일 DCC서 첫 ‘타운홀 미팅’","이어 5개 구 주민대표 등 시민들이 민선 9기 시정에 기대하는 것과 민선 9기에서 가장 먼저 추진해야 할 정책에 대해 테이블 토론을 갖고 의견을 발표한다. 박정현 대전시장직 인수위원장은 “민선 9기 시정 방향에 대해...","대전시장직 인수위 시민과 소통 19일 dcc서 첫 타운홀 미팅","40400","","0","","1","N","2026-06-16 15:33:05","2026-06-16 15:33:05","2026-06-16 15:33:05",""
"23802","분당서울대병원 김범준 교수, 세계뇌졸중학회 이사 선임","뇌졸중의 예방, 치료, 연구, 교육, 정책 등 전반에 걸쳐 국제적 표준을 선도하고 있다. WSO 이사회는 학회의 운영 방향과 주요 정책을 결정하는 최고 의사결정 기구로, 세계 각국의 뇌졸중 석학들로 구성된다. 이번...","분당서울대병원 김범준 교수 세계뇌졸중학회 이사 선임","40401","","0","","1","N","2026-06-16 15:33:05","2026-06-16 15:33:05","2026-06-16 15:33:05",""
"23803","'꿈꾸는 공부방' 10번째 이야기, 아이들의 서툰 꿈이 시작된다","임재춘 김천시 복지정책과장은 ""매년 지역 사회의 든든한 동반자로서 아이들에게 따뜻한 내일을 선물해... 복지 정책을 실현하는 데 행정적 지원을 아끼지 않겠다""고 말했다. 한편, 김천시 지역사회보장협의체는 이번 누적...","꿈꾸는 공부방 10번째 이야기 아이들의 서툰 꿈이 시작된다","40402","","0","","2","N","2026-06-16 15:33:05","2026-06-16 15:33:14","2026-06-16 15:33:05",""
"23804","제주 '옵서버스', 고령층 맞춤형 전용 호출벨 전면 확대","이를 위해 '옵서버스 서포터즈' 6명을 채용하고, 이들이 매달 읍·면 지역의 마을 복지회관, 경로당, 주요 병원 등을 직접 방문해 어르신들의 현장 애로사항을 청취하고 이를 정책 운영에 적극 반영할 방침입니다.","제주 옵서버스 고령층 맞춤형 전용 호출벨 전면 확대","40403","","0","","1","N","2026-06-16 15:33:06","2026-06-16 15:33:06","2026-06-16 15:33:06",""
"23805","통일부, '제주포럼 화상참석' 北인사 접촉신고 승인","외교부와 제주도가 처음으로 공동 주최하는 제21회 제주포럼은 유네스코 본부의 정책·평생교육국 교육정책 부서장인 장광철 박사의 화상 참석을 조율 중입니다. 외교부는 ""과거 북측 인사가 제주포럼에 참석한 적은...","통일부 제주포럼 화상참석 인사 접촉신고 승인","40404","","0","","1","N","2026-06-16 15:33:06","2026-06-16 15:33:06","2026-06-16 15:33:06",""
"23806","전남교육청, '성평등' 교육정책 설계 역량 강화","앞으로 성평등 관점이 정책에 체계적으로 반영될 수 있도록 지속적으로 지원하겠다""고 밝혔다. 한편, 성별영향평가는 정책을 수립하거나 시행하는 과정에서 해당 정책이 성평등에 미칠 영향을 평가해 합리적으로...","전남교육청 성평등 교육정책 설계 역량 강화","40405","","0","","1","N","2026-06-16 15:33:06","2026-06-16 15:33:06","2026-06-16 15:33:06",""
"23807","해시드오픈리서치, ""예측시장, 차세대 정보 인프라로 부상""","","해시드오픈리서치 예측시장 차세대 정보 인프라로 부상","40406","","0","게임","6","N","2026-06-16 15:33:06","2026-06-16 15:33:11","2026-06-16 15:33:06",""
"23808","인사동 한옥 짓고 고치기 쉬워진다","","인사동 한옥 짓고 고치기 쉬워진다","40407","","0","","2","N","2026-06-16 15:33:06","2026-06-16 15:33:06","2026-06-16 15:33:06",""
"23809","[아주사설│기본·원칙·상식] 개인정보 유출에 흔들리는 티빙","규제 당국 역시 사태의 심각성을 인지하고 온라인 주민번호 격인 CI 암호화와 분리보관 의무 시행을 내년 1월로 대폭 앞당기는 등 고강도 압박을 예고하고 있다. 플랫폼에게 이용자들의 개인 정보는 양날의 검이다. 콘텐츠...","아주사설 기본 원칙 상식 개인정보 유출에 흔들리는 티빙","40410","","0","","2","N","2026-06-16 15:33:06","2026-06-16 15:33:12","2026-06-16 15:33:06",""
"23810","김완종 SK AX 사장 ""AI 업무 효율화 달성 여부가 기업 성과 가른다""","금융 분야에서는 신한금융그룹이 SK AX와 협업해 데이터 보안, 권한 관리, 규제 대응 조건을 충족하는 '1인 1 금융 에이전트' 기반 업무 혁신 모델을 구체화하는 작업을 진행하고 있다. 글로벌 HR 컨설팅 기업 머서...","김완종 sk ax 사장 ai 업무 효율화 달성 여부가 기업 성과 가른다","40412","","0","금융","3","N","2026-06-16 15:33:06","2026-06-16 15:33:19","2026-06-16 15:33:06",""
"23811","'선수금 3조' 덩치커진 상조업계, 공정위·국회 '규제 칼날'에 긴장","동시다발적인 규제 정비에 나서며 상조업계의 긴장감도 커지고 있다. 16일 국회와 정부 당국 등에 따르면... 잇따르며 규제를 강화해야 한다는 목소리가 나오는 배경이다. 최근 한 상조업체는 가상자산 관련 상품에...","선수금 3조 덩치커진 상조업계 공정위 국회 규제 칼날 에 긴장","40413","","0","","2","N","2026-06-16 15:33:06","2026-06-16 15:41:29","2026-06-16 15:33:06",""
"23812","경찰, 불법 가상자산 장외거래소 12곳 내사 착수","닥사는 업비트·빗썸·코인원·코빗·고팍스 등 국내 5대 가상자산 거래소가 참여해 설립한 민간 협의체로, 가상자산 시장의 자율규제와 투자자 보호를 위해 운영되고 있다. 닥사에 따르면 불법 장외거래소 8곳과 국내...","경찰 불법 가상자산 장외거래소 12곳 내사 착수","40414","","0","","1","N","2026-06-16 15:33:06","2026-06-16 15:33:06","2026-06-16 15:33:06",""
"23813","다 읽지도 못하고 '동의' 체크, 책임은 소비자가···신용정보법 규제...","금융위는 현행 개인신용정보 동의제도가 지난 1995년 신용정보법 제정 이후 규제가 지속적으로 강화되면서... 금융당국은 이 같은 체계가 사실상 세계 최고 수준의 규제로 운영되고 있다고 평가했다. 동의 만능주의 한계...","다 읽지도 못하고 동의 체크 책임은 소비자가 신용정보법 규제","40415","","0","금융","2","N","2026-06-16 15:33:06","2026-06-16 15:33:12","2026-06-16 15:33:06",""
"23814","[2026 산업AX KOREA] 한국네트웍스가 소개하는 WMS·MES·물류 자동화 솔...","HACCP MES와 GMP MES는 각각 식음료, 제약·화장품 등 규제 대응이 필요한 제조 환경을 겨냥한 특화 솔루션으로 구성돼 있다. 이번 행사에서 한국네트웍스가 주로 강조한 솔루션은 WMS였다. 한국네트웍스의 WMS는 입고...","2026 산업ax korea 한국네트웍스가 소개하는 wms mes 물류 자동화 솔","40416","","0","화장품,바이오","3","N","2026-06-16 15:33:06","2026-06-16 15:33:12","2026-06-16 15:33:06",""
"23815","세계로 펴지는 '미성년자 SNS 금지' : 선진국들이 빠르게 추진하는 이유...","규제 대상에는 엑스(X), 페이스북, 인스타그램, 틱톡, 스냅챗, 유튜브 등 주요 SNS 플랫폼이 포함된다. 이 같은 규제 논의가 힘을 얻는 배경은 청소년을 온라인 유해 환경으로부터 보호해야 한다는 여론에 따른 것이다....","세계로 펴지는 미성년자 sns 금지 선진국들이 빠르게 추진하는 이유","40417","","0","","2","N","2026-06-16 15:33:06","2026-06-16 15:33:11","2026-06-16 15:33:06",""
"23816","서산시, 친환경 걷기길 '아라메길' 정비","","서산시 친환경 걷기길 아라메길 정비","40420","","0","","1","N","2026-06-16 15:33:06","2026-06-16 15:33:06","2026-06-16 15:33:06",""
"23817","감사원 ""선관위 사태 상황 모니터링 중…회계검사 신중 검토""","","감사원 선관위 사태 상황 모니터링 중 회계검사 신중 검토","40421","","0","","3","N","2026-06-16 15:33:06","2026-06-16 15:33:07","2026-06-16 15:33:06","2026-06-16 15:33:06"
"23818","[김진형의 별별칼럼] ‘참교육’, 학교만의 문제 아니다…학교에서 시작...","","김진형의 별별칼럼 참교육 학교만의 문제 아니다 학교에서 시작","40422","","0","건설","3","N","2026-06-16 15:33:06","2026-06-16 15:33:11","2026-06-16 15:33:06",""
"23819","충남도의회 입성 앞둔 초선의원들…'초심과 진심' 다짐","","충남도의회 입성 앞둔 초선의원들 초심과 진심 다짐","40423","","0","","2","N","2026-06-16 15:33:06","2026-06-16 15:33:07","2026-06-16 15:33:06",""
"23820","전남 적조 대책 회의…""올해 바다 수온 높고 강수량 많을듯""","","전남 적조 대책 회의 올해 바다 수온 높고 강수량 많을듯","40424","","0","","1","N","2026-06-16 15:33:06","2026-06-16 15:33:06","2026-06-16 15:33:06",""
"23821","쌀값 안정에 사료비 절감까지···강원 고성군, 조사료 재배로 '일석이...","","쌀값 안정에 사료비 절감까지 강원 고성군 조사료 재배로 일석이","40425","","0","","2","N","2026-06-16 15:33:06","2026-06-16 15:33:10","2026-06-16 15:33:06",""
"23822","충남도의회, 33인 초선의원 워크숍 개최…의정활동 역량 강화","","충남도의회 33인 초선의원 워크숍 개최 의정활동 역량 강화","40426","","0","","3","N","2026-06-16 15:33:06","2026-06-16 15:33:12","2026-06-16 15:33:06",""
"23823","오스트리아, 태양광·저장장치 보조금 210억 배정","","오스트리아 태양광 저장장치 보조금 210억 배정","40427","","0","","2","N","2026-06-16 15:33:06","2026-06-16 15:33:07","2026-06-16 15:33:06",""
"23824","수레바퀴의 두 축처럼… 제10대 경주시의회, 집행부 견제와 상생의 돛 ...","","수레바퀴의 두 축처럼 제10대 경주시의회 집행부 견제와 상생의 돛","40428","","0","","2","N","2026-06-16 15:33:06","2026-06-16 15:33:07","2026-06-16 15:33:06",""
"23825","오석진 교육감 당선인, 인수위 본격 가동…'오감만족 대전교육' 실행 점...","","오석진 교육감 당선인 인수위 본격 가동 오감만족 대전교육 실행 점","40429","","0","","2","N","2026-06-16 15:33:06","2026-06-16 15:33:12","2026-06-16 15:33:06",""
"23826","카페24 “토털 커머스 마케팅, 도입 브랜드 매출·광고 효율 동반 개선...","카페24는 앞으로 광고 데이터를 상품 전략과 재고 운영, 예산 운용까지 통합 활용할 수 있도록 서비스 간 데이터 연계를 더욱 고도화하고, 토털 커머스 마케팅 체계를 강화해 나갈 계획이다. 이재석 카페24 대표는...","카페24 토털 커머스 마케팅 도입 브랜드 매출 광고 효율 동반 개선","40430","","0","음식료","4","N","2026-06-16 15:33:06","2026-06-16 15:43:57","2026-06-16 15:33:06","2026-06-16 15:43:57"
"23827","대구 남구청 '골목형상점가 지원사업' 삐끗…지난해 지급 지연 이어 올...","","대구 남구청 골목형상점가 지원사업 삐끗 지난해 지급 지연 이어 올","40431","","0","","1","N","2026-06-16 15:33:06","2026-06-16 15:33:06","2026-06-16 15:33:06",""
"23828","'같이 삽시다' 황신혜-신계숙-양정아, 첫 아침 식사부터 충돌?!","","같이 삽시다 황신혜 신계숙 양정아 첫 아침 식사부터 충돌","40432","","0","","1","N","2026-06-16 15:33:06","2026-06-16 15:33:06","2026-06-16 15:33:06",""
"23829","민주당 주도 서울시의회, ‘TBS·한강버스’ 오세훈표 정책들 제동 거나...","","민주당 주도 서울시의회 tbs 한강버스 오세훈표 정책들 제동 거나","40433","","0","","2","N","2026-06-16 15:33:06","2026-06-16 15:33:07","2026-06-16 15:33:06",""
"23830","강기정 시장 광주시의회 제344회 임시회 본회의 참석 추가경정예산 제안...","","강기정 시장 광주시의회 제344회 임시회 본회의 참석 추가경정예산 제안","40434","","0","","1","N","2026-06-16 15:33:06","2026-06-16 15:33:06","2026-06-16 15:33:06",""
"23831","경주시의회, 제10대 의회 출범 준비 본격화","","경주시의회 제10대 의회 출범 준비 본격화","40436","","0","","1","N","2026-06-16 15:33:06","2026-06-16 15:33:06","2026-06-16 15:33:06",""
"23832","""청년이 직접 만든다""…전북 청년의 날 축제 기획단 모집","","청년이 직접 만든다 전북 청년의 날 축제 기획단 모집","40438","","0","","1","N","2026-06-16 15:33:06","2026-06-16 15:33:06","2026-06-16 15:33:06",""
"23833","군산시 시민참여예산 시민위원회 운영 행보 본격화","","군산시 시민참여예산 시민위원회 운영 행보 본격화","40439","","0","","1","N","2026-06-16 15:33:06","2026-06-16 15:33:06","2026-06-16 15:33:06",""
"23834","강진군, 물 복지 사각지대 해소 속도","","강진군 물 복지 사각지대 해소 속도","40440","","0","","1","N","2026-06-16 15:33:06","2026-06-16 15:33:06","2026-06-16 15:33:06",""
"23835","[POP!신제품] 크라운제과, 신제품 '초코츄러스' 출시...라인업 확장 外","","pop 신제품 크라운제과 신제품 초코츄러스 출시 라인업 확장","40441","","0","","2","N","2026-06-16 15:33:06","2026-06-16 15:43:50","2026-06-16 15:33:06",""
"23836","[NDC 2026] 매일 5천만 명이 찾는 '듀오링고'의 비밀…“학습을 지속시키...","","ndc 2026 매일 5천만 명이 찾는 듀오링고 의 비밀 학습을 지속시키","40442","","0","","2","N","2026-06-16 15:33:06","2026-06-16 15:33:11","2026-06-16 15:33:06",""
"23837","원청 '진짜 사장' 판단 재심 줄줄이…""소송전으로 장기화 우려""","","원청 진짜 사장 판단 재심 줄줄이 소송전으로 장기화 우려","40443","","0","반도체","8","N","2026-06-16 15:33:06","2026-06-16 15:43:49","2026-06-16 15:33:06",""
"23838","[위키만평] 정청래의 노이즈 캔슬링","","위키만평 정청래의 노이즈 캔슬링","40444","","0","","1","N","2026-06-16 15:33:07","2026-06-16 15:33:07","2026-06-16 15:33:07",""
"23839","'6·3 부실선거' 국정조사 받는다... 여야, 18일 본회의 처리","","6 3 부실선거 국정조사 받는다 여야 18일 본회의 처리","40445","","0","","1","N","2026-06-16 15:33:07","2026-06-16 15:33:07","2026-06-16 15:33:07",""
"23840","""제주는 세계 잇는 관문"" 강기훈 한국외대 총장, 고향 찾아 직접 입시 설...","","제주는 세계 잇는 관문 강기훈 한국외대 총장 고향 찾아 직접 입시 설","40447","","0","","3","N","2026-06-16 15:33:07","2026-06-16 15:33:07","2026-06-16 15:33:07",""
"23841","여당 당권주자 행보에 촉각…정청래 연임 도전 무게, 김민석 · 송영길 ...","","여당 당권주자 행보에 촉각 정청래 연임 도전 무게 김민석 송영길","40448","","0","","1","N","2026-06-16 15:33:07","2026-06-16 15:33:07","2026-06-16 15:33:07",""
"23842","황운하 의원 ""행정 편의주의…참정권 침해 결코 용납될 수 없다""","","황운하 의원 행정 편의주의 참정권 침해 결코 용납될 수 없다","40449","","0","","1","N","2026-06-16 15:33:07","2026-06-16 15:33:07","2026-06-16 15:33:07",""
"23843","손훈모 인수위 소각장 TF 출범…공약 이행인가, 현실적 출구전략인가","","손훈모 인수위 소각장 tf 출범 공약 이행인가 현실적 출구전략인가","40450","","0","","1","N","2026-06-16 15:33:07","2026-06-16 15:33:07","2026-06-16 15:33:07",""
"23844","전화식 성주군수 당선인 ""군민이 체감하는 변화와 성과 만들어낼 것""","","전화식 성주군수 당선인 군민이 체감하는 변화와 성과 만들어낼 것","40451","","0","","1","N","2026-06-16 15:33:07","2026-06-16 15:33:07","2026-06-16 15:33:07",""
"23845","세운4구역 재개발 또 제동…종로구청장 당선인 인가 중단 요구","이번 지방선거에서 국민의힘 소속 정문헌 구청장이 낙선하자 세운4구역 재개발 사업에 대한 정책 변화가 예상됐다. 세운4구역은 노후화가 심한 지역임에도 사업성 부족으로 재개발이 지지부진했다. 최근 서울시가 고도...","세운4구역 재개발 또 제동 종로구청장 당선인 인가 중단 요구","40453","","0","","1","N","2026-06-16 15:33:07","2026-06-16 15:33:07","2026-06-16 15:33:07",""
"23846","""지방선거는 한국인만 투표하게 하라""···국민 청원 5.7만명 동의","국내 외국인에게 부여된 지방선거 투표권을 전면 폐지해 달라는 국민동의청원이 5만명 이상의 동의를 얻어 국회 소관 상임위원회에 회부됐다. 16일 국회에 따르면 '대한민국 내 모든 선거에 대한 외국인 투표 참여 금지...","지방선거는 한국인만 투표하게 하라 국민 청원 5 7만명 동의","40454","","0","","1","N","2026-06-16 15:33:07","2026-06-16 15:33:07","2026-06-16 15:33:07",""
"23847","제12대 경기도의회 전반기 의장 사실상 남종섭으로 확정... 박옥분 불출...","의장 선거 불출마 선언을 했다. '유이 4선'중 한 명인 박 의원이 불출마선언을 하게 되면서 전반기 의장은 사실상 남종섭 의원으로 확정된 것과 다름없게 됐다. 박 의원은 16일 경기도의회 3층 기자회견실에서 의장 선거와...","제12대 경기도의회 전반기 의장 사실상 남종섭으로 확정 박옥분 불출","40455","","0","","1","N","2026-06-16 15:33:07","2026-06-16 15:33:07","2026-06-16 15:33:07",""
"23848","""갈라치기""라지만 커지는 균열 … 민주당 전대 앞 친명·친청 충돌","정 대표는 지방선거 이후 첫 최고위원회의가 열린 지난 11일 ""국민은 영원하고 정권은 짧다""고 발언했다가 당내외 비판을 불러일으켰다. 이와 관련해 지방선거 결과에 대해 책임을 통감한다며 최고위원직을 사퇴한 이언주...","갈라치기 라지만 커지는 균열 민주당 전대 앞 친명 친청 충돌","40456","","0","","1","N","2026-06-16 15:33:07","2026-06-16 15:33:07","2026-06-16 15:33:07",""
"23849","""원칙과 상식 통하는 의회 만들겠다""…조미옥, 수원시의회 의장 도전","조미옥 의원이 제13대 수원특례시의회 전반기 의장 선거 출마를 공식 선언한다. 제13대 수원특례시의회 전반기 의장 선거가 본격적인 경쟁 국면에 접어든 가운데 더불어민주당 소속 3선 조미옥 의원은 오는 17일 오전 10시...","원칙과 상식 통하는 의회 만들겠다 조미옥 수원시의회 의장 도전","40457","","0","","1","N","2026-06-16 15:33:07","2026-06-16 15:33:07","2026-06-16 15:33:07",""
"23850","국힘 선거소청에 오세훈·한동훈 ""자리보전용 정략"" 일갈","이번 지방선거의 국민 참정권 훼손 사태에 대해 국민의힘이 6개 지역(서울, 부산, 인천, 광주, 전남, 울산, 경기도 등)에 대해 선거소청을 제기하기로 결정했다. 이를 두고 한동훈 무소속 의원은 ""정치적 연명 수단""이라고...","국힘 선거소청에 오세훈 한동훈 자리보전용 정략 일갈","40458","","0","","1","N","2026-06-16 15:33:07","2026-06-16 15:33:07","2026-06-16 15:33:07",""
"23851","LGU+, 이용자 보호·서비스 평가 '두각'...AI 데이터 기반 개선 가속","","lgu 이용자 보호 서비스 평가 두각 ai 데이터 기반 개선 가속","40459","","0","통신","4","N","2026-06-16 15:33:07","2026-06-16 15:43:34","2026-06-16 15:33:07",""
"23852","“도와줘요” 외치면 AI가 알아서 경찰에 신고해준다","","도와줘요 외치면 ai가 알아서 경찰에 신고해준다","40460","","0","","3","N","2026-06-16 15:33:07","2026-06-16 15:33:12","2026-06-16 15:33:07",""
"23853","제이엘케이, 이달 22일 한·일 뇌졸중 AI 심포지엄 개최","","제이엘케이 이달 22일 한 일 뇌졸중 ai 심포지엄 개최","40461","","0","","3","N","2026-06-16 15:33:07","2026-06-16 15:33:08","2026-06-16 15:33:07",""
"23854","창원특례시, 지능형 CCTV 활용'통학로 안전지킴이' 확대 운영","","창원특례시 지능형 cctv 활용 통학로 안전지킴이 확대 운영","40462","","0","","2","N","2026-06-16 15:33:07","2026-06-16 15:33:07","2026-06-16 15:33:07",""
"23855","AI·의료·국방 연구자료 노렸다…中 해커 미국에 1년 넘게 침투","","ai 의료 국방 연구자료 노렸다 해커 미국에 1년 넘게 침투","40464","","0","","3","N","2026-06-16 15:33:07","2026-06-16 15:33:11","2026-06-16 15:33:07",""
"23856","한국투자증권, 국태해통증권과 '한·중 투자 포럼' 개최","포럼에서는 인공지능(AI), 로봇, 자동차, 정보기술(IT) 등 중국 핵심 산업의 성장 전망과 투자 기회가 소개된다. 비야디(BYD), 레노버 등 중국 대표 기업들도 참여해 글로벌 사업 전략을 설명한다. 동시에 중국...","한국투자증권 국태해통증권과 한 중 투자 포럼 개최","40465","","0","자동차,IT","9","N","2026-06-16 15:33:07","2026-06-16 15:43:34","2026-06-16 15:33:07","2026-06-16 15:33:08"
"23857","[포토뉴스] 어느 날 숫자가 말했다, 쌓아만 둔 데이터 이제 꺼낼 시간이...","","포토뉴스 어느 날 숫자가 말했다 쌓아만 둔 데이터 이제 꺼낼 시간이","40466","","0","IT","4","N","2026-06-16 15:33:07","2026-06-16 15:33:11","2026-06-16 15:33:07",""
"23858","""원작 감성까지 살린다""...일레븐랩스, 신규 AI 더빙 모델 출시","","원작 감성까지 살린다 일레븐랩스 신규 ai 더빙 모델 출시","40467","","0","","4","N","2026-06-16 15:33:07","2026-06-16 15:33:12","2026-06-16 15:33:07",""
"23859","부산대 등 6개 대학, Future IoT 가전 아카데미 통해 AX 실전 인재 양성","부산대학교 공학교육혁신센터는 AX(AI 전환) 시대에 대응하는 AI(인공지능)·IoT(사물인터넷) 융합형 미래 인재 양성을 위해 부산·경남 지역 6개 대학 컨소시엄이 구성한 'Future IoT 가전 아카데미'를 5년째 올해도...","부산대 등 6개 대학 future iot 가전 아카데미 통해 ax 실전 인재 양성","40469","","0","","2","N","2026-06-16 15:33:07","2026-06-16 15:33:12","2026-06-16 15:33:07",""
"23860","[유리기판 대전] 삼성, '지분·합작'으로 판 키운다…JWMT·스미토모와 ...","삼성이 차세대 인공지능(AI) 반도체 패키징 소재인 유리기판 사업에 속도를 내고 있다. 지분 투자와 합작법인 설립, 핵심 소재 공급망 구축을 동시에 추진하며 유리기판 상업화 채비를 본격화하는 모습이다. 16일 업계에...","유리기판 대전 삼성 지분 합작 으로 판 키운다 jwmt 스미토모와","40470","","0","반도체","3","N","2026-06-16 15:33:07","2026-06-16 15:33:11","2026-06-16 15:33:07",""
"23861","평택시, 19일 ‘일자리 박람회’ 개최…반도체 등 44개사 866명 채용","취업지원관에서는 관련기관 홍보, 취업 상담, 프레디저 카드를 활용한 심리·적성검사, 직무 컨설팅, 인공지능(AI) 기반 증명사진 촬영과 이력서 작성 지원 등이 제공된다. 무료 증명사진 촬영, 맞춤 색상(퍼스널 컬러)...","평택시 19일 일자리 박람회 개최 반도체 등 44개사 866명 채용","40473","","0","반도체,기계","4","N","2026-06-16 15:33:07","2026-06-16 15:33:12","2026-06-16 15:33:07","2026-06-16 15:33:12"
"23862","""화장실이 침대로 찾아온다""…650만원짜리 AI 로봇 변기 등장","화장실을 가고 싶은 사람에게 스스로 이동하는 인공지능(AI) 기반 로봇 변기가 중국에서 공개돼 눈길을 끌고 있다. 고령자와 거동이 불편한 장애인, 재활 환자의 이동 부담을 줄여줄 수 있다는 기대감이 나온다....","화장실이 침대로 찾아온다 650만원짜리 ai 로봇 변기 등장","40474","","0","","2","N","2026-06-16 15:33:07","2026-06-16 15:33:08","2026-06-16 15:33:07",""
"23863","""전력·발열 문제 풀자""…레노버가 제시한 AI 인프라 해법은","레노버가 인공지능(AI) 데이터센터 전력 소비와 발열 문제를 해결하기 위한 저전력 고성능 인프라 전략을 제시한다. 레노버 글로벌 테크놀로지 코리아(ISG)는 17일 파르나스 서울에서 열리는 '컨버전스 인사이트...","전력 발열 문제 풀자 레노버가 제시한 ai 인프라 해법은","40476","","0","","2","N","2026-06-16 15:33:07","2026-06-16 15:33:08","2026-06-16 15:33:07",""
"23864","[NDC 26] 게임 내러티브 기획에서 생성형 AI 활용과 인간의 재미 판단","","ndc 26 게임 내러티브 기획에서 생성형 ai 활용과 인간의 재미 판단","40478","","0","게임","2","N","2026-06-16 15:33:07","2026-06-16 15:33:11","2026-06-16 15:33:07",""
"23865","“‘@chatGPT’ 주변 맛집 검색해줘”…카카오, 채팅방 챗GPT 챗봇 기능 ...","","chatgpt 주변 맛집 검색해줘 카카오 채팅방 챗gpt 챗봇 기능","40480","","0","","1","N","2026-06-16 15:33:07","2026-06-16 15:33:07","2026-06-16 15:33:07",""
"23866","민선 9기 출범 앞둔 고령군…'젊은 고령, 힘 있는 고령' 성과 잇고 과제...","","민선 9기 출범 앞둔 고령군 젊은 고령 힘 있는 고령 성과 잇고 과제","40481","","0","","1","N","2026-06-16 15:33:07","2026-06-16 15:33:07","2026-06-16 15:33:07",""
"23867","동서대, '제1회 Busan Contents Festival' 성료","","동서대 제1회 busan contents festival 성료","40482","","0","게임","2","N","2026-06-16 15:33:07","2026-06-16 15:33:11","2026-06-16 15:33:07",""
"23868","부산 화학소재산업 고부가가치 전환…BISTEP, 전문가와 머리 맞대","","부산 화학소재산업 고부가가치 전환 bistep 전문가와 머리 맞대","40483","","0","화학","3","N","2026-06-16 15:33:07","2026-06-16 15:33:12","2026-06-16 15:33:07",""
"23869","[산업 Pick] 고려아연·한전KDN·두산연강재단, 인재육성 투자로 성장 동...","","산업 pick 고려아연 한전kdn 두산연강재단 인재육성 투자로 성장 동","40484","","0","","3","N","2026-06-16 15:33:07","2026-06-16 15:33:14","2026-06-16 15:33:07",""
"23870","LG엔솔, 테슬라 훈풍에 실적 '턴어라운드' 기대감","","lg엔솔 테슬라 훈풍에 실적 턴어라운드 기대감","40485","","0","","4","N","2026-06-16 15:33:07","2026-06-16 15:43:34","2026-06-16 15:33:07",""
"23871","금속노조 정부에 노동존중 산업정책 촉구","","금속노조 정부에 노동존중 산업정책 촉구","40487","","0","반도체,바이오","2","N","2026-06-16 15:33:07","2026-06-16 15:33:09","2026-06-16 15:33:07",""
"23872","중국, 세계 최대 태양광·수소·저장 프로젝트 완공","","중국 세계 최대 태양광 수소 저장 프로젝트 완공","40488","","0","","2","N","2026-06-16 15:33:07","2026-06-16 15:33:11","2026-06-16 15:33:07",""
"23873","""전기차·HEV 틈새공략""…토요타, RAV4로 PHEV 시장 공략","","전기차 hev 틈새공략 토요타 rav4로 phev 시장 공략","40489","","0","","4","N","2026-06-16 15:33:07","2026-06-16 15:43:34","2026-06-16 15:33:07",""
"23874","KETI, 해양배터리 데이터 관리 플랫폼·안정성 평가 기준 개발 나서","","keti 해양배터리 데이터 관리 플랫폼 안정성 평가 기준 개발 나서","40490","","0","","1","N","2026-06-16 15:33:07","2026-06-16 15:33:07","2026-06-16 15:33:07",""
"23875","""더 멀리 가고 더 빨리 채운다""···토요타, 6세대 라브4 선봬","","더 멀리 가고 더 빨리 채운다 토요타 6세대 라브4 선봬","40491","","0","","3","N","2026-06-16 15:33:07","2026-06-16 15:43:34","2026-06-16 15:33:07",""
"23876","여름철 빗길 안전 운전법 제시…한국타이어 ""트레드 3mm에서 교체 권장...","티스테이션은 무상 점검(타이어 마모·공기압·엔진오일·배터리·워셔액), 온라인 쇼핑몰 '티스테이션닷컴'을 통한 구매·장착 예약, 12·24개월 무이자 할부, 구매 후 1년간 파손 보상, 휴일 교체 서비스 등을 운영한다. 또...","여름철 빗길 안전 운전법 제시 한국타이어 트레드 3mm에서 교체 권장","40494","","0","","1","N","2026-06-16 15:33:08","2026-06-16 15:33:08","2026-06-16 15:33:08",""
"23877","영남이공대, 자동차 경매·매매·정비 분야 산학협력 강화","","영남이공대 자동차 경매 매매 정비 분야 산학협력 강화","40496","","0","자동차","2","N","2026-06-16 15:33:08","2026-06-16 15:33:08","2026-06-16 15:33:08",""
"23878","HD현대, 수중로봇으로 선박 관리한다...선체 통합 솔루션 개발 나서","HD현대가 로봇과 데이터를 활용해 선체 상태 진단부터 클리닝, 성능 검증까지 전 과정을 자동화하는 통합 관리 플랫폼 개발에 나선다. 수중로봇과 실시간 운항 데이터를 결합해 선체 상태를 상시 관리하고 연료 효율을...","hd현대 수중로봇으로 선박 관리한다 선체 통합 솔루션 개발 나서","40502","","0","","3","N","2026-06-16 15:33:08","2026-06-16 15:33:10","2026-06-16 15:33:08",""
"23879","스튜디오랩, 'SuperAI 2026' 제네시스 대회 최종 3위…애저 크레딧 25만 ...","핵심 제품인 젠시(GENCY)는 제품 사진을 입력하면 섬네일·상세페이지·A+ 콘텐츠를 60초 이내에 생성하는 AI SaaS이며, 젠시 PB(GENCY PB)는 로봇이 피사체를 자율적으로 촬영하는 AI 로보틱스 촬영 솔루션(RaaS)이다....","스튜디오랩 superai 2026 제네시스 대회 최종 3위 애저 크레딧 25만","40504","","0","엔터테인먼트","1","N","2026-06-16 15:33:08","2026-06-16 15:33:08","2026-06-16 15:33:08",""
"23880","서울성모병원, 고난도 신장암 '단일공 로봇' 수술 성공…국내 최초","단일공 로봇수술을 이용해 하대정맥 혈전을 동반한 고령 신장암 환자 수술에 성공했다. 신장암 절제와 함께 몸에서 가장 큰 정맥인 하대정맥을 침범한 혈전까지 제거한 사례로, 단일공 로봇수술로 해당 수술을 시행한...","서울성모병원 고난도 신장암 단일공 로봇 수술 성공 국내 최초","40505","","0","","3","N","2026-06-16 15:33:08","2026-06-16 15:43:49","2026-06-16 15:33:08",""
"23881","NC AI, MBC와 K-미디어 AI 혁신 지원","한편, NC AI는 현대로템과 컨소시엄을 구성해 국방과학연구소(ADD)가 발주한 ‘피지컬 AI 기반 통합 시뮬레이터 및 모듈형 로봇 시스템’ 국책 연구개발 과제의 최종 사업자로 선정됐다.","nc ai mbc와 k 미디어 ai 혁신 지원","40507","","0","","1","N","2026-06-16 15:33:08","2026-06-16 15:33:08","2026-06-16 15:33:08",""
"23882","광진구, 유망기업 지원 ‘투자유치 데모데이’ 개최","특히 광진경제허브센터 입주기업인 맘스테이, 딥팜과 졸업기업 헬퍼로보틱스 등이 인공지능(AI), 스마트축산, 로봇 등의 혁신기술을 선보였다. 이날 김경호 구청장은 행사에 참석해 신용보증기금 네스트 시설을 둘러보고...","광진구 유망기업 지원 투자유치 데모데이 개최","40509","","0","사료","1","N","2026-06-16 15:33:08","2026-06-16 15:33:08","2026-06-16 15:33:08",""
"23883","건설기술인協, 예비건설기술인 위한 스마트 건설기술 교육","주요 내용은 BIM, 건설안전, 건설로봇, 드론, 모듈러 건축, 생성형 AI 기반 설계 및 데이터 분석 등 현장 적용성이 높은 스마트 건설기술 중심으로 구성됐다. 또한 현직 전문가들이 강사로 참여해 실제 현장에서 활용되는...","건설기술인 예비건설기술인 위한 스마트 건설기술 교육","40510","","0","건설","1","N","2026-06-16 15:33:08","2026-06-16 15:33:08","2026-06-16 15:33:08",""
"23884","[에듀플러스]한양대 조기춘 교수팀, 최고 AI 학회 'CVPR 2026' 자율주행 ...","","에듀플러스 한양대 조기춘 교수팀 최고 ai 학회 cvpr 2026 자율주행","40515","","0","자동차","2","N","2026-06-16 15:33:08","2026-06-16 15:33:09","2026-06-16 15:33:08",""
"23885","[피플] 김현규 손해사정사 ""보험금 청구도 정보 격차…농촌 고령층 '약...","","피플 김현규 손해사정사 보험금 청구도 정보 격차 농촌 고령층 약","40516","","0","","2","N","2026-06-16 15:33:08","2026-06-16 15:33:09","2026-06-16 15:33:08",""
"23886","에너지공단, 아시아클린에너지포럼서 '햇빛소득마을' 아태지역 확산 제...","","에너지공단 아시아클린에너지포럼서 햇빛소득마을 아태지역 확산 제","40517","","0","","1","N","2026-06-16 15:33:08","2026-06-16 15:33:08","2026-06-16 15:33:08",""
"23887","AI 서버가 쓸어담는다…MLCC·동박까지 '품귀'","시장에 따르면 롯데에너지머티리얼즈의 AI 데이터센터용 회로박 판매량은 지난해 2500톤에서 올해 5000톤으로 두 배 가까이 증가할 전망이다. 회사는 전북 익산공장 일부 라인을 AI용 회로박 생산으로 전환한데 이어...","ai 서버가 쓸어담는다 mlcc 동박까지 품귀","40522","","0","","2","N","2026-06-16 15:33:09","2026-06-16 15:33:14","2026-06-16 15:33:09",""
"23888","삼성전자, 내년 갤럭시S27에 BOE OLED 적용 여부 불투명","","삼성전자 내년 갤럭시s27에 boe oled 적용 여부 불투명","40526","","0","","2","N","2026-06-16 15:33:09","2026-06-16 15:33:09","2026-06-16 15:33:09",""
"23889","용인교육지원청, 반도체마이스터고등학교 지정 최종 확정...2028년 3월 개...","","용인교육지원청 반도체마이스터고등학교 지정 최종 확정 2028년 3월 개","40528","","0","반도체","1","N","2026-06-16 15:33:09","2026-06-16 15:33:09","2026-06-16 15:33:09",""
"23890","부산교육청, 미래 인재 육성·소외 계층 지원 적극 나선다","","부산교육청 미래 인재 육성 소외 계층 지원 적극 나선다","40530","","0","반도체","1","N","2026-06-16 15:33:09","2026-06-16 15:33:09","2026-06-16 15:33:09",""
"23891","전북도의회 전반기 민주당 원내대표에 정종복 의원 선출","새만금 반도체 클러스터 유치, 첨단 방위산업 육성, 제2차 공공기관 전북 유치 등 대형 국책사업 및 미래첨단산업 유치·육성 등이다. 그는 전북도정과의 관계에 대해 ""협조할 것은 전폭적으로 돕되, 잘못된 방향은 강력히...","전북도의회 전반기 민주당 원내대표에 정종복 의원 선출","40532","","0","반도체","1","N","2026-06-16 15:33:09","2026-06-16 15:33:09","2026-06-16 15:33:09",""
"23892","완도군, 'K-해양바이오' 청년 창업 결실","","완도군 k 해양바이오 청년 창업 결실","40534","","0","바이오","3","N","2026-06-16 15:33:09","2026-06-16 15:33:10","2026-06-16 15:33:09",""
"23893","[패트롤]횡성군-홍천군","","패트롤 횡성군 홍천군","40535","","0","바이오","3","N","2026-06-16 15:33:09","2026-06-16 15:33:12","2026-06-16 15:33:09",""
"23894","환경공단, 말레이시아와 바이오가스 기반 탄소중립 협력 확대","","환경공단 말레이시아와 바이오가스 기반 탄소중립 협력 확대","40536","","0","바이오","2","N","2026-06-16 15:33:09","2026-06-16 15:33:09","2026-06-16 15:33:09","2026-06-16 15:33:09"
"23895","16년 만의 재선 쾌거 홍천군, 민선 9기 청사진 쫙 편다… '5+6+1' 정책 정...","","16년 만의 재선 쾌거 홍천군 민선 9기 청사진 쫙 편다 5 6 1 정책 정","40539","","0","바이오","2","N","2026-06-16 15:33:09","2026-06-16 15:33:12","2026-06-16 15:33:09",""
"23896","남동소방서, 차량용 소화기 비치 의무 이행 당부","이에 따라 운전자는 '자동차 겸용' 표시가 있는 분말 소화기를 운전석 또는 조수석 아래 등 손이 쉽게 닿는... 반드시 ‘자동차 겸용’ 표시를 확인해야 한다. 나기성 서장은 “차량용 소화기 하나가 소중한 생명과 재산을...","남동소방서 차량용 소화기 비치 의무 이행 당부","40543","","0","자동차","1","N","2026-06-16 15:33:09","2026-06-16 15:33:09","2026-06-16 15:33:09",""
"23897","‘결혼 8년’ 한채아, 차세찌와 각방… 이유는?","일반적인 코골이 소음은 50~60dB 수준이며, 심한 경우 자동차 경적 소리와 비슷한 70~80dB까지 올라갈 수 있다. 세계보건기구(WHO)는 ‘유럽 야간 소음 가이드라인’을 통해 40dB 이상의 야간 소음이 수면을 방해하고 건강에...","결혼 8년 한채아 차세찌와 각방 이유는","40545","","0","자동차","1","N","2026-06-16 15:33:09","2026-06-16 15:33:09","2026-06-16 15:33:09",""
"23898","김천대 RISE사업단, NMF2026 김천 모터컬처 페스타 참가","앞으로도 다양한 연령층이 즐길 수 있는 건강한 자동차 문화 행사로 자리 잡길 바란다""고 말했다. 배낙호 김천시장은 ""이번 축제에 보내주신 시민들과 관람객들의 뜨거운 성원에 감사드린다""며 ""단순히 산업 육성을 넘어...","김천대 rise사업단 nmf2026 김천 모터컬처 페스타 참가","40546","","0","자동차","2","N","2026-06-16 15:33:09","2026-06-16 15:33:09","2026-06-16 15:33:09","2026-06-16 15:33:09"
"23899","화성시, 자동차세 408억 원 부과…전년 대비 증가","화성특례시청 전경.[사진=화성시] 화성특례시가 2026년 제1기분 자동차세로 총 408억원 규모를... 과세 대상은 6월 1일 기준 자동차와 일부 건설기계 125cc초과 이륜차 등이 포함되며 이미 연납한 차량은 제외됩니다....","화성시 자동차세 408억 원 부과 전년 대비 증가","40548","","0","자동차","3","N","2026-06-16 15:33:09","2026-06-16 15:33:12","2026-06-16 15:33:09",""
"23900","군산소방서, 자동차 종합정비업체 무허가 위험물 저장·취급 집중 단속","군산소방서가 자동차 종합정비업체의 무허가 위험물 저장·취급 행위를 근절하고 화재·폭발 등 안전사고를 예방하기 위해 오는 30일까지 관내 29개 업체를 대상으로 무허가 위험물 단속을 펼친다. 최근 자동차...","군산소방서 자동차 종합정비업체 무허가 위험물 저장 취급 집중 단속","40551","","0","자동차","1","N","2026-06-16 15:33:09","2026-06-16 15:33:09","2026-06-16 15:33:09",""
"23901","한국토요타자동차 콘야마 사장 ""RAV4, 고객의 카 라이프 맞춘 브랜드 철...","한국토요타자동차 콘야마 마나부 사장은 ""이번 모델이 한국 시장에서 자신에게 특별한 의미가 있다""고 밝히며, ""특히, RAV4 PHEV는 토요타 코리아 사장으로서 부임 후 처음으로 출시한 모델이자 개인적인 추억이 많은...","한국토요타자동차 콘야마 사장 rav4 고객의 카 라이프 맞춘 브랜드 철","40552","","0","자동차","1","N","2026-06-16 15:33:09","2026-06-16 15:33:09","2026-06-16 15:33:09",""
"23902","""디지털기술 결합으로 상담효율성 제고"" 하나손보, 2년연속 'KSQI 우수콜...","손해보험 자동차·장기일반 부문 '한국의 우수콜센터' 선정식을 했다. [사진 하나손보] 하나손해보험이... 이 회사는 한국능률협회컨설팅이 주관한 '2026 한국산업의 서비스품질지수' 평가에서 손해보험 자동차 및 장기...","디지털기술 결합으로 상담효율성 제고 하나손보 2년연속 ksqi 우수콜","40553","","0","자동차","1","N","2026-06-16 15:33:09","2026-06-16 15:33:09","2026-06-16 15:33:09",""
"23903","산업·의료 현장서 인정받은 '젤 방석'…학생·직장인과 만난다","이에 자동차 레이싱 분야에서는 장시간 진동과 하중이 집중되는 좌석의 부담을 줄이기 위한 시트 소재로 활용됐다. 중공업 생산 현장에서는 작업자의 피로를 낮추기 위한 장비에 채택됐다. 의료 영역에서는 구급차 이송 시...","산업 의료 현장서 인정받은 젤 방석 학생 직장인과 만난다","40554","","0","자동차","1","N","2026-06-16 15:33:09","2026-06-16 15:33:09","2026-06-16 15:33:09",""
"23904","임영웅, 웅탄절 맞아 또 선행... '기부 천사' 등극","","임영웅 웅탄절 맞아 또 선행 기부 천사 등극","40555","","0","조선","1","N","2026-06-16 15:33:09","2026-06-16 15:33:09","2026-06-16 15:33:09",""
"23905","과거를 이어 현재를 만들다··· 아틀리에 다린 'Urban Tradition' 팝업 개...","","과거를 이어 현재를 만들다 아틀리에 다린 urban tradition 팝업 개","40556","","0","조선","1","N","2026-06-16 15:33:10","2026-06-16 15:33:10","2026-06-16 15:33:10",""
"23906","이노션, 해운대 안전 캠페인으로 국제 광고상 수상","","이노션 해운대 안전 캠페인으로 국제 광고상 수상","40557","","0","조선","1","N","2026-06-16 15:33:10","2026-06-16 15:33:10","2026-06-16 15:33:10",""
"23907","문명7 DLC 예고...도요토미 VS 이순신 대결 성사","","문명7 dlc 예고 도요토미 vs 이순신 대결 성사","40558","","0","조선","3","N","2026-06-16 15:33:10","2026-06-16 15:33:11","2026-06-16 15:33:10",""
"23908","‘21세기 대군부인’ 블루레이 제작 무산…추진팀 “억측은 자제해달라...","","21세기 대군부인 블루레이 제작 무산 추진팀 억측은 자제해달라","40559","","0","조선","1","N","2026-06-16 15:33:10","2026-06-16 15:33:10","2026-06-16 15:33:10",""
"23909","한복의 품격을 세계로, 경북 전통문화 한류 이끈다","","한복의 품격을 세계로 경북 전통문화 한류 이끈다","40560","","0","조선","1","N","2026-06-16 15:33:10","2026-06-16 15:33:10","2026-06-16 15:33:10",""
"23910","작가 서예일, 20년 만에 장편소설 ‘나는 왕이 아니었다’ 출간","","작가 서예일 20년 만에 장편소설 나는 왕이 아니었다 출간","40561","","0","조선","1","N","2026-06-16 15:33:10","2026-06-16 15:33:10","2026-06-16 15:33:10",""
"23911","[2026 유통포럼] 박상협 틱톡코리아 파트너 “틱톡샵 경쟁 치열해져…6...","","2026 유통포럼 박상협 틱톡코리아 파트너 틱톡샵 경쟁 치열해져 6","40562","","0","조선","3","N","2026-06-16 15:33:10","2026-06-16 15:33:12","2026-06-16 15:33:10","2026-06-16 15:33:10"
"23912","대형 MMORPG가 몰려온다…넷마블·카카오게임즈·컴투스 격돌 예고","","대형 mmorpg가 몰려온다 넷마블 카카오게임즈 컴투스 격돌 예고","40563","","0","조선","1","N","2026-06-16 15:33:10","2026-06-16 15:33:10","2026-06-16 15:33:10",""
"23913","싸이터, '조선 기자재 사이버보안 역량 강화 캠페인' 추진","","싸이터 조선 기자재 사이버보안 역량 강화 캠페인 추진","40566","","0","조선","1","N","2026-06-16 15:33:10","2026-06-16 15:33:10","2026-06-16 15:33:10",""
"23914","전국 한시·서예인 1000명 사천 집결…'제15회 구암제' 성황","","전국 한시 서예인 1000명 사천 집결 제15회 구암제 성황","40567","","0","조선","1","N","2026-06-16 15:33:10","2026-06-16 15:33:10","2026-06-16 15:33:10",""
"23915","전북상협, 방산혁신클러스터 최종 선정 '환영'","","전북상협 방산혁신클러스터 최종 선정 환영","40568","","0","방산","1","N","2026-06-16 15:33:10","2026-06-16 15:33:10","2026-06-16 15:33:10",""
"23916","전북대-국방기술품질원 등 첨단방산 인재양성 맞손","","전북대 국방기술품질원 등 첨단방산 인재양성 맞손","40570","","0","방산","2","N","2026-06-16 15:33:10","2026-06-16 15:33:10","2026-06-16 15:33:10","2026-06-16 15:33:10"
"23917","[이슈] 한화에어로, 폭발 여파에 수출 납기 비상","","이슈 한화에어로 폭발 여파에 수출 납기 비상","40572","","0","방산","2","N","2026-06-16 15:33:10","2026-06-16 15:41:08","2026-06-16 15:33:10",""
"23918","강태영 NH농협은행장, 런던금융특구 시장과 금융협력 논의","","강태영 nh농협은행장 런던금융특구 시장과 금융협력 논의","40574","","0","금융","1","N","2026-06-16 15:33:10","2026-06-16 15:33:10","2026-06-16 15:33:10",""
"23919","노동부, 원헌드레드 처벌불원 강요 조사…""임금과 맞교환 안돼""","이어지면서 현재는 경영 여건이 악화한 것으로 전해졌다. 한편, 서울경찰청 금융범죄수사대는 최근 특정경제범죄 가중처벌법상 사기 등 혐의로 차 대표에 대한 구속영장을 신청했다. 검찰은 구속영장 청구를 검토 중이다.","노동부 원헌드레드 처벌불원 강요 조사 임금과 맞교환 안돼","40576","","0","금융","1","N","2026-06-16 15:33:10","2026-06-16 15:33:10","2026-06-16 15:33:10",""
"23920","중앙그룹 사태 유탄, BBB- 공모채 시장 통째로 사라졌다","국내 무보증 BBB-급 공모채 시장의 경우 시장 자체가 사실상 통째로 사라지는 상황에 직면하는 등 금융시장... 김상만 하나증권 연구원은 중앙그룹 채무에 대해 ""차입 구성은 금융기관 대출 1조2000억원, 시장성 조달...","중앙그룹 사태 유탄 bbb 공모채 시장 통째로 사라졌다","40577","","0","금융","1","N","2026-06-16 15:33:10","2026-06-16 15:33:10","2026-06-16 15:33:10",""
"23921","대전혁신센터, '딥테크 밸류업 밋업데이' 성료","신용보증기금은 금융보증 및 성장지원 제도 상담을 제공했으며 한국전자통신연구원(ETRI)은 공공기술 기반 기술연계 컨설팅을 통해 스타트업의 후속 사업화 가능성 제고를 지원했다. 대전혁신센터는 이번 밋업데이를...","대전혁신센터 딥테크 밸류업 밋업데이 성료","40579","","0","금융","2","N","2026-06-16 15:33:10","2026-06-16 15:33:12","2026-06-16 15:33:10",""
"23922","NH농협은행, WM 역량 강화·올원뱅크 생활서비스 확대","도입해 금융 앱 안에서 예약·결제·취소까지 처리할 수 있도록 했다. ◆ NH농협은행, 자산배분전략 세미나..... 농협은행은 금융시장 변동성이 커지는 상황에서 임직원 교육을 통해 고객 자산관리 대응력을 높인다는...","nh농협은행 wm 역량 강화 올원뱅크 생활서비스 확대","40580","","0","금융","1","N","2026-06-16 15:33:10","2026-06-16 15:33:10","2026-06-16 15:33:10",""
"23923","나이스 ""JTBC 등 중앙그룹 5개사 금융권 신용공여 규모 약 8천억원""","개별 금융회사로 보면 한양증권의 총자산 및 자본 대비 익스포저 규모가 가장 컸다. 한양증권의 실제 장부상 중앙그룹 계열사 관련 익스포저는 약 840억 원으로 나타났다. 지난 3월 말 한양증권의 자기자본 규모는 6...","나이스 jtbc 등 중앙그룹 5개사 금융권 신용공여 규모 약 8천억원","40581","","0","금융","5","N","2026-06-16 15:33:10","2026-06-16 15:41:24","2026-06-16 15:33:10","2026-06-16 15:41:24"
"23924","운행 중 화물차서 불…차량 1대 전소","","운행 중 화물차서 불 차량 1대 전소","40586","","0","사료","1","N","2026-06-16 15:33:10","2026-06-16 15:33:10","2026-06-16 15:33:10",""
"23925","""전기는 철강의 핏줄""…포항 철강업계, '전기료 감면'에 사활 건 이유","","전기는 철강의 핏줄 포항 철강업계 전기료 감면 에 사활 건 이유","40588","","0","철강","1","N","2026-06-16 15:33:10","2026-06-16 15:33:10","2026-06-16 15:33:10",""
"23926","세종시·충남도회, 농어촌공사 충남본부장과 간담회 가져","","세종시 충남도회 농어촌공사 충남본부장과 간담회 가져","40589","","0","건설","1","N","2026-06-16 15:33:11","2026-06-16 15:33:11","2026-06-16 15:33:11",""
"23927","유지안, 주상욱 딸 된다..'김부장'으로 드라마 데뷔","","유지안 주상욱 딸 된다 김부장 으로 드라마 데뷔","40590","","0","건설","1","N","2026-06-16 15:33:11","2026-06-16 15:33:11","2026-06-16 15:33:11",""
"23928","'마천5구역' 시공사 선정 유찰, '단독 도급·브랜드 조건' 부담","지난 4월 현장설명회에 6개 건설사가 참석했지만 최종 제안과 보증금 납부 단계로 이어지지 않았다.... 현장설명회에는 현대건설, DL이앤씨, 롯데건설, IPARK현대산업개발, 금호건설, 제일건설 등 6개사가 참석했다....","마천5구역 시공사 선정 유찰 단독 도급 브랜드 조건 부담","40591","","0","건설","9","N","2026-06-16 15:33:11","2026-06-16 15:43:21","2026-06-16 15:33:11","2026-06-16 15:43:21"
"23929","벼·참깨 등 한국 씨앗 6000점 북극에 저장…농진청, 스발바르 기탁","","벼 참깨 등 한국 씨앗 6000점 북극에 저장 농진청 스발바르 기탁","40592","","0","건설","1","N","2026-06-16 15:33:11","2026-06-16 15:33:11","2026-06-16 15:33:11",""
"23930","청도군, 6월 정기분 자동차세 20억8000만원 부과","","청도군 6월 정기분 자동차세 20억8000만원 부과","40593","","0","건설","2","N","2026-06-16 15:33:11","2026-06-16 15:33:12","2026-06-16 15:33:11",""
"23931","7조원대 성수 재개발 본격화…구역별 셈법은 복잡","","7조원대 성수 재개발 본격화 구역별 셈법은 복잡","40595","","0","건설","2","N","2026-06-16 15:33:11","2026-06-16 15:33:14","2026-06-16 15:33:11",""
"23932","호르무즈 열렸다고? 국제해운업계 ""운항재개 한달 걸려""","","호르무즈 열렸다고 국제해운업계 운항재개 한달 걸려","40596","","0","화학","1","N","2026-06-16 15:33:11","2026-06-16 15:33:11","2026-06-16 15:33:11",""
"23933","아직은 좀…지나가려니 무서워…'호르무즈 재개방 합의'에도 유조선 업...","","아직은 좀 지나가려니 무서워 호르무즈 재개방 합의 에도 유조선 업","40597","","0","화학","1","N","2026-06-16 15:33:11","2026-06-16 15:33:11","2026-06-16 15:33:11",""
"23934","XMF 2026, 글로벌 음악 교류 예고...""한일 대표 밴드 한자리에""","","xmf 2026 글로벌 음악 교류 예고 한일 대표 밴드 한자리에","40598","","0","엔터테인먼트","1","N","2026-06-16 15:33:11","2026-06-16 15:33:11","2026-06-16 15:33:11",""
"23935","서구, 재능 공유 '청년강사' 육성 프로그램 확대 운영","","서구 재능 공유 청년강사 육성 프로그램 확대 운영","40601","","0","IT","1","N","2026-06-16 15:33:11","2026-06-16 15:33:11","2026-06-16 15:33:11",""
"23936","‘11년 만의 신보’ 유성은, 박소이와 손잡고 컴백 신호탄","","11년 만의 신보 유성은 박소이와 손잡고 컴백 신호탄","40602","","0","IT","1","N","2026-06-16 15:33:11","2026-06-16 15:33:11","2026-06-16 15:33:11",""
"23937","'NDC26 개막' 넥슨 이정헌 ""AI시대, 게임개발 경쟁력은 이해·공감""","연결해서 새로운 가능성을 발견하길 바란다""고 말했다. 한편 NDC 2026에는 넥슨컴퍼니를 비롯해 ▲크래프톤 ▲NC(엔씨) AI ▲로블록스 ▲구글 딥마인드 등 국내외 게임사와 IT(정보기술) 기업 관계자들이 연사로 참여한다.","ndc26 개막 넥슨 이정헌 ai시대 게임개발 경쟁력은 이해 공감","40604","","0","IT","4","N","2026-06-16 15:33:11","2026-06-16 15:33:12","2026-06-16 15:33:11","2026-06-16 15:33:11"
"23938","Hyundai Motor ruling expands bargaining rights for subcontracted workers","Labor authorities have effectively determined that bargaining demands related to workplace safety and working conditions require the participation ...","hyundai motor ruling expands bargaining rights for subcontracted workers","40608","","0","IT","3","N","2026-06-16 15:33:11","2026-06-16 15:33:14","2026-06-16 15:33:11","2026-06-16 15:33:11"
"23939","한국폴리텍대학 서울강서캠퍼스, 퇴직금융인협회와 손잡고 ‘AI·금융’...","구체적인 업무 협약안에 따라 양 기관은 ▲재학생 대상 금융·경제 교육 및 진로 멘토링 ▲취업역량 강화 특강 및 컨설팅 지원 ▲AI·IT 교육 연계한 퇴직금융인 역량 활용 프로그램 개발 ▲지역사회 공헌 위한 공동사업...","한국폴리텍대학 서울강서캠퍼스 퇴직금융인협회와 손잡고 ai 금융","40609","","0","IT","1","N","2026-06-16 15:33:11","2026-06-16 15:33:11","2026-06-16 15:33:11",""
"23940","Korea’s naphtha supply to stabilize after Middle East truce","“Even with the Strait of Hormuz clearing, it will take at least three months for the changes to translate into actual raw material procurement and ...","korea s naphtha supply to stabilize after middle east truce","40610","","0","IT","1","N","2026-06-16 15:33:11","2026-06-16 15:33:11","2026-06-16 15:33:11",""
"23941","고양시, 농업인 역량 쑥! ‘2026 로컬푸드 순회 교육’ 본격 시동","It is assumed that there may be errors in the English translation.> Goyang City Boosts Farmers... Goyang City announced that it successfully held t...","고양시 농업인 역량 쑥 2026 로컬푸드 순회 교육 본격 시동","40611","","0","IT","1","N","2026-06-16 15:33:11","2026-06-16 15:33:11","2026-06-16 15:33:11",""
"23942","위세아이텍, ‘테일러드 전략’ 본격화…고객 특성 맞춤 AX 실행","획일적인 AI 적용 방식에서 벗어나 산업별 업무 프로세스와 데이터 수준, 기존 IT 인프라를 종합 분석해 최적화된 AX 모델을 제공하겠다는 것이다. 이 회사는 AI 모델 개발과 운영, 데이터 분석, 품질 관리, 메타데이터...","위세아이텍 테일러드 전략 본격화 고객 특성 맞춤 ax 실행","40613","","0","IT","1","N","2026-06-16 15:33:11","2026-06-16 15:33:11","2026-06-16 15:33:11",""
"23943","Eyes set on DP chair's future","“Regardless of whether the current leader runs again or not, I believe it would be desirable... “If it were me, I wouldn’t run,” he added. Jung has...","eyes set on dp chair s future","40614","","0","IT","1","N","2026-06-16 15:33:11","2026-06-16 15:33:11","2026-06-16 15:33:11",""
"23944","동아제약 '박카스', 여의도 IFC몰에 '지금 나를 재생' 팝업 운영","","동아제약 박카스 여의도 ifc몰에 지금 나를 재생 팝업 운영","40615","","0","게임","1","N","2026-06-16 15:33:11","2026-06-16 15:33:11","2026-06-16 15:33:11",""
"23945","MOU 타결 후에도 네타냐후 “군 철수 안 한다”···레바논에서는 교전...","","mou 타결 후에도 네타냐후 군 철수 안 한다 레바논에서는 교전","40616","","0","게임","2","N","2026-06-16 15:33:11","2026-06-16 15:33:12","2026-06-16 15:33:11",""
"23946","[GOAL 영덕] ‘훈련 뛰고 영상도 직접 편집’ 울산 김용대 코치, 韓 골키...","","goal 영덕 훈련 뛰고 영상도 직접 편집 울산 김용대 코치 골키","40617","","0","게임","1","N","2026-06-16 15:33:11","2026-06-16 15:33:11","2026-06-16 15:33:11",""
"23947","일레븐랩스, AI 더빙 모델 '더빙 v2' 출시 ··· 감정·톤 반영으로 퍼...","한국은 드라마, 영화, K팝, 웹툰·웹소설 기반 지식재산권(IP), 게임, 애니메이션, 버추얼 유튜버(VTuber)... 일레븐랩스는 더빙 v2가 드라마, 영화, 웹툰 및 애니메이션 IP, 게임, 인터랙티브 콘텐츠, VTuber 및 유튜브...","일레븐랩스 ai 더빙 모델 더빙 v2 출시 감정 톤 반영으로 퍼","40618","","0","게임","2","N","2026-06-16 15:33:11","2026-06-16 15:33:11","2026-06-16 15:33:11","2026-06-16 15:33:11"
"23948","넥슨, '크레이지 아케이드' 종료 이후 IP 확장 검토...새 활용 모색","","넥슨 크레이지 아케이드 종료 이후 ip 확장 검토 새 활용 모색","40619","","0","게임","1","N","2026-06-16 15:33:11","2026-06-16 15:33:11","2026-06-16 15:33:11",""
"23949","[게임브리핑] 크래프톤 렐루게임즈, '미메시스' 업데이트 외","16일 크래프톤 산하 크리에이티브 스튜디오 렐루게임즈는 4인 협동 공포 게임 '미메시스(MIMESIS)'의 첫 번째 대규모 업데이트를 진행했다고 밝혔다. 이번 업데이트는 얼리 액세스(Early Access) 기간 축적된 이용자 의견을...","게임브리핑 크래프톤 렐루게임즈 미메시스 업데이트 외","40620","","0","게임","2","N","2026-06-16 15:33:11","2026-06-16 15:33:11","2026-06-16 15:33:11","2026-06-16 15:33:11"
"23950","서울광장에서 열린 농촌여행 페스티벌","","서울광장에서 열린 농촌여행 페스티벌","40621","","0","게임","1","N","2026-06-16 15:33:11","2026-06-16 15:33:11","2026-06-16 15:33:11",""
"23951","MS, 엑스박스 스튜디오 구조조정 착수… 닌자 시어리 폐쇄 통보","","ms 엑스박스 스튜디오 구조조정 착수 닌자 시어리 폐쇄 통보","40623","","0","게임","1","N","2026-06-16 15:33:11","2026-06-16 15:33:11","2026-06-16 15:33:11",""
"23952","[NDC 26] 이정헌 넥슨 대표 ""AI는 경쟁 상대 아닌 도구, 주도적으로 활용...","문화처럼 게임을 둘러싸고 쌓여온 모든 것을 말한다. 강 대표는 오직 시간으로만 축적되는 이 자산을 '맥락... 행사 기간 판교 넥슨 사옥에서는 넥슨 IP 기반 게임아트 전시회 'NEXTAGE'가 개최된다. 이번 전시에는...","ndc 26 이정헌 넥슨 대표 ai는 경쟁 상대 아닌 도구 주도적으로 활용","40626","","0","게임","2","N","2026-06-16 15:33:11","2026-06-16 15:43:58","2026-06-16 15:33:11","2026-06-16 15:43:58"
"23953","민주콩고서 에볼라 사망자 181명으로 늘어…확산세 지속","","민주콩고서 에볼라 사망자 181명으로 늘어 확산세 지속","40628","","0","통신","1","N","2026-06-16 15:33:12","2026-06-16 15:33:12","2026-06-16 15:33:12",""
"23954","[미·이란 종전] ""트럼프, 한국기업 등 참여하는 이란 재건기금 추진""(종...","","미 이란 종전 트럼프 한국기업 등 참여하는 이란 재건기금 추진 종","40630","","0","통신","2","N","2026-06-16 15:33:12","2026-06-16 15:33:12","2026-06-16 15:33:12","2026-06-16 15:33:12"
"23955","""폰 바꿀 생각이라면 지금?""…삼성 20% 환급에 이통시장 '들썩'","","폰 바꿀 생각이라면 지금 삼성 20 환급에 이통시장 들썩","40631","","0","통신","1","N","2026-06-16 15:33:12","2026-06-16 15:33:12","2026-06-16 15:33:12",""
"23956","[김희철의 직업군인이야기(326)] 조준선을 정열하라(하)","","김희철의 직업군인이야기 326 조준선을 정열하라 하","40632","","0","통신","1","N","2026-06-16 15:33:12","2026-06-16 15:33:12","2026-06-16 15:33:12",""
"23957","해외 서버 성착취물 사이트 총책·운영자 구속","","해외 서버 성착취물 사이트 총책 운영자 구속","40633","","0","통신","2","N","2026-06-16 15:33:12","2026-06-16 15:41:08","2026-06-16 15:33:12",""
"23958","""농사지으며 국방의무 대신""…무주군, 후계농업경영인 산업기능요원 모...","","농사지으며 국방의무 대신 무주군 후계농업경영인 산업기능요원 모","40635","","0","통신","1","N","2026-06-16 15:33:12","2026-06-16 15:33:12","2026-06-16 15:33:12",""
"23959","'전통문화 체험의 장'... 제14회 하남단오축제 개막","하남단오축제는 전통과 현대가 조화를 이루는 지역 대표 행사로 자리매김하고 있으며, 하남문화원은 앞으로도 시민들이 함께 즐길 수 있는 전통문화 행사를 지속적으로 확대할 계획이다. 민영뉴스통신사 국제뉴스","전통문화 체험의 장 제14회 하남단오축제 개막","40636","","0","통신","1","N","2026-06-16 15:33:12","2026-06-16 15:33:12","2026-06-16 15:33:12",""
"23960","창원기계공고 졸업생들, 후배 위한 진로 특강 마련","","창원기계공고 졸업생들 후배 위한 진로 특강 마련","40637","","0","기계","1","N","2026-06-16 15:33:12","2026-06-16 15:33:12","2026-06-16 15:33:12",""
"23961","녹슨 목소리에 불을 붙이다","","녹슨 목소리에 불을 붙이다","40639","","0","기계","1","N","2026-06-16 15:33:12","2026-06-16 15:33:12","2026-06-16 15:33:12",""
"23962","포스코 포항제철소 에코팜봉사단, 직접 재배한 양파로 이웃사랑 실천","","포스코 포항제철소 에코팜봉사단 직접 재배한 양파로 이웃사랑 실천","40640","","0","기계","1","N","2026-06-16 15:33:12","2026-06-16 15:33:12","2026-06-16 15:33:12",""
"23963","한국수자원공사 포항권지사, 기계면에 화장지 기탁","한국수자원공사 포항권지사는 16일 포항시 북구 기계면 행정복지센터를 방문해 지역 내 소외계층 지원을... 최정훈 기계면장은 “매번 지역 주민들을 위해 따뜻한 나눔을 실천해 주시는 포항권지사 직원들에게...","한국수자원공사 포항권지사 기계면에 화장지 기탁","40642","","0","기계","1","N","2026-06-16 15:33:12","2026-06-16 15:33:12","2026-06-16 15:33:12",""
"23964","티웨이항공, 인천~구마모토 10% 할인...휴가철 항공권 예매 시작","티웨이항공 티웨이항공이 인천-구마모토 노선을 대상으로 특별 할인 프로모션을 진행한다. 이번 인천-구마모토 특별 할인 프로모션은 이달 28일까지 진행되며 해당 탑승 기간은 올해 10월 31일까지다. 선착순 특가...","티웨이항공 인천 구마모토 10 할인 휴가철 항공권 예매 시작","40643","","0","항공","2","N","2026-06-16 15:33:12","2026-06-16 15:43:52","2026-06-16 15:33:12","2026-06-16 15:43:52"
"23965","산림청, 산불 대응 성과 인정받아 행안부 특별성과 포상금·격려 전달받...","","산림청 산불 대응 성과 인정받아 행안부 특별성과 포상금 격려 전달받","40644","","0","항공","1","N","2026-06-16 15:33:12","2026-06-16 15:33:12","2026-06-16 15:33:12",""
"23966","옵서버스 전용 호출벨 6곳→26곳 늘어난다","","옵서버스 전용 호출벨 6곳 26곳 늘어난다","40645","","0","항공","1","N","2026-06-16 15:33:12","2026-06-16 15:33:12","2026-06-16 15:33:12",""
"23967","""빙수 케이크부터 고추장 김밥까지""... 파리바게뜨, 동남아 88개 매장 'K...","","빙수 케이크부터 고추장 김밥까지 파리바게뜨 동남아 88개 매장 k","40647","","0","항공","1","N","2026-06-16 15:33:12","2026-06-16 15:33:12","2026-06-16 15:33:12",""
"23968","[기업지배구조 보고서 톺아보기] 대한항공 품에 안긴 아시아나, 주주환...","아시아나항공 | 서울=한스경제 박정현 기자 | 아시아나항공이 대한항공 자회사 편입 이후 처음 공개한 기업지배구조보고서에서 핵심지표 준수율 53.3%를 기록했다. 이사회 운영과 내부통제 체계에서는 일정 수준의 개선...","기업지배구조 보고서 톺아보기 대한항공 품에 안긴 아시아나 주주환","40649","","0","항공","2","N","2026-06-16 15:33:12","2026-06-16 15:43:32","2026-06-16 15:33:12",""
"23969","[유통 브리핑] 롯데웰푸드, 대상, 에이피알","","유통 브리핑 롯데웰푸드 대상 에이피알","40650","","0","화장품","1","N","2026-06-16 15:33:12","2026-06-16 15:33:12","2026-06-16 15:33:12",""
"23970","오창혁신지원센터, 근린생활·업무시설 입주기업 모집","","오창혁신지원센터 근린생활 업무시설 입주기업 모집","40655","","0","바이오","1","N","2026-06-16 15:33:13","2026-06-16 15:33:13","2026-06-16 15:33:13",""
"23971","제약사, 약만 팔지 않는다…디지털·신약·만성질환으로 시장 넓힌다","","제약사 약만 팔지 않는다 디지털 신약 만성질환으로 시장 넓힌다","40657","","0","바이오","2","N","2026-06-16 15:33:13","2026-06-16 15:41:12","2026-06-16 15:33:13",""
"23972","제약보국(製藥報國)의 선도자(先導者)를 찾아서","","제약보국 의 선도자 를 찾아서","40658","","0","바이오","2","N","2026-06-16 15:33:13","2026-06-16 15:41:33","2026-06-16 15:33:13",""
"23973","글로벌 '큰손' 블랙록, 공시 기준 넘겨 '국장' 매집하는 이유","","글로벌 큰손 블랙록 공시 기준 넘겨 국장 매집하는 이유","40659","","0","반도체,바이오","2","N","2026-06-16 15:33:13","2026-06-16 15:43:36","2026-06-16 15:33:13",""
"23974","타임 선정 2026 세계 500대 영향력 기업…국내 제약바이오 다수 포함","전체 322위인 유한양행은 비소세포폐암 치료제 렉라자 상용화 실적을, 412위인 GC녹십자는 오랜 기간 필수 혈액제제와 백신을 공급해 온 점을 인정받아 명단에 진입했다. 종근당, 씨젠, 대웅제약, SK케미칼 역시 기업의...","타임 선정 2026 세계 500대 영향력 기업 국내 제약바이오 다수 포함","40662","","0","바이오","2","N","2026-06-16 15:33:13","2026-06-16 15:33:13","2026-06-16 15:33:13","2026-06-16 15:33:13"
"23975","[유한양행 창립 100주년]②안티푸라민에서 렉라자까지…유한양행, 신약...","유한양행 100년의 역사는 한국 제약산업 기술 자립의 역사와도 맞닿아 있다. 1933년 자체 개발 의약품인 안티푸라민이 출시된 이후 유한양행은 국내 제약산업 발전을 이끄는 대표 기업으로 성장했다. 그리고 2024년 국산...","유한양행 창립 100주년 안티푸라민에서 렉라자까지 유한양행 신약","40665","","0","바이오","1","N","2026-06-16 15:33:13","2026-06-16 15:33:13","2026-06-16 15:33:13",""
"23976","유한양행, ""'레시게르셉트' 지속적인 혈중 유리 IgE 억제""","유한양행(대표이사 조욱제)이 알레르기 질환 치료제 '레시게르셉트(lesigercept, 개발 코드명 YH35324)'의 임상... 김열홍 유한양행 R&D 총괄 사장은 ""현재 진행 중인 글로벌 임상 2상 등 후속 임상 개발을 통해 다양한...","유한양행 레시게르셉트 지속적인 혈중 유리 ige 억제","40667","","0","","1","N","2026-06-16 15:33:13","2026-06-16 15:33:13","2026-06-16 15:33:13",""
"23977","[유한 100년 유산 ①] 일제강점기 '보건 자강' 신념 심은 '버들표'","올해 창립 100주년을 맞은 유한양행의 역사는 1926년 창업자 고(故) 유일한(사진) 박사가 ""건강한 국민만이... 이러한 청년기 경험은 훗날 유한양행 설립의 토대가 됐다. 특히 1940년대 미육군전략처(OSS)의 첩보 작전인...","유한 100년 유산 일제강점기 보건 자강 신념 심은 버들표","40668","","0","","1","N","2026-06-16 15:33:13","2026-06-16 15:33:13","2026-06-16 15:33:13",""
"23978","유한양행, 알레르기 질환 치료제 '레시게르셉트' 임상 1b상 결과 발표","유한양행이 알레르기 질환 치료제 '레시게르셉트(lesigercept·개발 코드명 YH35324)'의 임상 1b상 결과를... 김열홍 유한양행 R&D 총괄 사장은 ""이번 임상 결과를 통해 레시게르셉트가 반복 투여 조건에서도 양호한 안전성...","유한양행 알레르기 질환 치료제 레시게르셉트 임상 1b상 결과 발표","40670","","0","","2","N","2026-06-16 15:33:13","2026-06-16 15:33:13","2026-06-16 15:33:13","2026-06-16 15:33:13"
"23979","[더벨]인벤티지랩, 비만약 연내 국내외 본임상 유한 마일스톤 주목","현재 'IVL3021' 등 일부 파이프라인은 유한양행과 공동개발하고 있다. 비만 파이프라인이 비임상 단계를... ◇IVL3021 연내 임상 목표, 유한양행 마일스톤 분기점 12일 바이오 업계에 따르면 인벤티지랩 유한양행과...","더벨 인벤티지랩 비만약 연내 국내외 본임상 유한 마일스톤 주목","40672","","0","바이오","1","N","2026-06-16 15:33:13","2026-06-16 15:33:13","2026-06-16 15:33:13",""
"23980","[기획] 柳韓 100년, 대한민국 보건주권 수호에서 글로벌 '신약 주권' 선...","맞은 유한양행. 그 한 세기의 역사는 한국 제약·바이오 산업이 변방의 모방국에서 전 세계 의료 표준을 선도하는 '신약 강국'으로 도약해 온 도전의 역사라고도 할 수 있다. 본지는 창립 100주년을 맞아 유한양행이 걸어온...","기획 100년 대한민국 보건주권 수호에서 글로벌 신약 주권 선","40673","","0","바이오","1","N","2026-06-16 15:33:13","2026-06-16 15:33:13","2026-06-16 15:33:13",""
"23981","흡입제·생물학적제제 중심 재편에 천식 경구제 '역사 속으로'","한국아스트라제네카는 제조품목 허가권자인 유한양행과 계약이 종료됨에 따라 한국아스트라제네카를 통한 밤벡정(성분명 밤부테롤) 공급이 재고 소진 시점을 기준으로 최종 중단된다고 밝혔다. 한국아스트라제네카는...","흡입제 생물학적제제 중심 재편에 천식 경구제 역사 속으로","40675","","0","","1","N","2026-06-16 15:33:13","2026-06-16 15:33:13","2026-06-16 15:33:13",""
"23982","'투자'보다 '구조'를 고쳤다, 소유-분리 가르는 대웅제약","① 제약산업계 최고점 받은 유한양행 ② 오너십과 시스템 사이 균형 맞춘 일동제약 ③ 투자보다 이사회... 1위 유한양행(13개, 86.7점)에 뒤진 점수이지만 일동제약과 마찬가지로 소유가 분명한 제약업계에서는 매우...","투자 보다 구조 를 고쳤다 소유 분리 가르는 대웅제약","40676","","0","바이오","2","N","2026-06-16 15:33:13","2026-06-16 15:33:15","2026-06-16 15:33:13",""
"23983","리얼월드, 세계경제포럼 '테크놀로지 파이오니어 2026' 선정","","리얼월드 세계경제포럼 테크놀로지 파이오니어 2026 선정","40677","","0","화학,통신","14","N","2026-06-16 15:33:13","2026-06-16 15:43:53","2026-06-16 15:33:13","2026-06-16 15:33:14"
"23984","아이니네트웍스, '2026 K-모빌리티 테크 어워드' 스마트 물류 솔루션 부...","","아이니네트웍스 2026 k 모빌리티 테크 어워드 스마트 물류 솔루션 부","40678","","0","IT","1","N","2026-06-16 15:33:13","2026-06-16 15:33:13","2026-06-16 15:33:13",""
"23985","'배송 경쟁' 돌입한 홈쇼핑업계, 당일배송 넘어 '즉시배송'으로","","배송 경쟁 돌입한 홈쇼핑업계 당일배송 넘어 즉시배송 으로","40680","","0","","1","N","2026-06-16 15:33:13","2026-06-16 15:33:13","2026-06-16 15:33:13",""
"23986","정부 지침 ‘취사선택’ 중노위… 산업계에 ‘무한 교섭’ 폭탄 던져","","정부 지침 취사선택 중노위 산업계에 무한 교섭 폭탄 던져","40682","","0","철강","3","N","2026-06-16 15:33:13","2026-06-16 15:43:49","2026-06-16 15:33:13",""
"23987","“식당·버스 하청도 원청이 교섭”…실질 권한으로 ‘판단’","","식당 버스 하청도 원청이 교섭 실질 권한으로 판단","40683","","0","","1","N","2026-06-16 15:33:13","2026-06-16 15:33:13","2026-06-16 15:33:13",""
"23988","올해 물류센터 최대어 떴다…'아레나스 양지' 매각 본격화","","올해 물류센터 최대어 떴다 아레나스 양지 매각 본격화","40686","","0","","1","N","2026-06-16 15:33:14","2026-06-16 15:33:14","2026-06-16 15:33:14",""
"23989","CJ대한통운, '더 풀필' B2B·B2C 통합 고도화… ""한 번 입고로 끝""","","cj대한통운 더 풀필 b2b b2c 통합 고도화 한 번 입고로 끝","40687","","0","","1","N","2026-06-16 15:33:14","2026-06-16 15:33:14","2026-06-16 15:33:14",""
"23990","이지스, 태평로빌딩 매각 공식화...하반기 딜클로징 목표","","이지스 태평로빌딩 매각 공식화 하반기 딜클로징 목표","40688","","0","금리","1","N","2026-06-16 15:33:14","2026-06-16 15:33:14","2026-06-16 15:33:14",""
"23991","CJ대한통운 시스템 내재화… ‘AI 풀필먼트 플랫폼’ 도약","","cj대한통운 시스템 내재화 ai 풀필먼트 플랫폼 도약","40689","","0","","1","N","2026-06-16 15:33:14","2026-06-16 15:33:14","2026-06-16 15:33:14",""
"23992","삼성 로봇, 쿠팡 물류센터 첫 실전 투입…""테스트 통과하면 대량 수주""","","삼성 로봇 쿠팡 물류센터 첫 실전 투입 테스트 통과하면 대량 수주","40690","","0","","1","N","2026-06-16 15:33:14","2026-06-16 15:33:14","2026-06-16 15:33:14",""
"23993","대리점·구내식당 직원까지…원청 교섭 책임 '무한확장'","","대리점 구내식당 직원까지 원청 교섭 책임 무한확장","40691","","0","","1","N","2026-06-16 15:33:14","2026-06-16 15:33:14","2026-06-16 15:33:14",""
"23994","CJ대한통운, 역대급 폭염 대비 총력…현장 안전 최우선","","cj대한통운 역대급 폭염 대비 총력 현장 안전 최우선","40692","","0","","2","N","2026-06-16 15:33:14","2026-06-16 15:33:14","2026-06-16 15:33:14","2026-06-16 15:33:14"
"23995","CJ대한통운, 농협중앙회와 농촌 상생 협력","","cj대한통운 농협중앙회와 농촌 상생 협력","40694","","0","","1","N","2026-06-16 15:33:14","2026-06-16 15:33:14","2026-06-16 15:33:14",""
"23996","밀양나노산단 분양률 50% 돌파…'영남 첨단 허브' 궤도 올랐다","","밀양나노산단 분양률 50 돌파 영남 첨단 허브 궤도 올랐다","40696","","0","음식료","1","N","2026-06-16 15:33:14","2026-06-16 15:33:14","2026-06-16 15:33:14",""
"23997","종전 합의에 항공·건설株 급반등 … 반도체도 더 탄력받나","","종전 합의에 항공 건설 급반등 반도체도 더 탄력받나","40697","","0","반도체,건설,항공","1","N","2026-06-16 15:33:14","2026-06-16 15:33:14","2026-06-16 15:33:14",""
"23998","[줌인] 15조원 꺼내든 '농협', 부실 채권 소각부터 농촌 상생까지...포용...","","줌인 15조원 꺼내든 농협 부실 채권 소각부터 농촌 상생까지 포용","40698","","0","","1","N","2026-06-16 15:33:14","2026-06-16 15:33:14","2026-06-16 15:33:14",""
"23999","사방넷, 오프라인 세미나서 ""이커머스 성장 핵심, 데이터 연결과 사방넷...","","사방넷 오프라인 세미나서 이커머스 성장 핵심 데이터 연결과 사방넷","40699","","0","","1","N","2026-06-16 15:33:14","2026-06-16 15:33:14","2026-06-16 15:33:14",""
"24000","역대급 폭염에 '택배 멈춤' 보장…CJ대한통운, 작업중지권 최초 도입","","역대급 폭염에 택배 멈춤 보장 cj대한통운 작업중지권 최초 도입","40700","","0","","1","N","2026-06-16 15:33:14","2026-06-16 15:33:14","2026-06-16 15:33:14",""
"24001","CJ대한통운, 혹서기 안전대책 시행...‘업계 최초’ 폭염 시 택배기사 작...","","cj대한통운 혹서기 안전대책 시행 업계 최초 폭염 시 택배기사 작","40701","","0","","1","N","2026-06-16 15:33:14","2026-06-16 15:33:14","2026-06-16 15:33:14",""
"24002","플랫폼·운영 통합·제조 특화…SI 3사 각양각색 '피지컬AI' 전략 눈길","SK AX는 CJ대한통운의 차세대 택배 시스템 '로이스 파슬(LoIS Parcel)' 구축 사업을 수행했으며, 제조 현장에서는 AMR·무인지게차(AFR)·컨베이어 등 자동 반송 설비와 물류정보시스템(MCS)을 연계한 물류 자동화 사업을...","플랫폼 운영 통합 제조 특화 si 3사 각양각색 피지컬ai 전략 눈길","40702","","0","","1","N","2026-06-16 15:33:14","2026-06-16 15:33:14","2026-06-16 15:33:14",""
"24003","아이에스(IS)지주 그룹, 2년 연속 적자에 '과다겸직' 이슈도 여전","아이에스지주 외 2년 연속 적자를 낸 그룹은 롯데, 중흥건설, 코오롱, 이랜드, 중앙, 애경(AK홀딩스)그룹... 아이에스지주 다음으로 이 하락폭이 컸던 곳은 둘 다 10단계 하락한 하이트진로와 신영그룹이고, 그 다음은...","아이에스 is 지주 그룹 2년 연속 적자에 과다겸직 이슈도 여전","40703","","0","건설","2","N","2026-06-16 15:33:14","2026-06-16 15:41:39","2026-06-16 15:33:14",""
"24004","KT, 잠실서 두산과 정면충돌…고영표 앞세워 LG 추격 이어갈까","","kt 잠실서 두산과 정면충돌 고영표 앞세워 lg 추격 이어갈까","40704","","0","","2","N","2026-06-16 15:33:14","2026-06-16 15:41:08","2026-06-16 15:33:14",""
"24005","카스트로 복귀와 KIA 포지션 정리…‘걸린 선수’가 여럿이다, 모든 게...","","카스트로 복귀와 kia 포지션 정리 걸린 선수 가 여럿이다 모든 게","40706","","0","","2","N","2026-06-16 15:33:14","2026-06-16 15:33:16","2026-06-16 15:33:14",""
"24006","현대카드, 생활 영역 적립 강화…삼성증권, 모니모 고객 유치 나서 [금융...","","현대카드 생활 영역 적립 강화 삼성증권 모니모 고객 유치 나서 금융","40707","","0","금융","1","N","2026-06-16 15:33:14","2026-06-16 15:33:14","2026-06-16 15:33:14",""
"24007","""친환경 구장이라더니..."" 한화생명볼파크 다회용기 사용 전국 평균 밑...","","친환경 구장이라더니 한화생명볼파크 다회용기 사용 전국 평균 밑","40708","","0","","1","N","2026-06-16 15:33:14","2026-06-16 15:33:14","2026-06-16 15:33:14",""
"24008","두산에너빌리티, 오만 두큼 가스복합발전소 건설공사 수주","","두산에너빌리티 오만 두큼 가스복합발전소 건설공사 수주","40709","","0","건설","1","N","2026-06-16 15:33:14","2026-06-16 15:33:14","2026-06-16 15:33:14",""
"24009","창밖 풍경이 가치로 이어질까···조망 특화설계 적용 단지 공급","두산에너빌리티는 이달 말 경남 김해시 내동 일원에서 '트리븐 김해'를 분양할 예정이다. 단지는 전용 84~217㎡ 총 398세대 규모다. 김해 최대 호수공원인 연지공원을 걸어서 이용할 수 있으며, 부산김해경전철...","창밖 풍경이 가치로 이어질까 조망 특화설계 적용 단지 공급","40712","","0","","1","N","2026-06-16 15:33:14","2026-06-16 15:33:14","2026-06-16 15:33:14",""
"24010","대웅 건강관리 웰다, KT 임직원 대상 혈당 관리 캠페인","","대웅 건강관리 웰다 kt 임직원 대상 혈당 관리 캠페인","40714","","0","","5","N","2026-06-16 15:33:14","2026-06-16 15:43:24","2026-06-16 15:33:14","2026-06-16 15:33:14"
"24011","KT, 웰다(Welda) 기반 '1기 혈당 관리 캠페인'…건강지표 개선 성과 확인","전체 참여자의 평균 혈당 수치는 119㎎/dL에서 118㎎/dL로 감소했다. 특히 혈당 개선군 95명의 평균 혈당 수치는 126㎎/dL에서 121㎎/dL로 약 4% 감소했으며, 혈당 개선 상위 10%에 해당하는 19명은 평균 혈당 수치가 155...","kt 웰다 welda 기반 1기 혈당 관리 캠페인 건강지표 개선 성과 확인","40719","","0","","3","N","2026-06-16 15:33:14","2026-06-16 15:43:24","2026-06-16 15:33:14","2026-06-16 15:33:14"
"24012","성수3지구 시공사 선정 돌입…1조8000억원 수주전 막 올랐다","2지구는 이달 중 시공사 선정 공고를 낼 것으로 예상되는 가운데 DL이앤씨와 IPARK현대산업개발 등의 수주 참여 여부가 거론되고 있다. 4지구는 롯데건설과 대우건설의 경쟁 구도가 형성된 상태이나 입찰 조건 등을 두고...","성수3지구 시공사 선정 돌입 1조8000억원 수주전 막 올랐다","40720","","0","건설","1","N","2026-06-16 15:33:14","2026-06-16 15:33:14","2026-06-16 15:33:14",""
"24013","“검진표만으론 안 된다”…기업 건강관리, 이제는 ‘혈당’ 본다","개선군의 평균 혈당은 126mg/dL에서 121mg/dL로 약 4% 낮아졌다. 상위 개선군 19명은 155mg/dL에서 138mg/dL로 약 11% 떨어졌다. 건강구간이 한 단계 이동한 사례도 나왔다. 당뇨 단계에서 전단계로, 전단계에서 정상 구간으로...","검진표만으론 안 된다 기업 건강관리 이제는 혈당 본다","40722","","0","","2","N","2026-06-16 15:33:14","2026-06-16 15:41:33","2026-06-16 15:33:14",""
"24014","건설은 박유신, 재무는 최인호…BS한양 투톱 체제 첫 시험대는 '현금 회...","박유신 신임 대표는 2001년 DL이앤씨에 입사해 DL건설 대표이사를 역임한 건설 전문가다. 지난해부터 BS한양 건설 부문을 이끌어온 박 대표는 향후 수주 확대와 사업 수행, 원가 관리 등 건설 부문 전반을 책임질...","건설은 박유신 재무는 최인호 bs한양 투톱 체제 첫 시험대는 현금 회","40723","","0","건설","1","N","2026-06-16 15:33:14","2026-06-16 15:33:14","2026-06-16 15:33:14",""
"24015","KT, 임직원 혈당관리 성과…사후관리 모델 주목","전체 참여자의 평균 혈당 수치는 119mg/dL에서 118mg/dL로 감소했다. 특히 혈당 개선군의 평균 혈당 수치는 126mg/dL에서 121mg/dL로 약 4% 감소했다. 개선 폭이 큰 상위 10% 참여자 19명의 경우 평균 혈당 수치가 155mg/dL에서 1...","kt 임직원 혈당관리 성과 사후관리 모델 주목","40724","","0","","1","N","2026-06-16 15:33:14","2026-06-16 15:33:14","2026-06-16 15:33:14",""
"24016","DL이 끊은 목동 재건축 스타트…'대장주' 7·14단지에 쏠린 대형사들","현대, DL, GS 벌써 ‘찜’ 약 30조원 규모로 추산되는 서울 양천구 목동신시가지 1~14단지 재건축 사업이... ◇6단지 DL 수의계약 유력…10단지 현대, 12단지 GS, 13단지 삼성 16일 정비업계에 따르면 목동 신시가지 재건축...","dl이 끊은 목동 재건축 스타트 대장주 7 14단지에 쏠린 대형사들","40725","","0","","2","N","2026-06-16 15:33:15","2026-06-16 15:41:06","2026-06-16 15:33:15",""
"24017","[현장] 목동에 '한강 뷰' 열린다…베일 벗은 '아크로 목동리젠시'","바로 한강과 안양천입니다.”(심재석 DL이앤씨 도시정비사업팀 부장) DL이앤씨가 하이엔드 브랜드 ‘아크로’를 앞세워 목동 재건축 단지 첫 수주에 나선다. 안양천과 한강을 동시에 조망할 수 있는 단지 입지를...","현장 목동에 한강 뷰 열린다 베일 벗은 아크로 목동리젠시","40726","","0","","1","N","2026-06-16 15:33:15","2026-06-16 15:33:15","2026-06-16 15:33:15",""
"24018","'더 웨스트 마곡 데시앙', 마곡 산업벨트 확장에 직주근접 수요 관심","DL그룹이 입주하는 복합업무시설 원그로브를 비롯 코엑스 마곡, MICE 복합단지 등 대형 개발사업도 속도를 내고 있어 서울 서남권 핵심 비즈니스 거점으로서의 위상을 강화하고 있다. 이러한 가운데 서울시 강서구...","더 웨스트 마곡 데시앙 마곡 산업벨트 확장에 직주근접 수요 관심","40727","","0","","4","N","2026-06-16 15:33:15","2026-06-16 15:43:24","2026-06-16 15:33:15",""
"24019","오세훈 5선에 모아타운 기대감 '쑥'… 중견사에 호재 될까","DL건설은 중랑구 면목동과 성북구 석관동 등에서 수주고를 기록했다. 지난 2023년 면목역 6구역 가로주택정비사업을 수주한 DL건설은 기수주한 2·4구역을 합쳐 792가구 공급 계획을 세워둔 상태다. 동부건설은 지난 2월...","오세훈 5선에 모아타운 기대감 쑥 중견사에 호재 될까","40728","","0","건설","3","N","2026-06-16 15:33:15","2026-06-16 15:43:23","2026-06-16 15:33:15",""
"24020","탈모 급여 기대감에 제약주 급등…수혜 논리 제각각","","탈모 급여 기대감에 제약주 급등 수혜 논리 제각각","40731","","0","바이오","3","N","2026-06-16 15:33:15","2026-06-16 15:43:49","2026-06-16 15:33:15",""
"24021","[허프 트렌드] '알약도 약 냄새도 다 싫다' 먹기 편하고 맛있는 영양제...","","허프 트렌드 알약도 약 냄새도 다 싫다 먹기 편하고 맛있는 영양제","40733","","0","바이오","1","N","2026-06-16 15:33:15","2026-06-16 15:33:15","2026-06-16 15:33:15",""
"24022","코스피 상승 장 불구 제약업종 시총은 위축","","코스피 상승 장 불구 제약업종 시총은 위축","40734","","0","코스피,바이오","5","N","2026-06-16 15:33:15","2026-06-16 15:43:23","2026-06-16 15:33:15",""
"24023","제약인 출신 이창봉 교수, 美시카고 시창작아카데미 초청 강의","","제약인 출신 이창봉 교수 시카고 시창작아카데미 초청 강의","40735","","0","바이오","1","N","2026-06-16 15:33:15","2026-06-16 15:33:15","2026-06-16 15:33:15",""
"24024","[신상브리핑] 일동후디스, 농심, 로보락, 필립모리스, 락앤락, 롯데웰푸...","","신상브리핑 일동후디스 농심 로보락 필립모리스 락앤락 롯데웰푸","40738","","0","","1","N","2026-06-16 15:33:15","2026-06-16 15:33:15","2026-06-16 15:33:15",""
"24025","오너십과 거버넌스 사이, 균형점 찾아가는 일동제약","최대주주가 지분 34.45%의 지주회사 일동홀딩스인 상황에서 유한양행과 다른 출발점을, 지배주주의 영향력을 규정과 시스템 내 밸런스로 상당부분 따라잡은 케이스다. 오너 지분 34%, 그러나 감사 뽑을 땐 3% 일동제약...","오너십과 거버넌스 사이 균형점 찾아가는 일동제약","40739","","0","바이오","1","N","2026-06-16 15:33:15","2026-06-16 15:33:15","2026-06-16 15:33:15",""
"24026","한국앤컴퍼니그룹, AI 해커톤 성료…현업이 찾은 혁신 해법","","한국앤컴퍼니그룹 ai 해커톤 성료 현업이 찾은 혁신 해법","40740","","0","","11","N","2026-06-16 15:33:15","2026-06-16 15:33:15","2026-06-16 15:33:15","2026-06-16 15:33:15"
"24027","메가존소프트, 한국앤컴퍼니그룹 ‘AI 바이크 코딩 해커톤’ 기술 지원","","메가존소프트 한국앤컴퍼니그룹 ai 바이크 코딩 해커톤 기술 지원","40742","","0","자동차","7","N","2026-06-16 15:33:15","2026-06-16 15:33:15","2026-06-16 15:33:15","2026-06-16 15:33:15"
"24028","[IT는 지금] 카카오, 카카오톡 ‘챗GPT 챗봇’ 기능 출시 外","","it는 지금 카카오 카카오톡 챗gpt 챗봇 기능 출시","40745","","0","IT","1","N","2026-06-16 15:33:15","2026-06-16 15:33:15","2026-06-16 15:33:15",""
"24029","[기획] ""장남이 아니라도 괜찮아""…재계 이끄는 '차남 리더십'","","기획 장남이 아니라도 괜찮아 재계 이끄는 차남 리더십","40746","","0","자동차","5","N","2026-06-16 15:33:15","2026-06-16 15:43:56","2026-06-16 15:33:15",""
"24030","""AI가 일한다"" 한국앤컴퍼니, 사내 해커톤 개최","","ai가 일한다 한국앤컴퍼니 사내 해커톤 개최","40747","","0","","1","N","2026-06-16 15:33:15","2026-06-16 15:33:15","2026-06-16 15:33:15",""
"24031","한국앤컴퍼니, AI 해커톤서 업무혁신 아이디어 발굴","","한국앤컴퍼니 ai 해커톤서 업무혁신 아이디어 발굴","40748","","0","","4","N","2026-06-16 15:33:15","2026-06-16 15:33:15","2026-06-16 15:33:15","2026-06-16 15:33:15"
"24032","이제는 도입보다 활용…기업 AI 전략 진화","","이제는 도입보다 활용 기업 ai 전략 진화","40749","","0","","1","N","2026-06-16 15:33:15","2026-06-16 15:33:15","2026-06-16 15:33:15",""
"24033","한국앤컴퍼니 사내 AI 활용 경진대회…공급망 관리체계 구축팀 우승","","한국앤컴퍼니 사내 ai 활용 경진대회 공급망 관리체계 구축팀 우승","40759","","0","","1","N","2026-06-16 15:33:15","2026-06-16 15:33:15","2026-06-16 15:33:15",""
"24034","한국앤컴퍼니그룹, 임직원 AI 역량 강화 지속…사내 경진대회 개최","","한국앤컴퍼니그룹 임직원 ai 역량 강화 지속 사내 경진대회 개최","40766","","0","","1","N","2026-06-16 15:33:15","2026-06-16 15:33:15","2026-06-16 15:33:15",""
"24035","포레스트, 배터리 파운드리 JR에너지솔루션에 100억 베팅","","포레스트 배터리 파운드리 jr에너지솔루션에 100억 베팅","40768","","0","","1","N","2026-06-16 15:33:15","2026-06-16 15:33:15","2026-06-16 15:33:15",""
"24036","한국타이어, 국립대전숲체원서 연이은 '힐링·나눔' 행사 개최","한국타이어앤테크놀로지(주)가 6월 들어 사원 가족과 지역사회를 아우르는 '힐링 프로그램' 한국앤컴퍼니그룹의 글로벌 선도 타이어 기업 한국타이어앤테크놀로지(주)가 6월 들어 사원 가족과 지역사회를 아우르는 '힐링...","한국타이어 국립대전숲체원서 연이은 힐링 나눔 행사 개최","40769","","0","","1","N","2026-06-16 15:33:15","2026-06-16 15:33:15","2026-06-16 15:33:15",""
"24037","삼천당제약·알테오젠·한미약품 주목…바이오의약주 종목별 차별화","","삼천당제약 알테오젠 한미약품 주목 바이오의약주 종목별 차별화","40770","","0","바이오","4","N","2026-06-16 15:33:16","2026-06-16 15:43:42","2026-06-16 15:33:16",""
"24038","[칼럼] 광풍의 소멸과 삼천당제약의 재해석","불과 얼마 전 장중 128만 4,000원이라는 기록적인 숫자가 찍히며 코스닥 시장의 중심에 섰던 삼천당제약의 주가는, 이제 23만원 선이라는 과거의 출발선으로 비상착륙했다. 최고점 대비 현격한 조정을 받은 성적표를 보며...","칼럼 광풍의 소멸과 삼천당제약의 재해석","40773","","0","코스닥,바이오","1","N","2026-06-16 15:33:16","2026-06-16 15:33:16","2026-06-16 15:33:16",""
"24039","삼천당제약, 글로벌 검증 단계 진입…신성장 동력 기대감 부각","삼천당제약이 새로운 성장 동력 확보를 위한 글로벌 검증 절차에 나서면서 시장의 관심이 높아지고 있다. 회사가 추진 중인 차세대 기술이 해외에서 본격적인 평가 단계에 진입한 것으로 알려지면서 향후 성과에 대한...","삼천당제약 글로벌 검증 단계 진입 신성장 동력 기대감 부각","40774","","0","바이오","1","N","2026-06-16 15:33:16","2026-06-16 15:33:16","2026-06-16 15:33:16",""
"24040","한성숙 국무총리 후보자, 취약계층 지원에 5억원 기부","","한성숙 국무총리 후보자 취약계층 지원에 5억원 기부","40777","","0","","3","N","2026-06-16 15:33:16","2026-06-16 15:33:16","2026-06-16 15:33:16","2026-06-16 15:33:16"
"24041","[AI프리뷰] 16일 광주 KIA-LG전, '웰스 vs 시라카와' 아시아쿼터 선발 맞...","","ai프리뷰 16일 광주 kia lg전 웰스 vs 시라카와 아시아쿼터 선발 맞","40780","","0","","1","N","2026-06-16 15:33:16","2026-06-16 15:33:16","2026-06-16 15:33:16",""
"24042","종전 미리 알았나…현대차·LG전자 등 중동 재건 ‘사전포석’","","종전 미리 알았나 현대차 lg전자 등 중동 재건 사전포석","40781","","0","","1","N","2026-06-16 15:33:16","2026-06-16 15:33:16","2026-06-16 15:33:16",""
"24043","현대위아, 유럽 최대 방위산업 전시회 '유로사토리 2026' 첫 참가","","현대위아 유럽 최대 방위산업 전시회 유로사토리 2026 첫 참가","40782","","0","","1","N","2026-06-16 15:33:16","2026-06-16 15:33:16","2026-06-16 15:33:16",""
"24044","전기차 주춤하자 뜬 하이브리드… 현대차·기아 국내외 질주","","전기차 주춤하자 뜬 하이브리드 현대차 기아 국내외 질주","40783","","0","","1","N","2026-06-16 15:33:16","2026-06-16 15:33:16","2026-06-16 15:33:16",""
"24045","1,500여 명 참여, 성황리에 마무리...서초구, '2026 서초 보훈문화 페스...","","1 500여 명 참여 성황리에 마무리 서초구 2026 서초 보훈문화 페스","40784","","0","자동차","1","N","2026-06-16 15:33:16","2026-06-16 15:33:16","2026-06-16 15:33:16",""
"24046","2026 MSI 대전서 개최…고향땅 밟는 해외리그 선수들","강성인은 디플러스 기아 CL 팀에서 활동했던 선수. 라이온에서 2년 차를 맞고 있다. 김민철은 지난해 DN 프릭스 유니폼을 입은 바 있어 LCK 팬들에게도 얼굴이 익숙하다. 1년간의 LCK 생활을 마친 뒤 자신의 주...","2026 msi 대전서 개최 고향땅 밟는 해외리그 선수들","40785","","0","","2","N","2026-06-16 15:33:16","2026-06-16 15:41:31","2026-06-16 15:33:16",""
"24047","삼성화재, K-브랜드지수 1위…삼성생명 2위로 최상위권 삼성 독주","","삼성화재 k 브랜드지수 1위 삼성생명 2위로 최상위권 삼성 독주","40786","","0","","5","N","2026-06-16 15:33:16","2026-06-16 15:41:17","2026-06-16 15:33:16","2026-06-16 15:33:16"
"24048","[오늘의 보험] 교보라이프플래닛생명·삼성화재·AXA손해보험","","오늘의 보험 교보라이프플래닛생명 삼성화재 axa손해보험","40787","","0","","3","N","2026-06-16 15:33:16","2026-06-16 15:41:17","2026-06-16 15:33:16",""
"24049","K-브랜드지수 보험사 부문 TOP10 발표, 메리츠화재 8위 수성 속 신한라이...","","k 브랜드지수 보험사 부문 top10 발표 메리츠화재 8위 수성 속 신한라이","40788","","0","","2","N","2026-06-16 15:33:16","2026-06-16 15:41:17","2026-06-16 15:33:16",""
"24050","커지는 '기후보험' 역할…보험사·지자체 확산 움직임","","커지는 기후보험 역할 보험사 지자체 확산 움직임","40789","","0","","1","N","2026-06-16 15:33:16","2026-06-16 15:33:16","2026-06-16 15:33:16",""
"24051","K-브랜드지수, 삼성화재 1위 도약 속 윤곽 드러난 10대 보험사","","k 브랜드지수 삼성화재 1위 도약 속 윤곽 드러난 10대 보험사","40790","","0","","2","N","2026-06-16 15:33:16","2026-06-16 15:41:17","2026-06-16 15:33:16",""
"24052","‘견고한 시장 지배력’ 현대해상·KB손해보험, K-브랜드지수 보험사 부...","","견고한 시장 지배력 현대해상 kb손해보험 k 브랜드지수 보험사 부","40792","","0","","2","N","2026-06-16 15:33:16","2026-06-16 15:41:17","2026-06-16 15:33:16",""
"24053","'다이렉트 최강자' 삼성화재, 한화생명 제치고 K-브랜드지수 보험사 1위...","","다이렉트 최강자 삼성화재 한화생명 제치고 k 브랜드지수 보험사 1위","40793","","0","","2","N","2026-06-16 15:33:16","2026-06-16 15:41:17","2026-06-16 15:33:16",""
"24054","차량 5부제 할인 특약 시행 목전인데…낮은 환급·운행 여부 확인 등 실...","","차량 5부제 할인 특약 시행 목전인데 낮은 환급 운행 여부 확인 등 실","40794","","0","","1","N","2026-06-16 15:33:16","2026-06-16 15:33:16","2026-06-16 15:33:16",""
"24055","'불황형 대출' 물꼬도 마르나…더 좁아지는 서민급전 창구","","불황형 대출 물꼬도 마르나 더 좁아지는 서민급전 창구","40795","","0","","2","N","2026-06-16 15:33:16","2026-06-16 15:41:17","2026-06-16 15:33:16",""
"24056","정의당 대전시당, 한화에어로스페이스 '안전문화혁신위원회' 출범 강한...","","정의당 대전시당 한화에어로스페이스 안전문화혁신위원회 출범 강한","40796","","0","","5","N","2026-06-16 15:33:16","2026-06-16 15:33:17","2026-06-16 15:33:16","2026-06-16 15:33:17"
"24057","한화에어로, 안전혁신위 띄웠지만…재발방지 실효성 시험대","","한화에어로 안전혁신위 띄웠지만 재발방지 실효성 시험대","40797","","0","","1","N","2026-06-16 15:33:16","2026-06-16 15:33:16","2026-06-16 15:33:16",""
"24058","[빅데이터투데이] 생활용품 2026년 6월 브랜드평판 랭킹... 1위 다이소, ...","6월 전체 순위는 다이소, 쿠팡, 이케아, 롯데마트, 올리브영, 오늘의집, 이마트, 락앤락, 한샘, LG생활건강, 아로마티카, 애경산업, 깨끗한나라, 퍼실, 유한킴벌리, 생활공작소, 바디럽, 피죤, 자이글, 피앤지...","빅데이터투데이 자동차보험 2026년 6월 브랜드평판 랭킹 1위 kb손해","42248","","0","자동차","22","N","2026-06-16 15:33:16","2026-06-16 15:43:51","2026-06-16 15:33:16","2026-06-16 15:43:51"
"24059","삼성화재 4%대 강세, DB손해보험·현대해상·코리안리·롯데손해보험·한...","","삼성화재 4 대 강세 db손해보험 현대해상 코리안리 롯데손해보험 한","40804","","0","","4","N","2026-06-16 15:33:17","2026-06-16 15:43:40","2026-06-16 15:33:17",""
"24060","KB손해보험 1위 수성…DB손해보험·현대해상 맹추격","","kb손해보험 1위 수성 db손해보험 현대해상 맹추격","40809","","0","자동차","3","N","2026-06-16 15:33:17","2026-06-16 15:33:19","2026-06-16 15:33:17",""
"24061","한화손보, 여성보험 성장 지속·GA채널 존재감 확대 [2026 상반기 보험사...","","한화손보 여성보험 성장 지속 ga채널 존재감 확대 2026 상반기 보험사","40811","","0","","1","N","2026-06-16 15:33:17","2026-06-16 15:33:17","2026-06-16 15:33:17",""
"24062","[KIIC 2026] 기후 위기부터 자율주행까지… KIIC서 본 보험산업의 미래","","kiic 2026 기후 위기부터 자율주행까지 kiic서 본 보험산업의 미래","40812","","0","","2","N","2026-06-16 15:33:17","2026-06-16 15:43:40","2026-06-16 15:33:17",""
"24063","‘폭발 참사’ 한화에어로, 외부 전문가·노조 참여 ‘안전문화혁신위...","","폭발 참사 한화에어로 외부 전문가 노조 참여 안전문화혁신위","40813","","0","","1","N","2026-06-16 15:33:17","2026-06-16 15:33:17","2026-06-16 15:33:17",""
"24064","[신창재의 미래비전②] 금융지주 향한 또하나의 관문…교보증권, 종투사...","","신창재의 미래비전 금융지주 향한 또하나의 관문 교보증권 종투사","40814","","0","금융","1","N","2026-06-16 15:33:17","2026-06-16 15:33:17","2026-06-16 15:33:17",""
"24065","보험사기 적발 1.1조원 넘어…메리츠·DB손보, 환수 승소율 100% ‘두각’","한화손해보험은 2024년 하반기 전부승소율 96.30%에서 2025년 하반기 98.21%로 1.91%포인트 상승했다. 다만 전부패소율도 0%에서 1.79%로 소폭 올랐다. 같은 기간 롯데손해보험의 전부승소율은 95.45%에서 100.00%로 4.55%포인트...","보험사기 적발 1 1조원 넘어 메리츠 db손보 환수 승소율 100 두각","40815","","0","","3","N","2026-06-16 15:33:17","2026-06-16 15:33:19","2026-06-16 15:33:17",""
"24066","SP 삼화, 취약계층 실내환경 개선 업무협약...주거개선 장관상 수상","","sp 삼화 취약계층 실내환경 개선 업무협약 주거개선 장관상 수상","40816","","0","","2","N","2026-06-16 15:33:17","2026-06-16 15:33:17","2026-06-16 15:33:17","2026-06-16 15:33:17"
"24067","원가 쇼크에 정부 눈치까지… 페인트사 ‘진퇴양난’","KCC(002380), 노루페인트(090350), SP삼화(000390)(옛 삼화페인트공업) 등 주요 페인트사는 지난 4월 중동 지역 긴장 고조에 따른 국제 유가 상승과 원재료 수급 불안, 고환율 등을 이유로 제품 가격 인상을 예고했다. 당시 예고한...","원가 쇼크에 정부 눈치까지 페인트사 진퇴양난","40818","","0","환율,유가","1","N","2026-06-16 15:33:17","2026-06-16 15:33:17","2026-06-16 15:33:17",""
"24068","중앙그룹 회생 신청에 채권시장 긴장…BBB급 차환 리스크 확산 우려","16일 금융투자업계에 따르면 오는 6~7월 공모 회사채 수요예측을 앞둔 기업은 세아제강, 호텔롯데, 종근당홀딩스, 한국투자금융지주, 삼성증권 등 5곳에 불과하다. 지난해 같은 시기 16개 기업이 수요예측에 나섰던 것과...","중앙그룹 회생신청에 채권시장 공포","41316","","0","금리,금융,환율,유가","6","N","2026-06-16 15:33:17","2026-06-16 15:43:56","2026-06-16 15:33:17","2026-06-16 15:41:22"
"24069","[이윤구의 프리킥스] 보험사 M&A 원매자들의 '진정성'","","이윤구의 프리킥스 보험사 m a 원매자들의 진정성","40820","","0","","2","N","2026-06-16 15:33:17","2026-06-16 15:43:57","2026-06-16 15:33:17",""
"24070","자본건전성 개선 갈길 바쁜데···롯데손보, 금리 상승기 '부담'","","자본건전성 개선 갈길 바쁜데 롯데손보 금리 상승기 부담","40821","","0","금리","2","N","2026-06-16 15:33:17","2026-06-16 15:33:18","2026-06-16 15:33:17",""
"24071","헬로모바일, 현대홈쇼핑 제휴 유심 요금제 출시","","헬로모바일 현대홈쇼핑 제휴 유심 요금제 출시","40822","","0","","1","N","2026-06-16 15:33:17","2026-06-16 15:33:17","2026-06-16 15:33:17",""
"24072","[위기의 리테일채권] 공포 휩싸인 시장…'잠재적 뇌관' 향하는 시선","","위기의 리테일채권 공포 휩싸인 시장 잠재적 뇌관 향하는 시선","40823","","0","","1","N","2026-06-16 15:33:17","2026-06-16 15:33:17","2026-06-16 15:33:17",""
"24073","보험사 M&A 시장 재가동… 자본지원·라이선스 수요 맞물려","","보험사 m a 시장 재가동 자본지원 라이선스 수요 맞물려","40824","","0","금융","2","N","2026-06-16 15:33:17","2026-06-16 15:33:19","2026-06-16 15:33:17",""
"24074","‘80%의 벽’ 못 넘은 보험사들...“금리 인상이 반갑다”","","80 의 벽 못 넘은 보험사들 금리 인상이 반갑다","40825","","0","금리","2","N","2026-06-16 15:33:17","2026-06-16 15:33:19","2026-06-16 15:33:17",""
"24075","M&A '뜨거운감자' 된 보험사…롯데손보 '흥행가도' 이을까","","m a 뜨거운감자 된 보험사 롯데손보 흥행가도 이을까","40826","","0","금융","2","N","2026-06-16 15:33:17","2026-06-16 15:33:19","2026-06-16 15:33:17",""
"24076","[교보금융지주 가시화] 추가 M&A 불지핀 교보생명…남은 퍼즐은 손보사","","교보금융지주 가시화 추가 m a 불지핀 교보생명 남은 퍼즐은 손보사","40827","","0","금융","2","N","2026-06-16 15:33:17","2026-06-16 15:33:19","2026-06-16 15:33:17",""
"24077","국립창원대, 산학일치 취업연계 프로젝트 본격 시동···전국 최대 규모","이날 회의에는 국립창원대 박상희 취업전략센터장을 비롯한 대학 실무 담당자들과 지역 우수 중견기업인 대흥알앤티, 삼송, 유니크, 퍼스텍, 피케이밸브앤엔지니어링, 하이젠알앤엠, 훌루테크, 대원강업 등 8개사...","국립창원대 산학일치 취업연계 프로젝트 본격 시동 전국 최대 규모","40828","","0","","2","N","2026-06-16 15:33:17","2026-06-16 15:33:17","2026-06-16 15:33:17","2026-06-16 15:33:17"
"24078","[제4회 가스시공 안전의 날] 가스안전공사 사장 표창-김영환 (주)동은설...","","제4회 가스시공 안전의 날 가스안전공사 사장 표창 김영환 주 동은설","40829","","0","","1","N","2026-06-16 15:33:17","2026-06-16 15:33:17","2026-06-16 15:33:17",""
"24079","""30일 뒤 이란 원유 쏟아진다?""··· 해운·석화 '급등', 에너지테마주...","코스닥 상장사인 흥구석유는 4.53% 하락한 1만1170원에 거래됐고 코스닥 상장사인 중앙에너비스는 3.61% 내린 1만4950원을 기록했다. 한국석유도 1.89% 하락한 1만1910원에 거래됐다. 대성에너지는 1.53% 내린 7060원을...","30일 뒤 이란 원유 쏟아진다 해운 석화 급등 에너지테마주","40831","","0","코스닥,유가,조선","1","N","2026-06-16 15:33:17","2026-06-16 15:33:17","2026-06-16 15:33:17",""
"24080","25주년 맞은 세계소리축제 8월 12일 개막…'다시 판의 무대로'","","25주년 맞은 세계소리축제 8월 12일 개막 다시 판의 무대로","40832","","0","","1","N","2026-06-16 15:33:18","2026-06-16 15:33:18","2026-06-16 15:33:18",""
"24081","조국혁신당 새 원내사령탑에 김준형 추대","","조국혁신당 새 원내사령탑에 김준형 추대","40833","","0","","1","N","2026-06-16 15:33:18","2026-06-16 15:33:18","2026-06-16 15:33:18",""
"24082","25살 세계소리축제, '판'을 펼친다.","","25살 세계소리축제 판 을 펼친다","40834","","0","","1","N","2026-06-16 15:33:18","2026-06-16 15:33:18","2026-06-16 15:33:18",""
"24083","대동금속, 상반기 수주 279억원…조선·반도체 등서 올해 700억원 목표 순...","","대동금속 상반기 수주 279억원 조선 반도체 등서 올해 700억원 목표 순","40835","","0","반도체","1","N","2026-06-16 15:33:18","2026-06-16 15:33:18","2026-06-16 15:33:18",""
"24084","대동금속, 10억 규모 자사주 취득·소각 결정","한국농업신문, NEWSFARM 대동금속은 지난 11일 이사회에서 10억 원 규모의 자사주 취득 신탁계약 체결을 결정했다고 밝혔다.  대동그룹의 주물부품 전문 제조기업 대동금속(각자대표 김준식·이풍우)은 지난 11일 이사회...","대동금속 10억 규모 자사주 취득 소각 결정","40838","","0","사료","1","N","2026-06-16 15:33:18","2026-06-16 15:33:18","2026-06-16 15:33:18",""
"24085","건설업계에 찾아든 AI 열풍⋯소통·품질·안전 '세 마리 토끼' 잡는다","GS건설은 5일 로보틱스 전문기업 대동로보틱스와 업무협약을 맺고 자재 운반 및 반복 작업에 활용할 AI 자율주행 로봇의 현장 검증을 시작했다. 변수가 많은 건설 환경에 최적화된 맞춤형 로봇 모델을 공동 개발하고 운영...","건설업계에 찾아든 ai 열풍 소통 품질 안전 세 마리 토끼 잡는다","40841","","0","건설","1","N","2026-06-16 15:33:18","2026-06-16 15:33:18","2026-06-16 15:33:18",""
"24086","전남광주통합특별시 얼굴 될 CI…""임시 지정 안 거치고 공식 제정""","각 작품은 전남광주통합특별시 설치를 위한 특별법이 명시하는 '전라도 천년의 유구한 역사를 계승한 광주·전남의 통합 의미', '5·18민주화운동과 민주·인권·정의·평화의 광주정신과 대동정신', 'AI·에너지·반도체...","전남광주통합특별시 얼굴 될 ci 임시 지정 안 거치고 공식 제정","40842","","0","반도체","1","N","2026-06-16 15:33:18","2026-06-16 15:33:18","2026-06-16 15:33:18",""
"24087","""소리의 숨결, 모아 판으로""…스물다섯 번째 소리축제, 다시 '판' 벌인다","마지막은 힘찬 판굿으로 마무리되며 관객과 예술가가 함께 어우러지는 대동의 무대를 만든다. 장문희, 송재영, 김차경, 왕기석, 김세미가 소리꾼으로 참여하고, 국악 전문예술단체 예인협회 'In 천지'가 줄타기와 연희를...","소리의 숨결 모아 판으로 스물다섯 번째 소리축제 다시 판 벌인다","40844","","0","","1","N","2026-06-16 15:33:18","2026-06-16 15:33:18","2026-06-16 15:33:18",""
"24088","임태희 경기도교육감, 6.3 지방선거 소청 제출","임 교육감은 16일 오전 변호사를 대동해 과천 중앙선거관리위원회에 선거 소청을 제출했다. 그는 앞서 경기도교육청 남부청사에서 진행한 기자 간담회에서 선거관리위원회에 선거 관련 정보 공개를 요구한 한편...","임태희 경기도교육감 6 3 지방선거 소청 제출","40846","","0","","1","N","2026-06-16 15:33:18","2026-06-16 15:33:18","2026-06-16 15:33:18",""
"24089","25주년 전주세계소리축제, 판소리·월드뮤직 공연으로 도시 물들인다","마지막에는 판굿으로 관객과 예술인이 함께하는 대동의 장을 완성할 예정이다. 젊은 소리꾼들의 무대도 마련된다. 전국 공개 선발을 통해 선정된 이수현, 박시본, 최광균, 고한돌, 소장 등이 참여하는 '젊은 판소리...","25주년 전주세계소리축제 판소리 월드뮤직 공연으로 도시 물들인다","40847","","0","","1","N","2026-06-16 15:33:18","2026-06-16 15:33:18","2026-06-16 15:33:18",""
"24090","[특집] 전주세계소리축제, 25회차 '소리의 숨결 모아 판으로' 준비 박차","마지막 셋째 마당은 힘찬 판굿으로 마무리되며 소리꾼과 연희자, 관객이 함께 어우러지는 대동의 판을 완성할 예정이다. 장문희(춘향가), 송재영(심청가), 김차경(흥보가), 왕기석(적벽가), 김세미(수궁가)가 소리꾼으로...","특집 전주세계소리축제 25회차 소리의 숨결 모아 판으로 준비 박차","40848","","0","","1","N","2026-06-16 15:33:18","2026-06-16 15:33:18","2026-06-16 15:33:18",""
"24091","전남농기원, 첨단무인자동화 농업생산 시범단지 활용 확대","행사에는 대동, LS엠트론, 티와이엠, 긴트 등 주요 농기계·스마트농업 기업과 농림축산식품부, 한국농업기술진흥원, 한국농기계공업협동조합 등 관계자들이 대거 참석해 자리를 빛냈다. 설명회는 시범단지 운영 현황 및...","전남농기원 첨단무인자동화 농업생산 시범단지 활용 확대","40852","","0","사료,기계,음식료","1","N","2026-06-16 15:33:18","2026-06-16 15:33:18","2026-06-16 15:33:18",""
"24092","프리엠스, 단순 제조 넘어 ODM 강자로…글로벌 장비 확대 직접 수혜","대동금속과 서연탑메탈, 혜인은 건설장비 부품 및 산업기계 분야에서 안정적인 사업 기반을 보유하고 있으며, 대창단조와 HD건설기계도 글로벌 건설장비 시장 회복 가능성에 주목받고 있다. 두산밥캣은 차익실현 매물이...","프리엠스 단순 제조 넘어 odm 강자로 글로벌 장비 확대 직접 수혜","40854","","0","건설,기계","2","N","2026-06-16 15:33:18","2026-06-16 15:43:22","2026-06-16 15:33:18",""
"24093","식자재마트 푸드엔, 부산·경남 8개 매장서 6000여 개 전품목 할인행사...","또한 지난 4월 김해 대동 물류센터를 성공적으로 오픈하며 물류 경쟁력을 한층 강화했다. 이를 바탕으로 안정적인 상품 공급 체계를 구축하고 가격 경쟁력을 높여 고객 혜택 확대에 나서고 있다. 푸드엔은 오는 3분기 부산...","식자재마트 푸드엔 부산 경남 8개 매장서 6000여 개 전품목 할인행사","40858","","0","","1","N","2026-06-16 15:33:18","2026-06-16 15:33:18","2026-06-16 15:33:18",""
"24094","[전력 온에어] 가온전선, 美 생산능력 2배로…760억 투자","가온전선이 미국 인공지능(AI) 데이터센터 시장 확대에 대응하기 위해 현지 생산능력을대폭 늘린다. 급증하는 북미 전력 인프라 수요에 대응해 공급 경쟁력을 강화해 사업 확대에 나선다는 전략이다. 가온전선은...","전력 온에어 가온전선 생산능력 2배로 760억 투자","40862","","0","","2","N","2026-06-16 15:33:18","2026-06-16 15:33:18","2026-06-16 15:33:18","2026-06-16 15:33:18"
"24095","가온전선, 美 AI 데이터센터 전력 인프라 연이은 수주…업계가 주목하는...","LSCUS, 글로벌 빅테크향 공급 확대  가온전선의 미국 자회사 LSCUS가 최근 구글, 메타, 아마존 등 글로벌 빅테크 기업들의 AI 데이터센터 프로젝트를 잇달아 수주하며 업계의 주목을 받고 있다. 16일 가온전선에 따르면...","가온전선 ai 데이터센터 전력 인프라 연이은 수주 업계가 주목하는","40865","","0","","2","N","2026-06-16 15:33:18","2026-06-16 15:33:18","2026-06-16 15:33:18","2026-06-16 15:33:18"
"24096","[산업 Pick] 두산에너빌리티·LS일렉트릭·가온전선, 글로벌 전력 인프라...","두산에너빌리티는 중동 발전소 EPC 수주로 존재감을 키우고, LS일렉트릭은 유럽 최대 에너지 전시회를 통해 송·배전 기술 경쟁력을 알리며, 가온전선은 미국 현지 증설을 통해 AI 시대 핵심 인프라 공급 확대에 나섰다....","산업 pick 두산에너빌리티 ls일렉트릭 가온전선 글로벌 전력 인프라","40867","","0","","1","N","2026-06-16 15:33:18","2026-06-16 15:33:18","2026-06-16 15:33:18",""
"24097","가온전선, 美 데이터센터용 송전케이블 캐파 2배 확대","가온전선 미국 생산 법인 LSCUS 전경. LS전선 LS전선의 자회사인 가온전선이 급성장하는 미국 인공지능(AI) 데이터센터 시장 입지를 확대하기 위해 현지 케이블 생산능력 확충에 나서기로 했습니다. 선제적인 설비...","가온전선 데이터센터용 송전케이블 캐파 2배 확대","40877","","0","","1","N","2026-06-16 15:33:18","2026-06-16 15:33:18","2026-06-16 15:33:18",""
"24098","AI가 당긴 전력 슈퍼사이클… 가온전선, 고부가 케이블로 북미 장악","가온전선도 3.57% 상승한 26만1000원에 거래중이다. 고부가가치 전력 케이블 사업 경쟁력과 전력망 투자 확대의 직접적인 수혜 기대가 주가 상승 배경으로 꼽힌다. 가온전선이 인공지능(AI) 시대의 도래에 따른 글로벌...","ai가 당긴 전력 슈퍼사이클 가온전선 고부가 케이블로 북미 장악","40881","","0","","2","N","2026-06-16 15:33:18","2026-06-16 15:41:16","2026-06-16 15:33:18",""
"24099","가온전선, 美 송전 케이블 생산능력 2배 늘린다","LS전선의 자회사인 가온전선(000500)이 급성장하는 미국 인공지능(AI) 데이터센터 시장 입지를 확대하기 위해 현지 케이블 생산능력 확충에 나선다. 선제적인 설비 투자를 통해 글로벌 빅테크 공급망 내 입지를...","가온전선 송전 케이블 생산능력 2배 늘린다","40884","","0","","1","N","2026-06-16 15:33:18","2026-06-16 15:33:18","2026-06-16 15:33:18",""
"24100","내수 한계 넘는다…삼일제약, 베트남 점안제 사업 속도","","내수 한계 넘는다 삼일제약 베트남 점안제 사업 속도","40885","","0","바이오","2","N","2026-06-16 15:33:18","2026-06-16 15:33:18","2026-06-16 15:33:18","2026-06-16 15:33:18"
"24101","삼일제약, 성장 가능성 앞세워 100억 조달… '0% 이자' CB 발행 성공","","삼일제약 성장 가능성 앞세워 100억 조달 0 이자 cb 발행 성공","40887","","0","금리,바이오","1","N","2026-06-16 15:33:18","2026-06-16 15:33:18","2026-06-16 15:33:18",""
"24102","삼일제약 원도파, 세브란스병원 진입…명인제약 긴장","","삼일제약 원도파 세브란스병원 진입 명인제약 긴장","40888","","0","바이오","1","N","2026-06-16 15:33:18","2026-06-16 15:33:18","2026-06-16 15:33:18",""
"24103","주가상승 자신한 CB 발행…‘안전판 부재’에 역풍 부나 [시그널]","코스모신소재(005070), 코람코라이프인프라리츠(357120), TKG휴켐스(069260), TCC스틸(002710), 대원전선(006340), 삼일제약(000520)도 이사회 결의 직후부터 주가 하락폭을 키웠다. 현대건설, 대원전선, 삼일제약은 CB 발행을...","주가상승 자신한 cb 발행 안전판 부재 에 역풍 부나 시그널","40889","","0","원전,건설,철강,바이오","3","N","2026-06-16 15:33:18","2026-06-16 15:43:57","2026-06-16 15:33:18",""
"24104","돈줄 마른 보험사 채권시장…자본확충 '먹구름'","","돈줄 마른 보험사 채권시장 자본확충 먹구름","40890","","0","금리","3","N","2026-06-16 15:33:18","2026-06-16 15:41:17","2026-06-16 15:33:18","2026-06-16 15:33:19"
"24105","'KB금융맨 전성시대'…새 화재보험·여신협회장에 KB 출신 '낙점'","","kb금융맨 전성시대 새 화재보험 여신협회장에 kb 출신 낙점","40891","","0","금융","1","N","2026-06-16 15:33:18","2026-06-16 15:33:18","2026-06-16 15:33:18",""
"24106","치매부터 아픈 뇌까지… '뇌 건강' 전주기로 진화하는 보험","","치매부터 아픈 뇌까지 뇌 건강 전주기로 진화하는 보험","40892","","0","","1","N","2026-06-16 15:33:19","2026-06-16 15:33:19","2026-06-16 15:33:19",""
"24107","[기획] 삼성·교보·한화 '생보 빅3' M&A 출사표 진심일까","","기획 삼성 교보 한화 생보 빅3 m a 출사표 진심일까","40893","","0","금융","1","N","2026-06-16 15:33:19","2026-06-16 15:33:19","2026-06-16 15:33:19",""
"24108","개인정보보호법 개정, 사후처벌을 넘어 사전예방과 피해구제로","※CISO(Chief Information Security Officer), CPO(Chief Privacy Officer) 실태점검은 조사가 아니라 협력적 점검 홍종흠 흥국화재 정보보호실장 저는 실태점검 제도의 취지에 대해서는 공감하지만 (과거의 경험상) 기업 ...","개인정보보호법 개정 사후처벌을 넘어 사전예방과 피해구제로","40895","","0","","1","N","2026-06-16 15:33:19","2026-06-16 15:33:19","2026-06-16 15:33:19",""
"24109","[신창재의 미래비전③] IPO·M&A·AX로 '교보 2막' 연다","SBI홀딩스가 어피니티에쿼티파트너스와 타이거홀딩스 등이 보유한 교보생명 지분을 잇달아 인수해 2대... 과거 교보생명은 크레디트스위스(CS)와 NH투자증권을 대표주관사로 선정하고 미래에셋증권...","신창재의 미래비전 ipo m a ax로 교보 2막 연다","40896","","0","","1","N","2026-06-16 15:33:19","2026-06-16 15:33:19","2026-06-16 15:33:19",""
"24110","HLB제넥스, 김소영 부사장 영입…헬스케어 바이오솔루션 전환 속도","아주경제=박보람 기자 ram07@ajunews.com 김소영 HLB제넥스 신임 부사장[사진=HLB제넥스] HLB제넥스는 글로벌 헬스케어 사업 강화를 위해 김소영 박사를 신임 부사장으로 영입했다고 16일 밝혔다. 김 부사장은 CJ제일제당에서...","k제약바이오 k브랜드 종합 헬스케어 혁신 기업 으로 체질 전환하는","41940","","0","바이오,반도체","16","N","2026-06-16 15:33:19","2026-06-16 15:43:36","2026-06-16 15:33:19","2026-06-16 15:43:36"
"24111","신약개발 넘어 사무·생산까지 … 제약바이오, 전방위 AX로 글로벌 경쟁...","","신약개발 넘어 사무 생산까지 제약바이오 전방위 ax로 글로벌 경쟁","40898","","0","바이오,IT","1","N","2026-06-16 15:33:19","2026-06-16 15:33:19","2026-06-16 15:33:19",""
"24112","'새벽배송에 가운세탁까지'... 주목받는 약사몰 '더샵' 뉴 서비스","","새벽배송에 가운세탁까지 주목받는 약사몰 더샵 뉴 서비스","40900","","0","바이오","1","N","2026-06-16 15:33:19","2026-06-16 15:33:19","2026-06-16 15:33:19",""
"24113","디씨엠, 지배구조 공시 준수율 '0%'…소액주주 보호의지 의문","","디씨엠 지배구조 공시 준수율 0 소액주주 보호의지 의문","40902","","0","화장품,철강","6","N","2026-06-16 15:33:19","2026-06-16 15:43:51","2026-06-16 15:33:19",""
"24114","[속보]삼성전자 2% SK하이닉스 4% 상승 마감","","속보 삼성전자 2 sk하이닉스 4 상승 마감","40907","","0","","1","N","2026-06-16 15:33:19","2026-06-16 15:33:19","2026-06-16 15:33:19",""
"24115","삼성·SK, HBM4E 경쟁 본격화...차세대 AI 메모리 주도권 '격돌'","","삼성 sk hbm4e 경쟁 본격화 차세대 ai 메모리 주도권 격돌","40908","","0","","1","N","2026-06-16 15:33:19","2026-06-16 15:33:19","2026-06-16 15:33:19",""
"24116","[이슈] SK AX, 'AI 스스로 일하는 기업' 만든다","","이슈 sk ax ai 스스로 일하는 기업 만든다","40910","","0","","1","N","2026-06-16 15:33:19","2026-06-16 15:33:19","2026-06-16 15:33:19",""
"24117","조업정지 리스크는 빼고 자산가치는 올리고?…영풍, 회계처리 논란 확산","","조업정지 리스크는 빼고 자산가치는 올리고 영풍 회계처리 논란 확산","40911","","0","","1","N","2026-06-16 15:33:19","2026-06-16 15:33:19","2026-06-16 15:33:19",""
"24118","금융당국, 영풍 회계처리 위반 판단…영풍 ""법적대응 검토""","","금융당국 영풍 회계처리 위반 판단 영풍 법적대응 검토","40912","","0","금융","2","N","2026-06-16 15:33:19","2026-06-16 15:33:19","2026-06-16 15:33:19","2026-06-16 15:33:19"
"24119","독서가 힙해졌다는데…'텍스트힙' 열풍 찾아 서점에 [직접 가봤습니다]","","독서가 힙해졌다는데 텍스트힙 열풍 찾아 서점에 직접 가봤습니다","40913","","0","","1","N","2026-06-16 15:33:19","2026-06-16 15:33:19","2026-06-16 15:33:19",""
"24120","세종사이버대 국방융합학과 양정훈 재학생, 6·25 참전용사 증언 담은 신...","","세종사이버대 국방융합학과 양정훈 재학생 6 25 참전용사 증언 담은 신","40914","","0","","1","N","2026-06-16 15:33:19","2026-06-16 15:33:19","2026-06-16 15:33:19",""
"24121","영풍, 환경정화 충당부채 과소계상 중징계…시민체·환경단체 공세 확대","","영풍 환경정화 충당부채 과소계상 중징계 시민체 환경단체 공세 확대","40915","","0","","2","N","2026-06-16 15:33:19","2026-06-16 15:33:19","2026-06-16 15:33:19","2026-06-16 15:33:19"
"24122","스마트폰 한계 넘는다…KH바텍, 폴더블폰 팽창에 실적 견인","","스마트폰 한계 넘는다 kh바텍 폴더블폰 팽창에 실적 견인","40916","","0","통신","1","N","2026-06-16 15:33:19","2026-06-16 15:33:19","2026-06-16 15:33:19",""
"24123","영풍문고, 서울숲서 이정모 전 관장 북토크 성료","","영풍문고 서울숲서 이정모 전 관장 북토크 성료","40917","","0","","6","N","2026-06-16 15:33:19","2026-06-16 15:33:20","2026-06-16 15:33:19","2026-06-16 15:33:20"
"24124","페로타임즈 손바닥뉴스 6월 15일(월)","안건 '명암' 영풍, 글로벌 표준 정보보호 경영시스템 'ISO27001' 획득 박용선 포항시장, 영일만대교 조속 추진…포스코 투자환경 조성해야 포스코, 철스크랩 매입 가격 인상…최대 톤당 1.5만↑ 고려아연 온산제련소...","페로타임즈 손바닥뉴스 6월 15일 월","40918","","0","철강","2","N","2026-06-16 15:33:19","2026-06-16 15:43:39","2026-06-16 15:33:19","2026-06-16 15:43:39"
"24125","[더벨][이슈 & 보드] 고려아연·영풍, 회계 중징계...감사위원 선출 향방...","","더벨 이슈 보드 고려아연 영풍 회계 중징계 감사위원 선출 향방","40920","","0","","1","N","2026-06-16 15:33:19","2026-06-16 15:33:19","2026-06-16 15:33:19",""
"24126","[주간 데이터동향] 상반기 서점가 휩쓴 '소설' 열풍...돌아온 '문학의 힘...","","주간 데이터동향 상반기 서점가 휩쓴 소설 열풍 돌아온 문학의 힘","40921","","0","","1","N","2026-06-16 15:33:19","2026-06-16 15:33:19","2026-06-16 15:33:19",""
"24127","""여름 맞이 한우 반값에 즐기세요""... 한우자조금, 6월 온·오프라인 할...","","여름 맞이 한우 반값에 즐기세요 한우자조금 6월 온 오프라인 할","40922","","0","사료","1","N","2026-06-16 15:33:19","2026-06-16 15:33:19","2026-06-16 15:33:19",""
"24128","시민과 함께 전주 단오 행사 열린다","","시민과 함께 전주 단오 행사 열린다","40923","","0","","1","N","2026-06-16 15:33:19","2026-06-16 15:33:19","2026-06-16 15:33:19",""
"24129","영풍, 4년간 환경정화 충당부채 축소 적발…환경단체 ""검찰 수사해야"" ...","","영풍 4년간 환경정화 충당부채 축소 적발 환경단체 검찰 수사해야","40925","","0","금융","1","N","2026-06-16 15:33:19","2026-06-16 15:33:19","2026-06-16 15:33:19",""
"24130","영풍문고 '지식 나눔형 북토크', 시민들에게 큰 울림 전했다","","영풍문고 지식 나눔형 북토크 시민들에게 큰 울림 전했다","40926","","0","","1","N","2026-06-16 15:33:19","2026-06-16 15:33:19","2026-06-16 15:33:19",""
"24131","“한우, 초여름 식탁을 채우다”…녹색한우 등 7곳 온오프라인 판매망서...","","한우 초여름 식탁을 채우다 녹색한우 등 7곳 온오프라인 판매망서","40927","","0","사료","1","N","2026-06-16 15:33:20","2026-06-16 15:33:20","2026-06-16 15:33:20",""
"24132","영풍문고, 서울숲서 과학·인문 대화의 장 열어","","영풍문고 서울숲서 과학 인문 대화의 장 열어","40931","","0","","1","N","2026-06-16 15:33:20","2026-06-16 15:33:20","2026-06-16 15:33:20",""
"24133","[TOP's Pick] [중후장대] LS전선, 동해안-수도권 HVDC 2단계 수주 外","","top s pick 중후장대 ls전선 동해안 수도권 hvdc 2단계 수주","40932","","0","","1","N","2026-06-16 15:33:20","2026-06-16 15:33:20","2026-06-16 15:33:20",""
"24134","고려아연 거버넌스 흔드는 영풍…'투자 실패 책임론' 집중포화","","고려아연 거버넌스 흔드는 영풍 투자 실패 책임론 집중포화","40933","","0","","1","N","2026-06-16 15:33:20","2026-06-16 15:33:20","2026-06-16 15:33:20",""
"24135","대호에이엘, 137억 대여 실질사주 옥중 지시…""어차피 결정은 이진훈""","","대호에이엘 137억 대여 실질사주 옥중 지시 어차피 결정은 이진훈","40934","","0","","2","N","2026-06-16 15:33:20","2026-06-16 15:41:18","2026-06-16 15:33:20",""
"24136","영풍문고, 서울국제정원박람회서 인문·과학 북토크 개최","","영풍문고 서울국제정원박람회서 인문 과학 북토크 개최","40936","","0","","1","N","2026-06-16 15:33:20","2026-06-16 15:33:20","2026-06-16 15:33:20",""
"24137","고려아연 ""MBK, 당국 판단 자의적 해석…기업가치 훼손 중단해야""","","고려아연 mbk 당국 판단 자의적 해석 기업가치 훼손 중단해야","40938","","0","","1","N","2026-06-16 15:33:20","2026-06-16 15:33:20","2026-06-16 15:33:20",""
"24138","납품단가 깎고, 대금 안줬나...공정위, 영풍전자 현장조사[only 이데일리...","공정거래위원회가 영풍그룹 계열사인 영풍전자의 하도급법 위반 혐의에 대해 현장조사에 나선 것으로 확인됐다. 15일 업계에 따르면 공정위는 지난 10일부터 12일까지 사흘간 경기도 안산에 있는 영풍전자 사업장에...","납품단가 깎고 대금 안줬나 공정위 영풍전자 현장조사 only 이데일리","40939","","0","","1","N","2026-06-16 15:33:20","2026-06-16 15:33:20","2026-06-16 15:33:20",""
"24139","프로스펙스, 러닝 전용 라인업 ‘울트라라이트 메시’ 시리즈 선봬","LS네트웍스(대표 도석구)의 '프로스펙스'가 러닝족을 겨냥한 신제품 '울트라라이트 메시' 시리즈를 출시했다. 이번 신제품은 최근 러닝 인구 증가에 맞춰 러닝 카테고리 라인업을 확대하기 위해 선보인 제품이다. 반팔...","프로스펙스 러닝 전용 라인업 울트라라이트 메시 시리즈 선봬","40940","","0","","1","N","2026-06-16 15:41:05","2026-06-16 15:41:05","2026-06-16 15:41:05",""
"24140","스타벅스 논란 '이마트 이사회 역할'로 확산, 정용진 등기임원 복귀 앞...","","스타벅스 논란 이마트 이사회 역할 로 확산 정용진 등기임원 복귀 앞","40941","","0","조선","3","N","2026-06-16 15:41:06","2026-06-16 15:43:48","2026-06-16 15:41:06",""
"24141","현대글로비스, 항공화물운송 상장기업 브랜드평판 2026년 6월 1위…CJ대...","이어 KCTC, 한솔로지스틱스, 유수홀딩스, 한익스프레스, 삼일 등이 10위권에 이름을 올렸다. 한국기업평판연구소 구창환 소장은 ""2026년 6월 항공화물운송 상장기업 브랜드평판 분석 결과 현대글로비스 브랜드가...","현대글로비스 항공화물운송 상장기업 브랜드평판 2026년 6월 1위 cj대","40942","","0","항공","13","N","2026-06-16 15:41:06","2026-06-16 15:43:50","2026-06-16 15:41:06","2026-06-16 15:41:06"
"24142","[도시정비시장 풍향계] 현대ㆍ롯데건설, 명장5구역 재개발 2차 현설 참석","이날 현설에는 현대건설, 롯데건설 등 2개사가 참석했다. 현대건설이 지난 1차에 이어 연속으로 참석했고, 롯데건설은 이번에 처음 자리했다. 명장5구역 재개발 조합은 내달 7일 입찰을 마감할 예정이다. 건설사가...","도시정비시장 풍향계 현대 롯데건설 명장5구역 재개발 2차 현설 참석","40946","","0","건설","3","N","2026-06-16 15:41:06","2026-06-16 15:43:21","2026-06-16 15:41:06","2026-06-16 15:41:23"
"24143","이란 여자 배구 사령탑 이도희, AVC 올해의 지도자상 후보","","이란 여자 배구 사령탑 이도희 avc 올해의 지도자상 후보","40947","","0","건설","1","N","2026-06-16 15:41:06","2026-06-16 15:41:06","2026-06-16 15:41:06",""
"24144","국내 최대 해상풍력 전초기지, 광양만권에 떴다…1,200톤급 괴물급 장비...","","국내 최대 해상풍력 전초기지 광양만권에 떴다 1 200톤급 괴물급 장비","40949","","0","건설,철강","1","N","2026-06-16 15:41:06","2026-06-16 15:41:06","2026-06-16 15:41:06",""
"24145","실업배구 수원시청, 현대건설 꺾고 퓨처스 챔프전 우승","실업팀 수원시청이 현대건설을 꺾고 2026 한국실업배구연맹 & 프로배구 퓨처스 챔프전에서 우승했다. 수원시청은 16일 충북 단양군체육관에서 열린 대회 여자부 결승에서 현대건설을 세트 점수 3-0(25-23 25-20 25-20)...","실업배구 수원시청 현대건설 꺾고 퓨처스 챔프전 우승","40956","","0","건설,항공","2","N","2026-06-16 15:41:06","2026-06-16 15:43:32","2026-06-16 15:41:06","2026-06-16 15:43:32"
"24146","밸류마크, 삼성화재와 중소기업 맞춤형 위험관리 솔루션 제공 위한 업무...","","밸류마크 삼성화재와 중소기업 맞춤형 위험관리 솔루션 제공 위한 업무","40961","","0","","1","N","2026-06-16 15:41:06","2026-06-16 15:41:06","2026-06-16 15:41:06",""
"24147","[보험브리핑] 삼성화재, 다이렉트 전용 러닝보험 출시 외","삼성화재는 러닝을 즐기는 고객들의 부상 위험을 단계별로 보장하고, 개개인의 운동 스타일에 따라 플랜을 자유롭게 선택할 수 있는 다이렉트 전용 '러닝보험'을 출시했다고 16일 밝혔다. '러닝보험'은 특약 가입 시 골절...","보험브리핑 삼성화재 다이렉트 전용 러닝보험 출시 외","40963","","0","","6","N","2026-06-16 15:41:06","2026-06-16 15:41:19","2026-06-16 15:41:06","2026-06-16 15:41:07"
"24148","AI 교육기업들 강의실 벗어나 현장으로, 에이블런 '일잘러 페스타' 출격","","ai 교육기업들 강의실 벗어나 현장으로 에이블런 일잘러 페스타 출격","40964","","0","","1","N","2026-06-16 15:41:07","2026-06-16 15:41:07","2026-06-16 15:41:07",""
"24149","삼성화재, 무릎 수술비 지원 러닝 전용보험 선봬","","삼성화재 무릎 수술비 지원 러닝 전용보험 선봬","40965","","0","","1","N","2026-06-16 15:41:07","2026-06-16 15:41:07","2026-06-16 15:41:07",""
"24150","삼성화재, 치료부터 재활까지 보장 '러닝보험' 출시","삼성화재가 '러닝보험'을 출시했다. [이미지=삼성화재 ] 러닝 인구가 늘면서 관련 보험 상품도 세분화되고 있다. 삼성화재는 러닝 중 발생할 수 있는 골절과 무릎 부상 등을 보장하는 다이렉트 전용 '러닝보험'을 16일...","삼성화재 치료부터 재활까지 보장 러닝보험 출시","40967","","0","","2","N","2026-06-16 15:41:07","2026-06-16 15:41:07","2026-06-16 15:41:07","2026-06-16 15:41:07"
"24151","[현장] 삼성준감위원장 ""지방공장 추진, 지속가능성 고려해야…영업익...","","현장 삼성준감위원장 지방공장 추진 지속가능성 고려해야 영업익","40968","","0","","1","N","2026-06-16 15:41:07","2026-06-16 15:41:07","2026-06-16 15:41:07",""
"24152","[금융 라운지] DB손보, '블랙박스 영상 활용 AI 과실판정 시스템' 출시","◆ 삼성화재는 러닝 중 발생할 수 있는 부상을 단계별로 보장하는 다이렉트 전용 '러닝보험'을 출시했다. 골절 진단부터 수술, 재활치료까지 전 과정을 보장하며 러너스니(무릎 질환) 수술비 특약도 탑재했다. 1일·월간...","금융 라운지 db손보 블랙박스 영상 활용 ai 과실판정 시스템 출시","40971","","0","금융","2","N","2026-06-16 15:41:07","2026-06-16 15:41:20","2026-06-16 15:41:07",""
"24153","전북도, 소상공인 풍수해보험 지원사업 추진","대상자는 내년 5월 말까지 메리츠화재·삼성화재·현대해상·DB손해보험사의 풍수해보험에 신규가입 또는 재가입한 도내 소상공인으로, 예산 소진 시까지 약 1,200명을 지원한다. 희망자는 풍수해보험에 가입한 뒤 자부담...","전북도 소상공인 풍수해보험 지원사업 추진","40972","","0","","8","N","2026-06-16 15:41:07","2026-06-16 15:41:17","2026-06-16 15:41:07","2026-06-16 15:41:17"
"24154","마라톤 대회 당일 하루만 보장도 가능…삼성화재 '러닝보험'","삼성화재는 러닝을 즐기는 고객들의 부상 위험을 단계별로 보장하고, 마라톤 대회 당일 단 하루만 보장도 가능한 다이렉트 전용 '러닝보험'을 출시했다고 16일 밝혔다. '러닝보험'은 골절 사고를 단계별로 집중적으로...","마라톤 대회 당일 하루만 보장도 가능 삼성화재 러닝보험","40973","","0","","1","N","2026-06-16 15:41:07","2026-06-16 15:41:07","2026-06-16 15:41:07",""
"24155","[트라이아웃 회고](8) 2022년, 마지막 비대면 드래프트","# 남자부 드래프트와 교체 선수 남자부는 삼성화재가 행운의 1순위 지명권을 획득했다. 신임 김상우 감독은 아흐메드 이크바이리(리비아/200cm)를 지명했다. 현대캐피탈 최태웅 감독은 2순위 지명권을 얻어 V-리그...","트라이아웃 회고 8 2022년 마지막 비대면 드래프트","40974","","0","","1","N","2026-06-16 15:41:07","2026-06-16 15:41:07","2026-06-16 15:41:07",""
"24156","""AI 공격엔 AI 방패""…망분리 완화로 금융권 보안체계 대전환","대상 금융사로는 신한·하나·우리은행, 카카오뱅크, 삼성화재, 한화생명, 현대카드 등 10개사가 거론된다. 대상 금융사들은 생성형 AI를 활용해 해킹이나 정보유출로 이어질 수 있는 이상 징후를 조기에 탐지하고 시스템...","ai 공격엔 ai 방패 망분리 완화로 금융권 보안체계 대전환","40975","","0","금융","1","N","2026-06-16 15:41:07","2026-06-16 15:41:07","2026-06-16 15:41:07",""
"24157","""부상 걱정 없이 달린다""… 삼성화재, 러너 전용 '러닝보험' 전격 등판","삼성화재가 업계 최초로 러너들의 라이프스타일에 정밀 조준해 검사부터 수술, 재활치료까지 전 과정을 원스톱으로 케어하는 다이렉트 전용 '러닝보험'을 선보인 것이다. 마라톤 대회 당일 아침에도 스마트폰으로...","부상 걱정 없이 달린다 삼성화재 러너 전용 러닝보험 전격 등판","40977","","0","","1","N","2026-06-16 15:41:07","2026-06-16 15:41:07","2026-06-16 15:41:07",""
"24158","'라임 사태 무죄' 박정림 '액티브 ETF' 타임폴리오운용 손잡은 이유","또 삼성화재 자산운용실 부장과 KB국민은행 여신그룹 부행장, KB금융지주 총괄부문장을 거쳐 금융권 전반을 경험한 점도 강점이다. KB금융그룹을 떠난 뒤에도 자본시장과의 연결고리를 유지한 점도 주목받는다. 그는...","라임 사태 무죄 박정림 액티브 etf 타임폴리오운용 손잡은 이유","40979","","0","금융","3","N","2026-06-16 15:41:07","2026-06-16 15:41:35","2026-06-16 15:41:07","2026-06-16 15:41:35"
"24159","“디지털자산 수탁시장 법인계좌 허용이 가장 중요”","KODA는 삼성화재와 2000만달러 규모의 보험계약을 체결한 상태로, 보험한도 증액을 위해 복수 보험사와 협의 중이다. 다만 국내 보험시장은 아직 디지털자산 커스터디 리스크를 직접 평가하고 인수하는 표준화된 상품이...","디지털자산 수탁시장 법인계좌 허용이 가장 중요","40981","","0","달러","1","N","2026-06-16 15:41:07","2026-06-16 15:41:07","2026-06-16 15:41:07",""
"24160","AI에게 일 맡기는 삼성…15개 계열사 보안 인력 확보전","경력 채용 계열사는 ▲삼성디스플레이 ▲삼성SDS ▲삼성바이오로직스 ▲삼성바이오에피스 ▲삼성생명 ▲삼성화재 ▲삼성카드 ▲삼성증권 ▲삼성중공업 ▲삼성E&A ▲삼성물산 상사·리조트·패션부문 ▲호텔신라...","ai에게 일 맡기는 삼성 15개 계열사 보안 인력 확보전","40982","","0","바이오,조선","1","N","2026-06-16 15:41:07","2026-06-16 15:41:07","2026-06-16 15:41:07",""
"24161","삼성화재, 러너를 위한 '러닝보험' 선봬","화이트페이퍼, WHITEPAPER삼성화재 다이렉트, 러너를 위한 '러닝보험' 출시. (사진=삼성화재)  삼성화재가 러닝족을 겨냥한 다이렉트 보험을 선보였다. 러닝을 즐기는 고객들의 부상 위험을 단계별로 보장하고 개인의 운동...","삼성화재 러너를 위한 러닝보험 선봬","40983","","0","IT","2","N","2026-06-16 15:41:07","2026-06-16 15:41:17","2026-06-16 15:41:07","2026-06-16 15:41:17"
"24162","러닝 열풍에 보험도 세분화…하루짜리부터 연간 보장까지","포쓰저널 김지훈 기자 사진=삼성화재 달리기를 취미로 즐기는 사람이 늘면서 러닝 중 발생하는 부상을 겨냥한 보험 상품도 세분화되고 있다. 과거에는 골절이나 깁스처럼 사고 결과를 보장하는 미니보험이 중심이었다면...","러닝 열풍에 보험도 세분화 하루짜리부터 연간 보장까지","40984","","0","","1","N","2026-06-16 15:41:07","2026-06-16 15:41:07","2026-06-16 15:41:07",""
"24163","보험업계, 러닝보험부터 AI 과실판정까지…신상품·신사업 확대","삼성화재는 러닝 인구 증가에 맞춰 다이렉트 전용 '러닝보험'을 출시했다. 해당 상품은 골절 진단부터 수술, 재활치료까지 러닝 중 발생할 수 있는 부상 위험을 단계별로 보장한다. 특히 러너들에게 자주 발생하는 무릎...","보험업계 러닝보험부터 ai 과실판정까지 신상품 신사업 확대","40985","","0","","1","N","2026-06-16 15:41:07","2026-06-16 15:41:07","2026-06-16 15:41:07",""
"24164","전기차·반도체·로봇 다 잡았다…대성하이텍, 미래 제조산업 핵심 부각","","전기차 반도체 로봇 다 잡았다 대성하이텍 미래 제조산업 핵심 부각","40987","","0","반도체","4","N","2026-06-16 15:41:07","2026-06-16 15:43:50","2026-06-16 15:41:07",""
"24165","NH투자증권 첫 각자대표, '성장'과 '내부통제' 과제 앞둬","과거 LG투자증권을 시작으로 한화증권, 한국투자증권(옛 동원증권) 등을 거쳐 지난 2017년에 다시 NH투자증권에 합류했다. ​ 임원후보추천위원회도 신 후보에 대해 ""부동산 및 인프라투자 분야에서 독보적인 전문성과...","nh투자증권 첫 각자대표 성장 과 내부통제 과제 앞둬","40990","","0","","2","N","2026-06-16 15:41:08","2026-06-16 15:43:34","2026-06-16 15:41:08",""
"24166","총저축률·투자율 역대급 괴리… 반도체 호황에도 ‘돈 가뭄’","재경부·산업부는 차관 주재로 삼성전자, SK하이닉스, 현대·기아차, HD한국조선해양, 삼성중공업, 한화오션과 만나며 수출 대기업의 협조를 당부했다. 해당 간담회서 정부와 수출 대기업은 수출대금의 즉시 환전, 해외...","총저축률 투자율 역대급 괴리 반도체 호황에도 돈 가뭄","40992","","0","반도체,조선","1","N","2026-06-16 15:41:08","2026-06-16 15:41:08","2026-06-16 15:41:08",""
"24167","[부고] 김종율(롯데케미칼 대산공장 총무담당 수석)씨 모친상 외","▲손길용씨 별세, 손광돈(한화투자증권 연금컨설팅1팀장)·손홍숙·손양숙씨 부친상 = 16일, 광주 스카이장례식장 3층 302호실, 발인 18일 오전 7시30분(062-951-1004). ▲정근배씨 별세, 정정조(정도 전무)·정후조...","부고 김종율 롯데케미칼 대산공장 총무담당 수석 씨 모친상 외","40995","","0","","2","N","2026-06-16 15:41:08","2026-06-16 15:43:32","2026-06-16 15:41:08",""
"24168","한화솔루션, 美 생산망 확대에 실적 반등 기대…차세대 태양광 공략 속...","美 카터스빌 내달 본격 가동 북미 모듈 생산능력 8.6GW로 확대 탠덤 투자로 고효율 태양광 공략 미국 조지아주 카터스빌에 위치한 한화큐셀 공장 전경/한화솔루션 한화솔루션이 미국 태양광 공급망 확대를 앞세워...","한화솔루션 생산망 확대에 실적 반등 기대 차세대 태양광 공략 속","40996","","0","통신","1","N","2026-06-16 15:41:08","2026-06-16 15:41:08","2026-06-16 15:41:08",""
"24169","오늘의 부고-유민철 민철 KBS 안동방송국장 부친상 외","■손길용씨 별세, 광돈 한화투자증권 연금컨설팅1팀장·홍숙·양숙씨 부친상=16일 광주스카이장례식장. 발인 18일 (062)951-1004 ■강희자씨 별세, 김종율 롯데케미칼 대산공장 총무담당 수석 모친상=16일...","오늘의 부고 유민철 민철 kbs 안동방송국장 부친상 외","41000","","0","","2","N","2026-06-16 15:41:08","2026-06-16 15:43:32","2026-06-16 15:41:08",""
"24170","리바이 패키지 술 나온다…보해양조, ‘진격의 거인’ 팬덤 공략","","리바이 패키지 술 나온다 보해양조 진격의 거인 팬덤 공략","41001","","0","","1","N","2026-06-16 15:41:08","2026-06-16 15:41:08","2026-06-16 15:41:08",""
"24171","보해양조, ‘진격의 거인’ 전시 연계 한정판 주류 공개","","보해양조 진격의 거인 전시 연계 한정판 주류 공개","41002","","0","","8","N","2026-06-16 15:41:08","2026-06-16 15:41:09","2026-06-16 15:41:08","2026-06-16 15:41:09"
"24172","보해 디아블로'에 이어 '진격의 거인展 FINAL'","","보해 디아블로 에 이어 진격의 거인 final","41006","","0","","1","N","2026-06-16 15:41:08","2026-06-16 15:41:08","2026-06-16 15:41:08",""
"24173","라이필 콜라겐-비타민C 결합 제품부터 마즈 '스니커즈-트윅스 아이스 바...","","라이필 콜라겐 비타민c 결합 제품부터 마즈 스니커즈 트윅스 아이스 바","41008","","0","","1","N","2026-06-16 15:41:08","2026-06-16 15:41:08","2026-06-16 15:41:08",""
"24174","인재육성아카데미, '미래내일 일경험 사업'","참여자들은 광주FC, 노을커뮤니케이션즈, 보해양조가 제안한 4개 프로젝트를 수행한다. 주요 과제는 광주FC 홈경기 관중 유치 및 팬 경험 개선, 국립아시아문화전당 통합 마케팅 전략 수립, 보해양조 증류식 소주 영업 강화...","인재육성아카데미 미래내일 일경험 사업","41012","","0","","1","N","2026-06-16 15:41:09","2026-06-16 15:41:09","2026-06-16 15:41:09",""
"24175","국립창원대, 'Google for Education 로드쇼' 개최","","국립창원대 google for education 로드쇼 개최","41013","","0","","1","N","2026-06-16 15:41:09","2026-06-16 15:41:09","2026-06-16 15:41:09",""
"24176","[공시] 한국유니온제약, 회생 M&A 일정 조정…신주 상장 예정일 연기","","공시 한국유니온제약 회생 m a 일정 조정 신주 상장 예정일 연기","41014","","0","바이오","2","N","2026-06-16 15:41:09","2026-06-16 15:43:21","2026-06-16 15:41:09",""
"24177","올 여름 휴가, 어떤 카드 써볼까","","올 여름 휴가 어떤 카드 써볼까","41015","","0","","1","N","2026-06-16 15:41:09","2026-06-16 15:41:09","2026-06-16 15:41:09",""
"24178","[정보] 2026년 상반기, 어떤 니케들이 나왔을까? 그리고 성능은?","","정보 2026년 상반기 어떤 니케들이 나왔을까 그리고 성능은","41016","","0","","1","N","2026-06-16 15:41:09","2026-06-16 15:41:09","2026-06-16 15:41:09",""
"24179","테슬라 '옵티머스' 밸류체인 진입…아모그린텍, 고효율 자성소재 독주","","테슬라 옵티머스 밸류체인 진입 아모그린텍 고효율 자성소재 독주","41017","","0","","2","N","2026-06-16 15:41:09","2026-06-16 15:43:52","2026-06-16 15:41:09",""
"24180","건설 불황, 정면 돌파한다…동양, 건자재 유통·영업망 대폭 확대","","건설 불황 정면 돌파한다 동양 건자재 유통 영업망 대폭 확대","41018","","0","건설","3","N","2026-06-16 15:41:09","2026-06-16 15:43:56","2026-06-16 15:41:09",""
"24181","“더 건강하고 더 친환경적으로”... 미국, 전기 자전거 시장 성장","","더 건강하고 더 친환경적으로 미국 전기 자전거 시장 성장","41019","","0","달러","1","N","2026-06-16 15:41:09","2026-06-16 15:41:09","2026-06-16 15:41:09",""
"24182","'어메이징 타일랜드 그랜드 세일 2026'","","어메이징 타일랜드 그랜드 세일 2026","41020","","0","","2","N","2026-06-16 15:41:09","2026-06-16 15:41:09","2026-06-16 15:41:09","2026-06-16 15:41:09"
"24183","신안건설·라이브링크, 효율·체계적 ‘물류·유통’ 체계 만든다","","신안건설 라이브링크 효율 체계적 물류 유통 체계 만든다","41021","","0","건설","1","N","2026-06-16 15:41:09","2026-06-16 15:41:09","2026-06-16 15:41:09",""
"24184","유니온픽처스, 메이크어위시와 난치병 환아 위한 문화 기부 협약 체결","","유니온픽처스 메이크어위시와 난치병 환아 위한 문화 기부 협약 체결","41022","","0","","1","N","2026-06-16 15:41:09","2026-06-16 15:41:09","2026-06-16 15:41:09",""
"24185","""태국 전역이 거대한 쇼핑몰로""…경제 효과만 7000억 바트, '어메이징 타...","","태국 전역이 거대한 쇼핑몰로 경제 효과만 7000억 바트 어메이징 타","41023","","0","","1","N","2026-06-16 15:41:09","2026-06-16 15:41:09","2026-06-16 15:41:09",""
"24186","러블리즈 케이 ""'메이플스토리' 신규 직업 '레테' 테마곡 불러 영광…신...","","러블리즈 케이 메이플스토리 신규 직업 레테 테마곡 불러 영광 신","41024","","0","","1","N","2026-06-16 15:41:09","2026-06-16 15:41:09","2026-06-16 15:41:09",""
"24187","전역이 쇼핑몰로 변신... 태국관광청, 6월부터 3달간 '어메이징 타일랜...","","전역이 쇼핑몰로 변신 태국관광청 6월부터 3달간 어메이징 타일랜","41025","","0","금융","1","N","2026-06-16 15:41:09","2026-06-16 15:41:09","2026-06-16 15:41:09",""
"24188","도급제 노동자 최저임금 ‘부결’… 민주노총 경기본부 “정부 규탄”","","도급제 노동자 최저임금 부결 민주노총 경기본부 정부 규탄","41026","","0","","2","N","2026-06-16 15:41:09","2026-06-16 15:41:09","2026-06-16 15:41:09","2026-06-16 15:41:09"
"24189","노동계 ""내년 최저임금 1만2000원으로""","","노동계 내년 최저임금 1만2000원으로","41027","","0","","1","N","2026-06-16 15:41:09","2026-06-16 15:41:09","2026-06-16 15:41:09",""
"24190","철원에 울려 퍼진 목소리, 또 하나의 역사가 시작됐다","","철원에 울려 퍼진 목소리 또 하나의 역사가 시작됐다","41029","","0","","1","N","2026-06-16 15:41:09","2026-06-16 15:41:09","2026-06-16 15:41:09",""
"24191","LA 다운타운, 세계 주요 도심 중 ‘활력 최하위권’ 굴욕","","la 다운타운 세계 주요 도심 중 활력 최하위권 굴욕","41030","","0","금융","1","N","2026-06-16 15:41:09","2026-06-16 15:41:09","2026-06-16 15:41:09",""
"24192","[MONEY] “환전부터 공항 라운지까지 한 번에”…해외여행 특화 서비스...","","money 환전부터 공항 라운지까지 한 번에 해외여행 특화 서비스","41032","","0","","1","N","2026-06-16 15:41:09","2026-06-16 15:41:09","2026-06-16 15:41:09",""
"24193","단순 복구 아닌 인프라 고도화… 친환경 아스콘 SG, 우크라 영토 넓힌다","","단순 복구 아닌 인프라 고도화 친환경 아스콘 sg 우크라 영토 넓힌다","41034","","0","","3","N","2026-06-16 15:41:09","2026-06-16 15:43:56","2026-06-16 15:41:09",""
"24194","도둑이 도둑을 알아본다?... 미국은 왜 그렇게 화웨이를 의심했나","","도둑이 도둑을 알아본다 미국은 왜 그렇게 화웨이를 의심했나","41035","","0","","1","N","2026-06-16 15:41:09","2026-06-16 15:41:09","2026-06-16 15:41:09",""
"24195","일반노조 부산본부 대학지회, 최저임금 인상 촉구 결의대회 열어","","일반노조 부산본부 대학지회 최저임금 인상 촉구 결의대회 열어","41036","","0","","1","N","2026-06-16 15:41:09","2026-06-16 15:41:09","2026-06-16 15:41:09",""
"24196","‘1할 타자’ 송성문, 마이너 '강등' 피했다…샌디에이고, 에드콕 ‘방...","","1할 타자 송성문 마이너 강등 피했다 샌디에이고 에드콕 방","41037","","0","","1","N","2026-06-16 15:41:09","2026-06-16 15:41:09","2026-06-16 15:41:09",""
"24197","[시승기] 739km 달리는 5.4m 거구, 캐딜락 '에스컬레이드 IQ' 타보니","전방 상황을 멀리까지 파악해 앞차가 저속으로 주행할 경우 스스로 추월을 감행하며, 갑작스러운 끼어들기... 때문에 전방을 주시하며 이를 조절하기는 쉽지 않았으며 주행 중 손이 헤매는 상황이 생겼다. 디지털...","시승기 739km 달리는 5 4m 거구 캐딜락 에스컬레이드 iq 타보니","41040","","0","","1","N","2026-06-16 15:41:10","2026-06-16 15:41:10","2026-06-16 15:41:10",""
"24198","교통사고사망 사고, 실형을 피하기 위해 반드시 알아야 할 대응방법","최근 창원지방법원 진주지원 2025고단1049 교통사고처리특례법위반(치사) 사건에서 운전자가 전방주시의무를... 운전자는 평소 전방주시와 안전운전을 생활화해야 하며, 사고가 발생했다면 초기 대응부터 재판 단계까지...","교통사고사망 사고 실형을 피하기 위해 반드시 알아야 할 대응방법","41041","","0","","1","N","2026-06-16 15:41:10","2026-06-16 15:41:10","2026-06-16 15:41:10",""
"24199","'무패 행진 수호'…강원 이기혁, 5월 K리그 이달의 선수 수상","수비 조직을 조율하면서도 공을 소유했을 때는 전방으로의 전개를 책임지며 팀 전술의 중심 축 역할을 수행했다. 개인 기록에서도 평가를 뒷받침할 만한 내용이 나왔다. 이기혁은 5월에만 라운드 베스트 11에 네 차례...","무패 행진 수호 강원 이기혁 5월 k리그 이달의 선수 수상","41042","","0","","1","N","2026-06-16 15:41:10","2026-06-16 15:41:10","2026-06-16 15:41:10",""
"24200","1부서도 돋보이는 ‘포터백‘부터 ‘킥오프 전술’까지…안양 유병훈 감...","안양은 지난시즌에 최전방을 책임진 모따(전북)의 공백을 완벽하게 메웠다고 볼 수 없다. 엘쿠라노는 아직... 유 감독은 “후방에서의 작업은 그런대로 괜찮았는데, 전방에 도착해 공을 지키는 부분이나 속도감 있게 공간...","1부서도 돋보이는 포터백 부터 킥오프 전술 까지 안양 유병훈 감","41044","","0","","1","N","2026-06-16 15:41:10","2026-06-16 15:41:10","2026-06-16 15:41:10",""
"24201","팅크웨어, 초고화질 미니 블랙박스 ‘아이나비 QXD9900mini’ 출시","차선 이탈 감지 시스템(LDWS), 앞차 출발 알림(FVSA), 전방 추돌 경보 시스템(FCWS), 도심형 전방 추돌 경보 시스템(uFCWS), 제한속도알림(SLA) 등을 통해 운전자에게 다양한 주행 정보를 제공한다. 이밖에도 2.7인치...","팅크웨어 초고화질 미니 블랙박스 아이나비 qxd9900mini 출시","41046","","0","","1","N","2026-06-16 15:41:10","2026-06-16 15:41:10","2026-06-16 15:41:10",""
"24202","""성능·효율 두마리 토끼 잡았다""…한국토요타, 올 뉴 라브4 출시","종합 예방 안전 시스템 '토요타 세이프티 센스'에는 운전자 모니터링 카메라(DMC)와 전방 교차 차량 감지 기능(FCTA)이 추가됐다. DMC는 운전자의 시선과 얼굴 방향, 눈 깜빡임 상태 등을 실시간으로 측정해 전방 주시...","성능 효율 두마리 토끼 잡았다 한국토요타 올 뉴 라브4 출시","41048","","0","","1","N","2026-06-16 15:41:10","2026-06-16 15:41:10","2026-06-16 15:41:10",""
"24203","'뉴캐슬, 1억파운드에서 더 올리겠네' HERE WE GO 독점! 토트넘까지 이탈...","후방에서 상대의 강한 전방 압박을 받을 때 간혹 실책이 나오거나 경기 조율 템포가 느릴 때가 있다. 상대 골박스 근처까지 잘 전진하지만, 파이널 서드(공격 지역)에서의 세밀한 패스나 마무리 판단은 다소 아쉽다는...","뉴캐슬 1억파운드에서 더 올리겠네 here we go 독점 토트넘까지 이탈","41049","","0","","1","N","2026-06-16 15:41:10","2026-06-16 15:41:10","2026-06-16 15:41:10",""
"24204","“차세대 전력반도체 육성”… 정부, 최대 7500억 베팅","AI 데이터센터·전기차 확산 대응 국비 5000억 등 R&D 사업 추진 DB하이텍·SK파워텍 등 수혜 기대 [대한경제=이계풍 기자]정부가 차세대 전력반도체 육성에 본격적으로 나선다. 인공지능(AI) 데이터센터·전기차...","차세대 전력반도체 육성 정부 최대 7500억 베팅","41052","","0","반도체","1","N","2026-06-16 15:41:10","2026-06-16 15:41:10","2026-06-16 15:41:10",""
"24205","신한금융-DB그룹 '맞손'…500억 생산적금융 펀드 띄운다","아울러 DB하이텍이 출자자로 참여해 반도체를 포함한 첨단산업 분야의 전문성을 더할 예정이다. 주요 투자 대상은 국내 첨단산업 분야의 상장 및 비상장 기업이다. 상장사 전환사채(CB) 등 메자닌 투자를 통해 안정적인...","신한금융 db그룹 맞손 500억 생산적금융 펀드 띄운다","41053","","0","반도체,금융","7","N","2026-06-16 15:41:10","2026-06-16 15:41:10","2026-06-16 15:41:10","2026-06-16 15:41:10"
"24206","세라믹산업연구조합, ‘반도체 식각용 쿼츠 NNS 실린더’ 국산화 본격 ...","분석 DB)이 함께 참여한다. 쿼츠테크놀로지가 주관하는 2세부 과제는 아크 플라즈마법 기반의 5N급 대형 NNS 실린더 제조 기술을 개발한다. 팩테크, 하이텍산업개발이 협력해 고온·고하중 대응 전원 및 용융 시스템을...","세라믹산업연구조합 반도체 식각용 쿼츠 nns 실린더 국산화 본격","41056","","0","반도체","1","N","2026-06-16 15:41:10","2026-06-16 15:41:10","2026-06-16 15:41:10",""
"24207","[#증권톡톡] 하나증권 장애인 청년 채용 확대·신한증권 '신한-DB 신기술...","DB하이텍의 출자로 반도체를 포함한 첨단산업 분야의 전문성을 더할 예정이다. 주요 투자 대상은 국내 첨단산업 분야의 상장 및 비상장 기업이다. 상장사 전환사채(CB) 등 메자닌 투자를 통해 안정적인 수익 기반을...","증권톡톡 하나증권 장애인 청년 채용 확대 신한증권 신한 db 신기술","41071","","0","반도체","1","N","2026-06-16 15:41:11","2026-06-16 15:41:11","2026-06-16 15:41:11",""
"24208","국민 93% “종이는 친환경”…택배·유통 포장재 종이 전환 요구 높아","사진 왼쪽부터 정동하 태림페이퍼 대표, 한경록 한솔제지 사장, 조한제 대한제지 부사장, 정연수 아진피앤피 부회장, 문성운 페이퍼코리아 사장, 최현수 제지연합회 회장, 이복진 태림 고문, 이동열 깨끗한나라 사장...","국민 93 종이는 친환경 택배 유통 포장재 종이 전환 요구 높아","41073","","0","","4","N","2026-06-16 15:41:11","2026-06-16 15:43:51","2026-06-16 15:41:11",""
"24209","HLB제넥스 신임 부사장으로 김소영 박사 영입, CJ제일제당 출신 바이오...","","hlb제넥스 신임 부사장으로 김소영 박사 영입 cj제일제당 출신 바이오","41074","","0","바이오","2","N","2026-06-16 15:41:11","2026-06-16 15:43:36","2026-06-16 15:41:11",""
"24210","[A 오늘의 유통] 파리바게뜨·오뚜기·LG생활건강·장인정신 에브리데이...","","a 오늘의 유통 파리바게뜨 오뚜기 lg생활건강 장인정신 에브리데이","41075","","0","","4","N","2026-06-16 15:41:11","2026-06-16 15:43:58","2026-06-16 15:41:11",""
"24211","이마트24, 취사병 전설이 되다 ‘홍시떡볶이’ 도시락 상품화","","이마트24 취사병 전설이 되다 홍시떡볶이 도시락 상품화","41076","","0","","4","N","2026-06-16 15:41:11","2026-06-16 15:41:11","2026-06-16 15:41:11","2026-06-16 15:41:11"
"24212","[르포] 기록보다 경험…남산 물들인 CJ푸드빌 '글로벌 나이트 워크'","","르포 기록보다 경험 남산 물들인 cj푸드빌 글로벌 나이트 워크","41077","","0","","2","N","2026-06-16 15:41:11","2026-06-16 15:41:11","2026-06-16 15:41:11","2026-06-16 15:41:11"
"24213","CJ푸드빌, N서울타워 '글로벌 나이트 워크' 흥행…참가자 2.5배 증가","","cj푸드빌 n서울타워 글로벌 나이트 워크 흥행 참가자 2 5배 증가","41078","","0","","1","N","2026-06-16 15:41:11","2026-06-16 15:41:11","2026-06-16 15:41:11",""
"24214","걷고 먹고 즐겼다…N서울타워 나이트 워크 3600명 몰려","","걷고 먹고 즐겼다 n서울타워 나이트 워크 3600명 몰려","41079","","0","","1","N","2026-06-16 15:41:11","2026-06-16 15:41:11","2026-06-16 15:41:11",""
"24215","‘취사병’ 속 군대리아·춘장 찜닭 편의점 간편식으로 나온다","","취사병 속 군대리아 춘장 찜닭 편의점 간편식으로 나온다","41081","","0","","1","N","2026-06-16 15:41:11","2026-06-16 15:41:11","2026-06-16 15:41:11",""
"24216","'호실적' 롯데웰푸드의 아픈 손가락…거꾸로 가는 '쉐푸드'","","호실적 롯데웰푸드의 아픈 손가락 거꾸로 가는 쉐푸드","41082","","0","","1","N","2026-06-16 15:41:11","2026-06-16 15:41:11","2026-06-16 15:41:11",""
"24217","들어올 땐 '원클릭' 나갈 땐 '12단계'… 티빙 해킹 터졌는데 탈퇴는 '미...","","들어올 땐 원클릭 나갈 땐 12단계 티빙 해킹 터졌는데 탈퇴는 미","41083","","0","","1","N","2026-06-16 15:41:11","2026-06-16 15:41:11","2026-06-16 15:41:11",""
"24218","[전자·테크업계 소식] 삼성전자, LG전자, CJ올리브네트웍스","","전자 테크업계 소식 삼성전자 lg전자 cj올리브네트웍스","41085","","0","","1","N","2026-06-16 15:41:11","2026-06-16 15:41:11","2026-06-16 15:41:11",""
"24219","편의점 3사, 인기 드라마 ‘취사병 전설이 되다’ 컬래버 일제히 출시","","편의점 3사 인기 드라마 취사병 전설이 되다 컬래버 일제히 출시","41089","","0","","1","N","2026-06-16 15:41:11","2026-06-16 15:41:11","2026-06-16 15:41:11",""
"24220","CJ제일제당, 드라마 협업 간편식 상품 전개","","cj제일제당 드라마 협업 간편식 상품 전개","41090","","0","","3","N","2026-06-16 15:41:12","2026-06-16 15:43:50","2026-06-16 15:41:12",""
"24221","GC녹십자웰빙, '라이넥주' 고용량 정맥투여 임상 3상 성공…간 기능 개...","GC녹십자웰빙은 만성간질환 치료제 '라이넥주'의 임상 3상에서 유의미한 치료 효과를 확인하며 연내 품목허가 신청에 나섰고, JW중외제약은 이상지질혈증 치료제 '리바로젯 2/10㎎'을 앞세워 복합제 시장 1위에 올랐다....","gc녹십자웰빙 라이넥주 고용량 정맥투여 임상 3상 성공 간 기능 개","41099","","0","바이오","1","N","2026-06-16 15:41:12","2026-06-16 15:41:12","2026-06-16 15:41:12",""
"24222","'리바로젯' 4월 매출 1위 비결은…피타바스타틴 경쟁력 통했다","이상지질혈증 치료제 시장에서 스타틴·에제티미브 2제 복합제 경쟁이 치열해지는 가운데 JW중외제약의 '리바로젯 2/10mg'이 전체 시장 매출 1위에 오르며 존재감을 키우고 있다. 이번 결과는 단순한 처방 확대를 넘어...","리바로젯 4월 매출 1위 비결은 피타바스타틴 경쟁력 통했다","41103","","0","바이오","1","N","2026-06-16 15:41:12","2026-06-16 15:41:12","2026-06-16 15:41:12",""
"24223","[동정] 당진부시장","▲ 황침현 당진부시장 ▲황침현 당진부시장은 17일 오전 11시 의회 본회의장에서 열리는 '제4대 당진시의회 폐막식'에 참석해 인사말 및 표창을 한 뒤, 오후 3시 송악읍 JW중외제약에서 열리는 '집중 안전점검 가스시설...","동정 당진부시장","41110","","0","바이오","1","N","2026-06-16 15:41:12","2026-06-16 15:41:12","2026-06-16 15:41:12",""
"24224","우범기 ""전주에 온 마음 다해…변화 위해 최선 다한 시장으로 기억되길...","전주종합경기장 개발과 옛 대한방직 부지 개발이 대표적이다. 정체돼 있던 재개발·재건축과 건축 활성화를 위해 규제 완화에도 힘을 실었다. 국가 예산은 3년 연속 2조 원대를 확보했다. 팔복동 산단 혁신 기반을 마련한...","우범기 전주에 온 마음 다해 변화 위해 최선 다한 시장으로 기억되길","41113","","0","","1","N","2026-06-16 15:41:12","2026-06-16 15:41:12","2026-06-16 15:41:12",""
"24225","2차전지 고메탈화 수혜… 에코프로머티·LG화학, 전구체 시장 주도","","2차전지 고메탈화 수혜 에코프로머티 lg화학 전구체 시장 주도","41114","","0","2차전지,철강,화학","2","N","2026-06-16 15:41:12","2026-06-16 15:43:51","2026-06-16 15:41:12",""
"24226","체쳅 헤라완 주한 인도대사 ""최근 한국 투자 급증하고 있다..지난 5년치...","","체쳅 헤라완 주한 인도대사 최근 한국 투자 급증하고 있다 지난 5년치","41115","","0","","1","N","2026-06-16 15:41:12","2026-06-16 15:41:12","2026-06-16 15:41:12",""
"24227","'곰표' 대한제분, 담합 대가 혹독…손배소에 오너리스크까지","","곰표 대한제분 담합 대가 혹독 손배소에 오너리스크까지","41116","","0","","1","N","2026-06-16 15:41:13","2026-06-16 15:41:13","2026-06-16 15:41:13",""
"24228","대한제분, 담합 과징금에 1200억 탈루 의혹까지…사면초가 '직면'","","대한제분 담합 과징금에 1200억 탈루 의혹까지 사면초가 직면","41117","","0","","2","N","2026-06-16 15:41:13","2026-06-16 15:41:25","2026-06-16 15:41:13",""
"24229","밀가루값 42.4% 올린 담합, 대표이사 6명 법정에…6710억 과징금의 끝은...","재판 과정에서 검찰측은 대한제분, CJ제일제당, 사조동아원, 삼양사, 대선제분, 삼화제분, 한탑 등 7개 제분사는 2020년부터 2025년까지 밀가루 가격 인상 여부와 인상 폭, 시기 등을 사전에 조율하며 약 6조원 규모의...","밀가루값 42 4 올린 담합 대표이사 6명 법정에 6710억 과징금의 끝은","41118","","0","","2","N","2026-06-16 15:41:13","2026-06-16 15:41:36","2026-06-16 15:41:13",""
"24230","거래대금 폭발한 증권업…대형사 중심 수익성 재평가","","거래대금 폭발한 증권업 대형사 중심 수익성 재평가","41120","","0","","9","N","2026-06-16 15:41:13","2026-06-16 15:43:32","2026-06-16 15:41:13",""
"24231","'삼전·닉스' 다음은 현대차? ""목표주가 100만원, 승부처는 로봇·멀티엔...","","삼전 닉스 다음은 현대차 목표주가 100만원 승부처는 로봇 멀티엔","41121","","0","자동차","1","N","2026-06-16 15:41:13","2026-06-16 15:41:13","2026-06-16 15:41:13",""
"24232","불장 소외 중소형사 안간힘…iM증권, '리츠 자산보관' 뚫는다","","불장 소외 중소형사 안간힘 im증권 리츠 자산보관 뚫는다","41122","","0","","2","N","2026-06-16 15:41:13","2026-06-16 15:41:25","2026-06-16 15:41:13",""
"24233","국내 증시 ‘명품주 시대’ 개막","","국내 증시 명품주 시대 개막","41123","","0","","3","N","2026-06-16 15:41:13","2026-06-16 15:43:28","2026-06-16 15:41:13",""
"24234","다시 고개 든 '9000피' 기대감...증권株, '실적+밸류에이션' 매력↑","코스피가 강하게 반등한 전날도 한국금융지주(4.57%), 교보증권(5.30%), 유안타증권(4.11%), NH투자증권(2.99%), 삼성증권(3.11%), 현대차증권(2.47%), 유진투자증권(2.13%) 등 증권주가 강세를 보였다. 전날 코스피는 전 거래일...","다시 고개 든 9000피 기대감 증권 실적 밸류에이션 매력","41128","","0","금융,코스피","4","N","2026-06-16 15:41:13","2026-06-16 15:43:30","2026-06-16 15:41:13",""
"24235","뉴노멀 된 고환율…우리금융 추가 자사주 소각 '변수' 되나","우리금융은 유진투자증권과 신탁계약을 체결하고 최근까지 약 4개월간 시장에서 해당 주식을 사들였다. 이번에 소각을 완료하면 지난 2023년 이후 4년 연속 자사주 소각을 실시한 셈이 된다. 우리금융은 주주가치...","뉴노멀 된 고환율 우리금융 추가 자사주 소각 변수 되나","41129","","0","금융,환율","1","N","2026-06-16 15:41:13","2026-06-16 15:41:13","2026-06-16 15:41:13",""
"24236","종전에도 변동성 장세…“반도체 유지하되 IT가전·기계 주목”","허재환 유진투자증권 연구원은 16일 보고서에서 “이러한 상황에서 미국과 이란 종전 합의는 주식시장에 호재가 될 가능성이 높다”며 “유가 하락과 호르무즈 해협 정상화는 긴축 우려를 누그러뜨릴 수 있고...","종전에도 변동성 장세 반도체 유지하되 it가전 기계 주목","41131","","0","반도체,IT,유가","1","N","2026-06-16 15:41:13","2026-06-16 15:41:13","2026-06-16 15:41:13",""
"24237","<증권리포트 분석-2025년11월> ② 신영증권 적중률·적중수 꼴찌","반면 신영증권이 적중률 4.65%로 꼴찌를 기록했고, iM증권(5.63%)과 유진투자증권(9.17%), BNK투자증권(9.43%), SK증권(11.11%)이 그 뒤를 따랐다. 적중수 부문에서는 메리츠증권이 116개 리포트 가운데 23개를 맞춰...","신영증권 적중률 적중수 꼴찌","41133","","0","","4","N","2026-06-16 15:41:13","2026-06-16 15:41:23","2026-06-16 15:41:13",""
"24238","日銀, 금리 인상 유력…한은도 긴축 압력 커지나","김지나 유진투자증권 연구원은 “고환율은 2~3개월의 시차를 두고 수입물가 상승으로 전이된다”며 “현재와 같은 인플레이션 상황에서 고환율에 따른 수입물가 상승 압력까지 더해질 경우 한은 보다 매파적인 입장을...","금리 인상 유력 한은도 긴축 압력 커지나","41135","","0","환율,금리","1","N","2026-06-16 15:41:13","2026-06-16 15:41:13","2026-06-16 15:41:13",""
"24239","AI 투자 아직 초반…하반기 노릴 섹터는 여기","지난 5월 삼성전자 목표주가를 기존 36만 원에서 50만 원으로 제시한 손인준 유진투자증권 연구원은 “삼성전자는 장기 주가 상승이 예상된다”며 “메모리 슈퍼사이클과 대규모 주주 환원 가능성이 주가를 끌어올릴...","ai 투자 아직 초반 하반기 노릴 섹터는 여기","41136","","0","","2","N","2026-06-16 15:41:13","2026-06-16 15:43:29","2026-06-16 15:41:13",""
"24240","[집중진단] 돌아온 외국인, 선택은 역시 ‘삼전닉스’…주가 다시 불붙...","■ 경제현장 오늘 '집중진단' - 박석현 우리은행 WM그룹 부부장, 허재환 유진투자증권 리서치센터 상무 트럼프 미 대통령이 SNS에 수시로 올린 이란과의 종전 합의가 드디어 현실로 다가왔습니다. 이란이 종전을...","집중진단 돌아온 외국인 선택은 역시 삼전닉스 주가 다시 불붙","41137","","0","","1","N","2026-06-16 15:41:13","2026-06-16 15:41:13","2026-06-16 15:41:13",""
"24241","유가 내릴 때 우리는 뜬다…엔진 뜨거워지는 '이 종목'","양승윤 유진투자증권 연구원은 ""지난달 전 공항 국제선 여객 수는 829만명으로 전년 동기 대비 8% 증가했다""며 ""6월은 성수기 수요와 유류할증료 완화가 맞물리며 주요 간선 노선 중심으로 수요 강세가 예상되고...","유가 내릴 때 우리는 뜬다 엔진 뜨거워지는 이 종목","41138","","0","","2","N","2026-06-16 15:41:13","2026-06-16 15:41:31","2026-06-16 15:41:13",""
"24242","미국 빼고 다 올리는 '금리', 워시는 버틸 수 있을까","김지나 유진투자증권 애널리스트는 “6월 FOMC에서 기준금리가 동결될 것으로 전망한다”면서도 “4월 회의에서 완화 편향적인 문구 삽입을 반대했던 인원들 중 인상 의견을 제시했을 가능성이 높다”고 분석했다....","미국 빼고 다 올리는 금리 워시는 버틸 수 있을까","41140","","0","금리","1","N","2026-06-16 15:41:13","2026-06-16 15:41:13","2026-06-16 15:41:13",""
"24243","반도체냐 자율주행이냐 로봇이냐…뭉칫돈 쏠리는 6월 셋째 주 '공모주 ...","청약 창구는 유진투자증권과 미래에셋증권 두 곳으로 나뉘어 운영된다. 상장 타임라인을 확인하면 2025년 12월 16일 코스닥 시장 상장 예비심사를 청구해 2026년 4월 23일에 승인 결과를 통보받았다. 5월 4일...","반도체냐 자율주행이냐 로봇이냐 뭉칫돈 쏠리는 6월 셋째 주 공모주","41141","","0","반도체,코스닥","1","N","2026-06-16 15:41:13","2026-06-16 15:41:13","2026-06-16 15:41:13",""
"24244","전쟁 리스크 걷히자 돈 몰렸다…성수기 앞두고 개미 '들썩'","양승윤 유진투자증권 연구원은 ""성수기 수요와 유류할증료 완화가 맞물리며 여행 수요가 늘어날 것""이라며 ""주식시장 호황 이후 부의 효과에 따른 해외여행 수요 증가도 투자심리 개선으로 이어질 수 있다""고...","전쟁 리스크 걷히자 돈 몰렸다 성수기 앞두고 개미 들썩","41142","","0","","1","N","2026-06-16 15:41:13","2026-06-16 15:41:13","2026-06-16 15:41:13",""
"24245","신혼희망타운 ‘역곡지구 하우스토리’ 6월 본청약 예정","","신혼희망타운 역곡지구 하우스토리 6월 본청약 예정","41145","","0","","1","N","2026-06-16 15:41:14","2026-06-16 15:41:14","2026-06-16 15:41:14",""
"24246","'노후 아파트' 지역 신축 단지...상승세 가파르다","","노후 아파트 지역 신축 단지 상승세 가파르다","41147","","0","","1","N","2026-06-16 15:41:14","2026-06-16 15:41:14","2026-06-16 15:41:14",""
"24247","전국 2곳 중 1곳 '20년 이상' 노후 아파트","","전국 2곳 중 1곳 20년 이상 노후 아파트","41148","","0","","2","N","2026-06-16 15:41:14","2026-06-16 15:41:14","2026-06-16 15:41:14","2026-06-16 15:41:14"
"24248","수도권 아파트 절반 이상 '20년 초과' … 노후화 심화에 신축 분양시장...","","수도권 아파트 절반 이상 20년 초과 노후화 심화에 신축 분양시장","41150","","0","","1","N","2026-06-16 15:41:14","2026-06-16 15:41:14","2026-06-16 15:41:14",""
"24249","전국 아파트 절반 넘게 20년 넘었다…신축 단지에 청약 몰린다","노후 아파트 비율이 높은 지역을 중심으로 신축 단지의 희소성과 주거 환경 개선 수요가 맞물리면서 분양시장 관심은 당분간 이어질 전망이다. /지피코리아 , 사진=남광토건","전국 아파트 절반 넘게 20년 넘었다 신축 단지에 청약 몰린다","41151","","0","","1","N","2026-06-16 15:41:14","2026-06-16 15:41:14","2026-06-16 15:41:14",""
"24250","BOJ 금리 인상에도 달러-원 1,500원 하회 어렵나…""비둘기파 인상 변수""","","boj 금리 인상에도 달러 원 1 500원 하회 어렵나 비둘기파 인상 변수","41152","","0","코스피,금리,달러","1","N","2026-06-16 15:41:14","2026-06-16 15:41:14","2026-06-16 15:41:14",""
"24251","요즘 금값 왜이래 … 금리·인플레·중앙은행 수요가 핵심","","요즘 금값 왜이래 금리 인플레 중앙은행 수요가 핵심","41153","","0","금리,달러","1","N","2026-06-16 15:41:14","2026-06-16 15:41:14","2026-06-16 15:41:14",""
"24252","전쟁 먹구름 걷히자 5%대 급등‥코스피 랠리 다시 재개?","백영찬 상상인증권 리서치센터장은 ""오라클 실적을 통해 AI 수요가 다시 확인됐고 삼성전자와 SK하이닉스의 2~3분기 실적도 시장 기대치를 웃돌 가능성이 있다""며 ""실적 개선과 AI 수요 확대가 추가적인 지수 상승으로...","중동발 먹구름 걷히자 전문가들 코스피 1만 시대 열린다","41357","","0","코스피,금융","2","N","2026-06-16 15:41:14","2026-06-16 15:41:24","2026-06-16 15:41:14","2026-06-16 15:41:24"
"24253","""세아제강, 美 OCTG 업황 개선 사이클 진입…내수보다 수출이 우상향""","","세아제강 octg 업황 개선 사이클 진입 내수보다 수출이 우상향","41155","","0","","1","N","2026-06-16 15:41:15","2026-06-16 15:41:15","2026-06-16 15:41:15",""
"24254","미국-이란 종전에 산업계 반색, 가전·자동차·철강·항공 물류비·유가...","","미국 이란 종전에 산업계 반색 가전 자동차 철강 항공 물류비 유가","41157","","0","자동차,철강,항공,조선","1","N","2026-06-16 15:41:15","2026-06-16 15:41:15","2026-06-16 15:41:15",""
"24255","[공시학개론] 빚투 늘었다는데…증권사마다 다른 신용융자 이자율, 어디...","이외에 주요 증권사를 기준으로 보면 현대차증권이 3.90%로 가장 낮은 수준을 보였고, 교보증권이 4.40%, 카카오페이증권·상상인증권은 4.50%, 신한투자증권과 한국투자증권은 4.90%로 뒤를 이었습니다. 한편...","공시학개론 빚투 늘었다는데 증권사마다 다른 신용융자 이자율 어디","41159","","0","","1","N","2026-06-16 15:41:15","2026-06-16 15:41:15","2026-06-16 15:41:15",""
"24256","샘 올트먼, 방한 연기…AI 협력 기대감에도 네이버는?","■ 용감한 토크쇼 '직설' - 손석우 앵커 경제평론가 (건국대 겸임교수), 송재경 디멘젼투자자문투자부문 대표, 길건우 에프알자산관리 대표, 신얼 상상인증권 투자전략팀장 - 샘 올트먼, 방한 연기…AI 협력 기대감에도...","샘 올트먼 방한 연기 ai 협력 기대감에도 네이버는","41160","","0","","1","N","2026-06-16 15:41:15","2026-06-16 15:41:15","2026-06-16 15:41:15",""
"24257","스페이스X 증시 쐈다…투자자들 죽 쒔나?","■ 용감한 토크쇼 '직설' - 손석우 앵커 경제평론가 (건국대 겸임교수), 송재경 디멘젼투자자문투자부문 대표, 길건우 에프알자산관리 대표, 신얼 상상인증권 투자전략팀장 - 스페이스X 증시 쐈다…투자자들 죽 쒔나?...","스페이스x 증시 쐈다 투자자들 죽 쒔나","41161","","0","","1","N","2026-06-16 15:41:15","2026-06-16 15:41:15","2026-06-16 15:41:15",""
"24258","[직설] 미-이란 종전 합의에 스페이스X 상장…투심 들썩이는 이번 주, 이...","■ 용감한 토크쇼 '직설' - 손석우 앵커 경제평론가 및 건국대 겸임교수, 송재경 디멘젼투자자문투자부문 대표, 길건우 에프알자산관리 대표, 신얼 상상인증권 투자전략팀장 전 세계 투자자들의 관심을 받았던...","직설 미 이란 종전 합의에 스페이스x 상장 투심 들썩이는 이번 주 이","41163","","0","","1","N","2026-06-16 15:41:15","2026-06-16 15:41:15","2026-06-16 15:41:15",""
"24259","한온시스템 주가 22% 급등...2분기 호실적 전망","최근 상상인증권은 한온시스템에 대해 투자의견 매수를 유지하고 목표주가를 5500원으로 상향 조정했다. 올해 2분기 실적은 매출액 3조297억원(전년 동기 대비 +4.6%), 영업이익 987억원(+53.4%)으로 시장 컨센서스...","한온시스템 주가 22 급등 2분기 호실적 전망","41164","","0","","1","N","2026-06-16 15:41:15","2026-06-16 15:41:15","2026-06-16 15:41:15",""
"24260","휴메딕스, 리투오 성장에 외형회복 기대…필러는 숨고르기","15일 상상인증권은 휴메딕스가 올해 1분기 매출액 405억원, 영업이익 89억원을 기록했다고 밝혔다. 전년 동기 대비 매출은 0.9% 증가했지만, 영업이익은 22.1% 감소한 수치다. 하태기 상상인증권 연구원은 휴메딕스 1분기...","휴메딕스 리투오 성장에 외형회복 기대 필러는 숨고르기","41165","","0","","1","N","2026-06-16 15:41:15","2026-06-16 15:41:15","2026-06-16 15:41:15",""
"24261","원화, 달러 대비 주간 2.5% 급반등…주요 통화 중 절상률 최대","상상인증권은 최근 보고서에서 ""원화의 절상 전환은 가능했으나 추세적인 되돌림 절상 가능성에 대한 신뢰도는 높지 않다""며 ""이번 원화 강세는 외국인 자금 유입 확대에 따른 구조적 변화라기보다 당국의 강한 시장...","원화 달러 대비 주간 2 5 급반등 주요 통화 중 절상률 최대","41166","","0","달러","1","N","2026-06-16 15:41:15","2026-06-16 15:41:15","2026-06-16 15:41:15",""
"24262","휴메딕스, 리투오 매출 확대 속 벨피엔 연말 허가 기대…신제품 모멘텀...","상상인증권은 ""현재 휴메딕스 기업가치에 가장 큰 변수는 복합필러 벨피엔으로 판단된다""며 ""식약처 허가와 출시가 하반기 주가 상승 모멘텀으로 작용할 수 있다""고 평가했다. 엘라비에 리투오 성장도 전사 실적...","휴메딕스 리투오 매출 확대 속 벨피엔 연말 허가 기대 신제품 모멘텀","41169","","0","","1","N","2026-06-16 15:41:15","2026-06-16 15:41:15","2026-06-16 15:41:15",""
"24263","“진짜 거장, 아직 베팅 안했다” 스페이스X 타이밍 알려줄 2명","신얼 상상인증권 연구원은 “스페이스X 상장은 글로벌 유동성을 빨아들이는 블랙홀이 될 것”이라며 “스페이스X에 대한 단기적인 쏠림 현상은 시장 전체의 변동성을 확대할 수 있다”고 전망했다. 머니랩은...","진짜 거장 아직 베팅 안했다 스페이스x 타이밍 알려줄 2명","41171","","0","","1","N","2026-06-16 15:41:15","2026-06-16 15:41:15","2026-06-16 15:41:15",""
"24264","PKC, 새만금 1공장서 'PCl₃' 첫 출하...상업생산 본격화","","pkc 새만금 1공장서 pcl 첫 출하 상업생산 본격화","41172","","0","화학","1","N","2026-06-16 15:41:15","2026-06-16 15:41:15","2026-06-16 15:41:15",""
"24265","고려대, 양자암호 경량화 기술 개발","‘공개키암호학회(PKC) 2026’에서 최우수 논문상을 받았다. 전 세계에서 제출된 259편의 논문 가운데 가장 높은 평가를 받았으며, 한국 연구진의 PKC 최우수 논문상 수상은 이번이 처음이다. 양자컴퓨터가 상용화되면...","고려대 양자암호 경량화 기술 개발","41173","","0","","1","N","2026-06-16 15:41:15","2026-06-16 15:41:15","2026-06-16 15:41:15",""
"24266","美 온쇼어링 마감…K바이오, '생물보안법' 반사이익 언제쯤?","","온쇼어링 마감 k바이오 생물보안법 반사이익 언제쯤","41175","","0","바이오","1","N","2026-06-16 15:41:15","2026-06-16 15:41:15","2026-06-16 15:41:15",""
"24267","소아 필수 의약품 수급 위기…“구조적 취약성, 지금 당장 해결해야”","◆하이드로코르티손 주사제 공급 중단…“신생아·소아 생명과 직결” 신생아 및 소아 치료의 필수의약품인 코르티솔(Cortisolu) 하이드로코르티손 주사제가 위탁생산업체(삼성제약)의 문제로 생산 중단된 상태다. 현재는...","소아 필수 의약품 수급 위기 구조적 취약성 지금 당장 해결해야","41177","","0","바이오","1","N","2026-06-16 15:41:15","2026-06-16 15:41:15","2026-06-16 15:41:15",""
"24268","비보존제약 ""비마약성 진통제, 사회적 관심 높아져""","삼성서울병원 연구자 임상에 따르면 어나프라주 투여군은 수술 후 통증 관리 과정에서 마약성 진통제 사용량을 기존 443마이크로그램(㎍)에서 99㎍ 수준으로 줄여 약 78% 감소 효과를 보인 것으로 나타났다. 비보존제약은...","비보존제약 비마약성 진통제 사회적 관심 높아져","41180","","0","바이오","1","N","2026-06-16 15:41:15","2026-06-16 15:41:15","2026-06-16 15:41:15",""
"24269","AI에 빨려 들어간 D램… HBM 쏠림에 범용 제품 공급 쇼크 온다","공정·패키징 자원 흡수… 범용 D램 공급 제약 가속화 이번 공급 부족 사태는 단순한 수요 증가를 넘어... 황 CEO는 국내 주요 반도체 기업들과 만나 삼성전자, SK하이닉스, 미국 마이크론 등 3사 모두 차세대 플랫폼에...","ai에 빨려 들어간 d램 hbm 쏠림에 범용 제품 공급 쇼크 온다","41183","","0","반도체,바이오","1","N","2026-06-16 15:41:15","2026-06-16 15:41:15","2026-06-16 15:41:15",""
"24270","""물 부족 시대의 구원투수""… 도화엔지니어링, 해외 상수도 시장 영토 ...","","물 부족 시대의 구원투수 도화엔지니어링 해외 상수도 시장 영토","41184","","0","","5","N","2026-06-16 15:41:16","2026-06-16 15:43:23","2026-06-16 15:41:16",""
"24271","'50년 상장사' 태원물산, 발등에 불 떨어지다","","50년 상장사 태원물산 발등에 불 떨어지다","41185","","0","코스피","1","N","2026-06-16 15:41:16","2026-06-16 15:41:16","2026-06-16 15:41:16",""
"24272","해상풍력 공급망 총집결…여수서 에너지 대전환 논의","","해상풍력 공급망 총집결 여수서 에너지 대전환 논의","41190","","0","","1","N","2026-06-16 15:41:16","2026-06-16 15:41:16","2026-06-16 15:41:16",""
"24273","대한전선 주가, 6월 16일 장중 40,450원 1.25% 상승","15일 오전 9시 59분 기준, 네이버페이 증권에 따르면 대한전선은 지난 종가 대비 2,900원 상승한 40,750원에 거래되고 있다. 이는 지난 종가 대비 7.66% 상승한 수치이다. 주가는 시가 40,150원, 고가 41,600원...","대한전선 주가 6월 16일 장중 40 450원 1 25 상승","41192","","0","","2","N","2026-06-16 15:41:16","2026-06-16 15:41:17","2026-06-16 15:41:16","2026-06-16 15:41:17"
"24274","[단독] '역대급 실적 이후' 호반그룹 삼성금거래소, 제2 제조공장 열었...","","단독 역대급 실적 이후 호반그룹 삼성금거래소 제2 제조공장 열었","41193","","0","건설","1","N","2026-06-16 15:41:16","2026-06-16 15:41:16","2026-06-16 15:41:16",""
"24275","""1분기 만에 목표 절반 채웠다""…하반기 전력기기 '수주 가이던스' 무더...","대한전선은 송전망 인프라 확충의 후행 수혜가 본격화되는 단계다. 초고압 케이블 및 해저케이블 시장에서 수익성 위주의 선별 수주를 이어가며 체질 개선을 이뤄내고 있다. 결론적으로 전력기기 산업은 AI가 촉발한...","1분기 만에 목표 절반 채웠다 하반기 전력기기 수주 가이던스 무더","41195","","0","","1","N","2026-06-16 15:41:16","2026-06-16 15:41:16","2026-06-16 15:41:16",""
"24276","대한전선, 싱가포르서 1400억 규모 초고압 전력망 사업 수주","대한전선(대표이사 송종민)이 싱가포르 전력 시장에서 대규모 초고압 프로젝트를 추가로 확보하며 독보적인 기술 역량을 다시 한번 입증했다. 대한전선은 싱가포르 전력청(SP PowerAssets Limited)과 약 1,400억 원 규모의...","대한전선 싱가포르서 1400억 규모 초고압 전력망 사업 수주","41196","","0","","1","N","2026-06-16 15:41:16","2026-06-16 15:41:16","2026-06-16 15:41:16",""
"24277","전쟁 진짜 끝? 기업들 '예의주시'…주재원, 다시 '일터로' 복귀 준비","사우디아라비아와 쿠웨이트에 대규모 생산법인을 둔 대한전선, 이집트에 영업소를 운영 중인 LS전선은 분쟁 기간 임직원 피해 없이 사업을 지속해 왔다. 방위산업 업계 관계자는 ""이란전 종식으로 글로벌 방산 수출...","전쟁 진짜 끝 기업들 예의주시 주재원 다시 일터로 복귀 준비","41198","","0","방산","1","N","2026-06-16 15:41:16","2026-06-16 15:41:16","2026-06-16 15:41:16",""
"24278","[美-이란 종전 합의]유가·환율 안정에 산업계 '숨통' 기대","제품 특성상 중량화물이 많아 운임 부담이 컸던 LS전선·대한전선 등 전력 케이블 업계와 조선기자재, 방산 부품 수출 업체들 역시 중동·유럽 프로젝트향 물류 정상화 수혜권에 전방위로 포함될 전망이다. 고환율 압박...","이란 종전 합의 유가 환율 안정에 산업계 숨통 기대","41200","","0","방산,환율","1","N","2026-06-16 15:41:16","2026-06-16 15:41:16","2026-06-16 15:41:16",""
"24279","에코프로, 미공개정보 이용 다시는 없게...내부자거래 알림서비스 등록...","13 대한전선 유가 14 대덕전자 유가 15 HLB 코스닥 16 아모레퍼시픽 유가 〈※ 등록 내부자 수 10인 이상 기준, 기업명 공개를 희망하지 않은 법인 제외.〉 한편 한국거래소는 지난 15일부터 알림서비스를 개편, 내부자...","에코프로 미공개정보 이용 다시는 없게 내부자거래 알림서비스 등록","41201","","0","코스닥","1","N","2026-06-16 15:41:16","2026-06-16 15:41:16","2026-06-16 15:41:16",""
"24280","황무지에서 출발한 한국 반도체...60년 만에 수출 4만8000배 성장","금성은 1977년 대한전선이 설립한 대한반도체를 인수하고, 미국 AT&T와 합작해 금성반도체를 설립했다. 1979년에는 한국전자가 일본 도시바와 합작해 트랜지스터와 다이오드 등 개별 소자 완제품 생산을 시작하며...","황무지에서 출발한 한국 반도체 60년 만에 수출 4만8000배 성장","41202","","0","반도체","1","N","2026-06-16 15:41:16","2026-06-16 15:41:16","2026-06-16 15:41:16",""
"24281","""SBS식 내부거래 막는다""..거래소, 자사주거래 알림 전면 개편","주성엔지니어링, 대한전선, 대덕전자, HLB, 아모레퍼시픽 등이 포함됐다. 신한금융지주와 기업은행은 대표이사가 직접 서비스를 등록하는 등 경영진 차원에서 내부통제 체계 구축에 참여하고 있다고 거래소는...","sbs식 내부거래 막는다 거래소 자사주거래 알림 전면 개편","41204","","0","금융","1","N","2026-06-16 15:41:17","2026-06-16 15:41:17","2026-06-16 15:41:17",""
"24282","'기술유출 수사' 대한전선, 내년 '초고압·해저케이블 비중' 26.2%까지↑","▲대한전선 제공  대한전선의 올해 2분기 연결 실적은 매출액은 전년동기대비 18.6% 증가한 1조 872억원, 영업이익은 71.6% 증가한 490억원(OPM 4.5%)으로 각각 전망된다. 최근 유안타증권에 따르면 1분기...","기술유출 수사 대한전선 내년 초고압 해저케이블 비중 26 2 까지","41206","","0","","1","N","2026-06-16 15:41:17","2026-06-16 15:41:17","2026-06-16 15:41:17",""
"24283","글로벌 전력 인프라 슈퍼 사이클…LS, 고부가가치 초고압 케이블 중심으...","대한전선은 7.13% 상승한 4만550원에 거래중이다. 대한전선은 초고압 케이블과 해외 전력망 프로젝트 수주 확대 기대가 투자심리를 자극하고 있다. 글로벌 전력망 투자 증가가 본격화될 경우 실적 개선 폭이 커질 수 있다는...","글로벌 전력 인프라 슈퍼 사이클 ls 고부가가치 초고압 케이블 중심으","41207","","0","","1","N","2026-06-16 15:41:17","2026-06-16 15:41:17","2026-06-16 15:41:17",""
"24284","원전보다 큰 수출 효자산업이 가라앉고 있다","LS전선은 해저케이블로 미국과 유럽 시장에 잇따라 진입했고, 대한전선도 뒤를 쫓고 있다. 단조 업체 태웅은 메인 샤프트와 플랜지를 공급한다. 성동조선처럼 수주 절벽에 쓰러졌던 조선소가 하부구조물 야드로 되살아난...","원전보다 큰 수출 효자산업이 가라앉고 있다","41208","","0","원전,조선","1","N","2026-06-16 15:41:17","2026-06-16 15:41:17","2026-06-16 15:41:17",""
"24285","25거래일 만에 돌아온 외인...개인과 수익률 차이는 '백중세'[떠나는 외...","외국인은 두산로보틱스(7225억원)를 가장 많이 사들였고, 삼성SDI(5567억원), 두산(4316억원), 현대건설(3339억원), 대한전선(3025억원), LG디스플레이(2465억원), LG에너지솔루션(2431억원), POSCO홀딩스(2153억원)...","25거래일 만에 돌아온 외인 개인과 수익률 차이는 백중세 떠나는 외","41209","","0","건설","1","N","2026-06-16 15:41:17","2026-06-16 15:41:17","2026-06-16 15:41:17",""
"24286","대한전선, 월요일 성적은?…미·이란 휴전 촉각","대한전선을 둘러싼 투자심리가 다시 개선되는 분위기다. 최근 시장에서는 전력 설비 관련 업종 전반에 대한 관심이 높아지면서 대한전선의 성장 가능성에도 시선이 쏠리고 있다. 그동안 주가를 압박했던 수급 요인이 점차...","대한전선 월요일 성적은 미 이란 휴전 촉각","41210","","0","","1","N","2026-06-16 15:41:17","2026-06-16 15:41:17","2026-06-16 15:41:17",""
"24287","뿔난 소비자들, 메리츠화재 창구 넘어 금감원으로 향했다","이어 KB손보 1267건, DB손보 1237건, 현대해상 1225건, 메리츠화재 1071건 순이었다. 그러나 보유계약 10만건당 환산건수로 보면 메리츠화재의 부담은 작지 않다. 메리츠화재의 보상·보험금 민원 환산건수는 6.06건으로, 5대...","뿔난 소비자들 메리츠화재 창구 넘어 금감원으로 향했다","41213","","0","","1","N","2026-06-16 15:41:17","2026-06-16 15:41:17","2026-06-16 15:41:17",""
"24288","복지부·한의계 이견에… 진척 더딘 車보험 ‘8주룰’","올해 1분기 5대 손보사(삼성화재·DB손해보험·메리츠화재·현대해상·KB손해보험)의 자동차보험 합산 손익은 461억원 적자로 나타났다. 5개사의 올해 4월 누적 자동차보험 손해율은 85.1%로 집계됐다. 업계에서는 통상 손해율...","복지부 한의계 이견에 진척 더딘 보험 8주룰","41214","","0","자동차","1","N","2026-06-16 15:41:17","2026-06-16 15:41:17","2026-06-16 15:41:17",""
"24289","DB손보, AI로 자동차 사고 과실 판단 지원…보상 절차 디지털 전환 속도","삼성화재는 자동차 사고 처리 과정에서 AI 기술을 활용한 서비스 고도화를 추진하고 있으며, 현대해상도 디지털 기술을 접목한 보상 업무 개선을 진행하는 등 보험업계 전반에서 AI 활용 범위를 넓히고 있다. 업계에서는...","db손보 ai로 자동차 사고 과실 판단 지원 보상 절차 디지털 전환 속도","41215","","0","자동차","1","N","2026-06-16 15:41:17","2026-06-16 15:41:17","2026-06-16 15:41:17",""
"24290","보장 사각지대 메우는 보험업계…'포용적 보험' 강화","현대해상도 유상용 이륜차 운전자가 안전교육을 수료하면 보험료를 5% 할인해주는 특약을 운영하며 라이더의 보험료 부담 완화에 기여하고 있다. 여기에 '스마트 안전운전(UBI) 할인 특약'과 '블랙박스 할인 특약'을 중복...","보장 사각지대 메우는 보험업계 포용적 보험 강화","41216","","0","","1","N","2026-06-16 15:41:17","2026-06-16 15:41:17","2026-06-16 15:41:17",""
"24291","[생생 모빌리티] 범퍼 살짝 부딪혔는데...전자장비 늘어난 요즘 차, 수리...","삼성화재의 자동차보험 손해율은 2025년 1분기 83.4%에서 2026년 1분기 86.4%로 올랐고, 현대해상도 같은 기간 82.5%에서 86.0%로 상승했다. 통상 손해율이 80%를 넘으면 수익성 부담이 커지는 것으로 본다. 손해율 상승은...","생생 모빌리티 범퍼 살짝 부딪혔는데 전자장비 늘어난 요즘 차 수리","41218","","0","자동차","1","N","2026-06-16 15:41:17","2026-06-16 15:41:17","2026-06-16 15:41:17",""
"24292","[노트북 너머] 할인은 빠르고 개선은 늦다","올해 4월 기준 삼성화재·현대해상·DB손해보험·KB손해보험 등 대형 4개사의 자동차보험 누적 손해율은 85.8%를 기록했다. 전년 동기 대비 2.5%포인트(p) 상승한 수치다. 통상 손보업계는 자동차보험의 적정 손해율을 80%대...","노트북 너머 할인은 빠르고 개선은 늦다","41219","","0","자동차","1","N","2026-06-16 15:41:17","2026-06-16 15:41:17","2026-06-16 15:41:17",""
"24293","외형 키운 펫보험, 성장 속도는 ‘숨고르기’","삼성화재(0.7%), 현대해상(3.6%), KB손해보험(2.7%), DB손해보험(3.3%)의 펫보험 판매수수료율은 실손보험 바로 다음으로 낮았으며, NH농협손해보험(2.9%)은 심지어 실손보험보다도 수수료율이 낮게 책정됐다. 여기에 2024년 5월...","외형 키운 펫보험 성장 속도는 숨고르기","41223","","0","","1","N","2026-06-16 15:41:17","2026-06-16 15:41:17","2026-06-16 15:41:17",""
"24294","[손보사 펫보험 대전] ③ 카카오페이손보, 펫시장 도전장…신성장동력...","이 뒤로 DB손해보험, 삼성화재, 현대해상 등 대형 손보사들이 추격하는 구도다. 이처럼 선두권 경쟁은 치열하지만 까다로운 가입 조건과 높은 보험료 탓에 국내 펫보험 가입률은 여전히 한 자릿수 대에 머물러 있다. 다만...","손보사 펫보험 대전 카카오페이손보 펫시장 도전장 신성장동력","41224","","0","","1","N","2026-06-16 15:41:17","2026-06-16 15:41:17","2026-06-16 15:41:17",""
"24295","""도수치료 관리급여 전환…손보사 하반기 수혜""[클릭e종목]","특히 실손보험 비중이 크고 손해율이 높은 현대해상, DB손보 등의 수혜가 더 크게 나타날 것이란 예상이 나온다. 15일 전배승 LS증권 연구원은 ""관리급여 도입은 큰 폭의 수가하락과 함께 전체 빈도와 과잉진료 건수가...","도수치료 관리급여 전환 손보사 하반기 수혜 클릭e종목","41225","","0","","1","N","2026-06-16 15:41:17","2026-06-16 15:41:17","2026-06-16 15:41:17",""
"24296","수소경제 첫 단추는 송전망·정비선… LS전선·HD현대, 해상 에너지망 선...","15일 전력·조선업계 발표를 종합하면 LS전선의 초고압직류송전(HVDC) 사업과 HD한국조선해양의 해상풍력 지원선(SOV) 개발은 해상풍력의 생산과 송전, 유지·보수를 잇는 기반이다. 이 기반은 수소와 친환경 선박연료로...","수소경제 첫 단추는 송전망 정비선 ls전선 hd현대 해상 에너지망 선","41227","","0","조선","1","N","2026-06-16 15:41:17","2026-06-16 15:41:17","2026-06-16 15:41:17",""
"24297","(이번주 법조 일정) 6월 15일~6월 19일","이일준 삼부토건 회장 외 5명 25차 공판(오전 10시) -서울중앙지법, '직권남용권리행사방해 등 혐의' 등 한덕수 전 국무총리 외 4명 14차 공판(오전 10시) -서울중앙지법, '특정경제범죄가중처벌등에관한법률위반(횡령)...","이번주 법조 일정 6월 15일 6월 19일","41228","","0","","1","N","2026-06-16 15:41:18","2026-06-16 15:41:18","2026-06-16 15:41:18",""
"24298","유니폼 왼팔 그 로고! KIA, 17일 LG전서 ‘현대차증권 스폰서 데이’ 진...","KIA가 17일 광주-기아 챔피언스 필드에서 열리는 2026 KBO리그 LG전에서 ‘현대차증권 스폰서 데이’를 진행한다. 사진 | KIA 타이거즈 KIA가 구단 회원사인 현대차증권과 함께 스폰서 데이를 진행한다. KIA는 “17일...","유니폼 왼팔 그 로고 kia 17일 lg전서 현대차증권 스폰서 데이 진","41231","","0","","1","N","2026-06-16 15:41:18","2026-06-16 15:41:18","2026-06-16 15:41:18",""
"24299","전쟁 끝났지만 청구서는 남았다 … 韓경제, 회복과 구조개혁 시험대","김재승 현대차증권 연구원은 ""종전으로 호르무즈 해협이 재개방되면 리스크로 상승했던 유가가 하향안정화될 전망""이라며 ""유가 안정은 달러화 약세 요인으로 작용할 수 있으며 이는 코스피를 비롯한 신흥국 자산에...","전쟁 끝났지만 청구서는 남았다 경제 회복과 구조개혁 시험대","41232","","0","코스피,달러","1","N","2026-06-16 15:41:18","2026-06-16 15:41:18","2026-06-16 15:41:18",""
"24300","현대차증권, KIA 홈경기서 팬 이벤트 연다","현대차증권은 오는 17일 광주-기아 챔피언스필드에서 '2026 현대차증권 스폰서 데이'를 개최한다고 15일 밝혔습니다. 이번 행사는 KIA 타이거즈 스폰서사인 현대차증권이 팬들과 직접 소통하기 위해 마련됐습니다....","현대차증권 kia 홈경기서 팬 이벤트 연다","41234","","0","","1","N","2026-06-16 15:41:18","2026-06-16 15:41:18","2026-06-16 15:41:18",""
"24301","""공공주택 확대 등 상승 여력 존재""...금호건설 주가 10%↑","현대차증권은 16일 금호건설(002990)에 대해 공공분양 물량 증가에 따른 수혜가 지속될 전망이라며 투자의견 '매수(BUY)'와 목표주가 5700원을 유지했다. 금호건설은 주택과 토목사업을 영위하는 건설사로, 최근에는 3기...","공공주택 확대 등 상승 여력 존재 금호건설 주가 10","41235","","0","건설","8","N","2026-06-16 15:41:18","2026-06-16 15:43:21","2026-06-16 15:41:18","2026-06-16 15:41:18"
"24302","[증권가 중계] 키움증권, 현대차증권, 교보증권 등","현대차증권이 17일 광주서 KIA 타이거즈 스폰서 데이를 갖는다. 사진=현대차증권 ◆현대차증권, 17일 광주서 KIA 타이거즈 스폰서 데이 경기장 밖 부스부터 전광판 OX 퀴즈까지 팬들과 직접 소통한다. 현대차증권은 오는...","증권가 중계 키움증권 현대차증권 교보증권 등","41236","","0","","1","N","2026-06-16 15:41:18","2026-06-16 15:41:18","2026-06-16 15:41:18",""
"24303","현대차증권, KIA 타이거즈와 함께하는 스폰서 데이 개최","현대차증권(사장 배형근)은 17일, 광주-기아 챔피언스 필드에서 팬들에게 다양한 혜택을 제공하는 특별 행사 '2026 현대차증권 스폰서 데이'를 개최한다. 먼저, 경기 시작 전에는 경기장 밖에서 이벤트 부스를 운영하며...","현대차증권 kia 타이거즈와 함께하는 스폰서 데이 개최","41237","","0","","1","N","2026-06-16 15:41:18","2026-06-16 15:41:18","2026-06-16 15:41:18",""
"24304","[모닝 리포트] ""금호건설, 공공분양 증가 수혜 지속…목표가 5700원""","신동현 현대차증권 연구원은 16일 리포트에서 금호건설에 대한 투자의견 '매수'와 목표주가 5700원을 유지한다고 밝혔다. 그는 ""토목부문의 공정 지연으로 매출액이 전년 동기 대비 소폭 감소했으나 주택부문의 양호한...","모닝 리포트 금호건설 공공분양 증가 수혜 지속 목표가 5700원","41238","","0","건설","2","N","2026-06-16 15:41:18","2026-06-16 15:43:21","2026-06-16 15:41:18",""
"24305","아세아시멘트, 바닥 확인한 시멘트…출하량 회복 '본격화'","현대차증권은 16일 아세아시멘트(183190)에 대해 시멘트 업황이 바닥을 통과하고 있다며 투자의견 '매수(BUY)'와 목표주가 1만4000원을 유지했다. 아세아시멘트는 시멘트와 레미콘 사업을 영위하는 기업으로, 건설...","아세아시멘트 바닥 확인한 시멘트 출하량 회복 본격화","41240","","0","건설","2","N","2026-06-16 15:41:18","2026-06-16 15:41:27","2026-06-16 15:41:18",""
"24306","""로봇 기대감 크지만, 실적은 글쎄""…현대차 향한 증권가의 경고","유안타증권은 현대차의 올해 지배주주순이익을 9조310억원으로 전망했다. 지난해 9조4460억원보다 감소한 수준이다. 영업이익 역시 지난해 11조4680억원에서 올해 11조2710억원으로 줄어들 것으로 관측됐다. 즉 최근 주가...","로봇 기대감 크지만 실적은 글쎄 현대차 향한 증권가의 경고","41241","","0","","2","N","2026-06-16 15:41:18","2026-06-16 15:43:31","2026-06-16 15:41:18",""
"24307","""삼성전자 아니었네""…돌아온 외국인, '이 종목' 쓸어 담았다 [분석+]","김재승 현대차증권 연구원은 미·이란 전쟁 종전이 국내 주식시장으로의 외국인 자금 유입을 유도할 가능성이 있다고 분석했다. 전쟁 여파로 봉쇄된 주요 석유 수송통로인 호르무즈 해협이 개방되면 국제유가가...","삼성전자 아니었네 돌아온 외국인 이 종목 쓸어 담았다 분석","41245","","0","유가","1","N","2026-06-16 15:41:18","2026-06-16 15:41:18","2026-06-16 15:41:18",""
"24308","""올해 안에 1만피 간다""…증권사 센터장 11명 중 9명 낙관[코스피 1만시...","현대차증권 등도 강세장 시나리오에서 1만 돌파가 가능하다고 봤다. 나머지 센터장 2명은 '연내 돌파가 어렵다'고 답하거나 지수 전망을 하지 않았다. 1만 돌파가 가능하다고 답변한 9명은 향후 코스피 상승 동력으로...","올해 안에 1만피 간다 증권사 센터장 11명 중 9명 낙관 코스피 1만시","41246","","0","코스피","1","N","2026-06-16 15:41:18","2026-06-16 15:41:18","2026-06-16 15:41:18",""
"24309","""여전히 좋다""…증권가, 반도체 전망 '맑음'","현대차증권은 삼성전자의 6개월 목표주가를 기존 34만원에서 44만원으로 상향하고 투자의견 '매수'를 유지했다. 2분기 매출액은 메모리 가격 상승 폭이 기존 추정치를 웃돌고 원화 약세 효과가 더해지면서 180조원을...","여전히 좋다 증권가 반도체 전망 맑음","41249","","0","반도체","1","N","2026-06-16 15:41:19","2026-06-16 15:41:19","2026-06-16 15:41:19",""
"24310","'드라이 스트립 1위' 피에스케이, HBM 수요 업고 외형 성장 본격화","현대차증권은 이보다 높은 매출액 6758억원, 영업이익 1890억원을 제시하며 연간 사상 최대 실적을 전망했다. 성장세는 지난 1분기부터 확인됐다. 피에스케이는 1분기 매출액 1566억원, 영업이익 472억원을 기록하며 분기...","드라이 스트립 1위 피에스케이 hbm 수요 업고 외형 성장 본격화","41250","","0","","1","N","2026-06-16 15:41:19","2026-06-16 15:41:19","2026-06-16 15:41:19",""
"24311","[6월 16일 고용24 채용정보] HL만도·코레일네트웍스·LIG디펜스앤에어로...","","6월 16일 고용24 채용정보 hl만도 코레일네트웍스 lig디펜스앤에어로","41251","","0","","1","N","2026-06-16 15:41:19","2026-06-16 15:41:19","2026-06-16 15:41:19",""
"24312","[더벨][인사이드 헤지펀드] 더블유운용, '밸런스알파1호' 판매처 확대…...","","더벨 인사이드 헤지펀드 더블유운용 밸런스알파1호 판매처 확대","41252","","0","","1","N","2026-06-16 15:41:19","2026-06-16 15:41:19","2026-06-16 15:41:19",""
"24313","75조 팔던 외국인 돌아왔다…삼성전자·SK하이닉스 쓸어담아","","75조 팔던 외국인 돌아왔다 삼성전자 sk하이닉스 쓸어담아","41254","","0","","1","N","2026-06-16 15:41:19","2026-06-16 15:41:19","2026-06-16 15:41:19",""
"24314","'물들어 올때 노젓자' NH투자증권, 증시 호황에 5900억 사채 발행","","물들어 올때 노젓자 nh투자증권 증시 호황에 5900억 사채 발행","41255","","0","","1","N","2026-06-16 15:41:19","2026-06-16 15:41:19","2026-06-16 15:41:19",""
"24315","[더벨][인사이드 헤지펀드] 다올운용, 한국증권과 사모 협업 착착","","더벨 인사이드 헤지펀드 다올운용 한국증권과 사모 협업 착착","41256","","0","","1","N","2026-06-16 15:41:19","2026-06-16 15:41:19","2026-06-16 15:41:19",""
"24316","[하반기 자산 전망] 인하 기대 사라지자 채권 랠리도 꺾였다…하반기엔...","","하반기 자산 전망 인하 기대 사라지자 채권 랠리도 꺾였다 하반기엔","41257","","0","금리,유가","1","N","2026-06-16 15:41:19","2026-06-16 15:41:19","2026-06-16 15:41:19",""
"24317","LG디스플레이, 3분기 연속 흑자 행진 멈추나…하반기 실적 개선에 무게","증권업계가 추정한 LG디스플레이의 2분기 영업손실 규모는 △신한투자증권 173억원 △iM증권 1120억원 △SK증권 1126억원 등이다. LG디스플레이는 지난 4월 근속 5년 이상 기능직과 근속 20년 이상(또는 만 45세 이상)...","lg디스플레이 3분기 연속 흑자 행진 멈추나 하반기 실적 개선에 무게","41259","","0","","1","N","2026-06-16 15:41:19","2026-06-16 15:41:19","2026-06-16 15:41:19",""
"24318","[증권가 중계] 한국투자증권, SK증권, 우리투자증권 등","정준호 SK증권 대표이사(왼쪽 세 번째), 전용배 에스엠소프트랩 대표이사(왼쪽에서 네 번째)와 관계자가 협약식 후 기념 촬영을 하고 있다. 사진=SK증권 ◆SK증권, 증권업 최초 'AI 기반 차세대 금융플랫폼' 업무협약...","증권가 중계 한국투자증권 sk증권 우리투자증권 등","41260","","0","금융","1","N","2026-06-16 15:41:19","2026-06-16 15:41:19","2026-06-16 15:41:19",""
"24319","'스페이스X 공모주 무산' 후폭풍…연기금, 미래에셋증권 던졌다","장영임 SK증권 연구원은 미래에셋증권에 대해 투자의견을 '중립'으로 유지하며 ""기업공개(IPO)에 따른 대규모 평가이익을 인식하는 상반기는 좋으나, 하반기부터는 주가에 따라 손익 영향을 본격적으로 받기...","스페이스x 공모주 무산 후폭풍 연기금 미래에셋증권 던졌다","41261","","0","","1","N","2026-06-16 15:41:19","2026-06-16 15:41:19","2026-06-16 15:41:19",""
"24320","“韓증시 상승 기대 여전…주도주 분할 매수 전략 유효”<SK證>","강대승 SK증권 연구원은 16일 보고서를 통해 “기관, 외국인 투자자의 매수세 유입이 제한적인 상황에서 (코스피 등 지수) 상승이 유지되기 위해서는 개인 투자자들의 매수가 계속 이뤄져야 한다”며 “최근 개인...","증시 상승 기대 여전 주도주 분할 매수 전략 유효","41262","","0","코스피","1","N","2026-06-16 15:41:19","2026-06-16 15:41:19","2026-06-16 15:41:19",""
"24321","[김성욱의 세상과 시간] 우리는 토큰이 아니라 '시간'을 사고판다","즉, 세상은 빨라지지만, 시간의 주인은 결국 우리 자신임이 증명될 것입니다 ▲김성욱 경영학 박사 현 한국인프라연구원 대표이사 전 SK증권 리서치센터장 전 국민연금 기금운용팀장","김성욱의 세상과 시간 우리는 토큰이 아니라 시간 을 사고판다","41263","","0","","1","N","2026-06-16 15:41:19","2026-06-16 15:41:19","2026-06-16 15:41:19",""
"24322","[줌업] 상지건설, 적자에도 187억 증자… 자회사 대여로","주관사는 SK증권이다. 조달자금 사용처는 한 곳이다. 회사는 187억원 전액을 종속회사 카일룸도산에 빌려준 뒤 서울 강남구 논현동 '상지카일룸 에스칼라' 공동주택 신축사업의 운영자금으로 쓸 계획이다. 본PF 승인...","줌업 상지건설 적자에도 187억 증자 자회사 대여로","41264","","0","건설","2","N","2026-06-16 15:41:19","2026-06-16 15:43:55","2026-06-16 15:41:19",""
"24323","[금융핫이슈] 삼성전자와 SK하이닉스 목표주가 줄상향, 어디까지 가나","SK증권은 지난 1일 삼성전자 목표주가를 61만원으로 높였다. 장기공급계약을 통한 수요 가시성 확보와 2027년 HBM 가격 상승, 구조적인 메모리 공급 부족이 실적 전망을 끌어올릴 것이라는 분석이다. SK증권은...","금융핫이슈 삼성전자와 sk하이닉스 목표주가 줄상향 어디까지 가나","41265","","0","금융","1","N","2026-06-16 15:41:19","2026-06-16 15:41:19","2026-06-16 15:41:19",""
"24324","[코리아 디스카운트 수술대②] 중복상장 '원칙 금지'…'코리아 프리미엄...","최관순 SK증권 연구원은 ""중복상장과 낮은 주가방치는 전통적으로 지주회사 할인의 주요 원인이었다""며 ""이번 조치가 지주회사 할인율 축소의 트리거가 될 수 있다""고 말했다.","코리아 디스카운트 수술대 중복상장 원칙 금지 코리아 프리미엄","41266","","0","","1","N","2026-06-16 15:41:19","2026-06-16 15:41:19","2026-06-16 15:41:19",""
"24325","'400만닉스·61만전자' 나오자…외국인 2.7조 몰렸다","삼성전자에 대해서는 SK증권이 가장 높은 61만원의 목표주가를 제시했다. 미래에셋증권은 목표가 55만원을 유지했다. NH투자증권과 KB증권도 각각 53만원을 제시했다. 삼성증권은 최근 목표주가를 기존 30만원에서...","400만닉스 61만전자 나오자 외국인 2 7조 몰렸다","41267","","0","","1","N","2026-06-16 15:41:19","2026-06-16 15:41:19","2026-06-16 15:41:19",""
"24326","KH바텍, 힌지 넘어 '휴머노이드 로봇' 넘본다 … 정밀 감속기 시장 전격...","SK증권 리포트에 따르면 KH바텍은 로봇 및 자동차 부품 매출 본격화에 힘입어 오는 2028년 전사 매출 6,000억 원을 달성하고, 2030년에는 로봇 사업 부문에서만 최대 1,500억 원의 매출을 올릴 것으로 기대된다.","kh바텍 힌지 넘어 휴머노이드 로봇 넘본다 정밀 감속기 시장 전격","41268","","0","자동차","1","N","2026-06-16 15:41:19","2026-06-16 15:41:19","2026-06-16 15:41:19",""
"24327","'암 생존 시대'…동양생명, 치료 전 과정 담은 통합특약 내놨다","","암 생존 시대 동양생명 치료 전 과정 담은 통합특약 내놨다","41269","","0","","2","N","2026-06-16 15:41:19","2026-06-16 15:43:49","2026-06-16 15:41:19",""
"24328","‘인문 공간 속 대구와 수성이야기’ 강연 열린다","","인문 공간 속 대구와 수성이야기 강연 열린다","41270","","0","","1","N","2026-06-16 15:41:19","2026-06-16 15:41:19","2026-06-16 15:41:19",""
"24329","동양, 365억 부천 AI허브센터 MEP구매·구축 공사 수주","","동양 365억 부천 ai허브센터 mep구매 구축 공사 수주","41271","","0","건설","2","N","2026-06-16 15:41:19","2026-06-16 15:41:20","2026-06-16 15:41:19","2026-06-16 15:41:20"
"24330","진화한 암보험 ""치료후 일상복귀까지 보장""...동양생명, 치료단계별 보...","","진화한 암보험 치료후 일상복귀까지 보장 동양생명 치료단계별 보","41272","","0","금융","1","N","2026-06-16 15:41:20","2026-06-16 15:41:20","2026-06-16 15:41:20",""
"24331","멕시코 남자는 왜 눈을 찢었을까","","멕시코 남자는 왜 눈을 찢었을까","41273","","0","","1","N","2026-06-16 15:41:20","2026-06-16 15:41:20","2026-06-16 15:41:20",""
"24332","한국관광공사, 한·불 수교 140주년 맞아 프랑스 트래블마트 개최","","한국관광공사 한 불 수교 140주년 맞아 프랑스 트래블마트 개최","41274","","0","화장품","1","N","2026-06-16 15:41:20","2026-06-16 15:41:20","2026-06-16 15:41:20",""
"24333","영업점 없는데 은행대리 지정…저축은행 절반 '점포 0~1곳'","","영업점 없는데 은행대리 지정 저축은행 절반 점포 0 1곳","41275","","0","금융","1","N","2026-06-16 15:41:20","2026-06-16 15:41:20","2026-06-16 15:41:20",""
"24334","음성군 삼성라이온스클럽 45대 목인균 회장 취임","","음성군 삼성라이온스클럽 45대 목인균 회장 취임","41277","","0","","1","N","2026-06-16 15:41:20","2026-06-16 15:41:20","2026-06-16 15:41:20",""
"24335","단양군, 반부패·청렴시책 추진상황 점검, 개선방향 논의","","단양군 반부패 청렴시책 추진상황 점검 개선방향 논의","41278","","0","","1","N","2026-06-16 15:41:20","2026-06-16 15:41:20","2026-06-16 15:41:20",""
"24336","고추 칼라병 비상… 서천군, 총채벌레 급증에 긴급 방제 당부","","고추 칼라병 비상 서천군 총채벌레 급증에 긴급 방제 당부","41279","","0","사료","1","N","2026-06-16 15:41:20","2026-06-16 15:41:20","2026-06-16 15:41:20",""
"24337","200인의 손길이 만든 감동… 한산모시문화제, 자원봉사로 빛났다","","200인의 손길이 만든 감동 한산모시문화제 자원봉사로 빛났다","41280","","0","","1","N","2026-06-16 15:41:20","2026-06-16 15:41:20","2026-06-16 15:41:20",""
"24338","당진발전본부, 발전소 주변 마을에 의료기기 지원","","당진발전본부 발전소 주변 마을에 의료기기 지원","41281","","0","","1","N","2026-06-16 15:41:20","2026-06-16 15:41:20","2026-06-16 15:41:20",""
"24339","보령 도심, 형형색색 꽃으로 물들다… 6개 교량 '꽃다리' 조성","","보령 도심 형형색색 꽃으로 물들다 6개 교량 꽃다리 조성","41282","","0","","2","N","2026-06-16 15:41:20","2026-06-16 15:43:42","2026-06-16 15:41:20",""
"24340","""외국인도 함께하는 서천""… 맞춤형 한국어 교육으로 지역 정착 돕는다","","외국인도 함께하는 서천 맞춤형 한국어 교육으로 지역 정착 돕는다","41283","","0","","1","N","2026-06-16 15:41:20","2026-06-16 15:41:20","2026-06-16 15:41:20",""
"24341","이용우 부여군수 당선인, '민선 9기 인수위' 출범…대통합 군정 시동","","이용우 부여군수 당선인 민선 9기 인수위 출범 대통합 군정 시동","41284","","0","","1","N","2026-06-16 15:41:20","2026-06-16 15:41:20","2026-06-16 15:41:20",""
"24342","엄승용 보령시장 당선인, 취임 전부터 'AI 행정혁신' 승부수","엄승용 보령시장 당선인이 AI 기반 스마트행정 구현을 위한 본격 행보에 나섰다. 엄 당선인은 지난 15일 한국행정연구원(원장 권혁주)과 한국지역정보개발원(부원장 김석진)을 잇따라 방문해 보령시가 스마트 행정 도시로...","엄승용 보령시장 당선인 취임 전부터 ai 행정혁신 승부수","41285","","0","","6","N","2026-06-16 15:41:20","2026-06-16 15:43:43","2026-06-16 15:41:20","2026-06-16 15:43:43"
"24343","충주 워케이션 센터 7월 개장","","충주 워케이션 센터 7월 개장","41286","","0","","1","N","2026-06-16 15:41:20","2026-06-16 15:41:20","2026-06-16 15:41:20",""
"24344","달빛 아래 단양강변 달린다!, '2026 단양 달빛레이스 마라톤대회' 개최","10km 구간은 단양생태체육공원을 출발해 별곡 3교차로, 삼봉대교, 도담삼봉을 지나 성신양회 후문 교차로까지 달린 뒤 출발지로 돌아오는 코스다. 군은 야간에 진행되는 대회 특성을 고려해 코스 안전관리와 참가자 편의...","단양군 2026 단양 달빛레이스 마라톤대회 개최","42373","","0","","9","N","2026-06-16 15:41:20","2026-06-16 15:43:56","2026-06-16 15:41:20","2026-06-16 15:43:56"
"24345","괴산읍 자매결연지 농·특산물 홍보","","괴산읍 자매결연지 농 특산물 홍보","41288","","0","","1","N","2026-06-16 15:41:20","2026-06-16 15:41:20","2026-06-16 15:41:20",""
"24346","신성대 준오헤어디자인과, 세계 수준 교육성과 확인","［동양일보 오동연 기자］ ▲ 신성대 준오헤어디자인과 학생들이 국제 디플로마 테스트를 마친 후 기념촬영하고 있다. 신성대(총장 서명범) 준오헤어디자인과가 지난 15일 글로벌 헤어 교육기관 피봇포인트(Pivot Point)...","신성대 준오헤어디자인과 세계 수준 교육성과 확인","41289","","0","","1","N","2026-06-16 15:41:20","2026-06-16 15:41:20","2026-06-16 15:41:20",""
"24347","피노바이오, 셀트리온 임상 순항에 미소…연내 신규 기술이전 3건 노린...","","피노바이오 셀트리온 임상 순항에 미소 연내 신규 기술이전 3건 노린","41291","","0","바이오,코스닥","1","N","2026-06-16 15:41:21","2026-06-16 15:41:21","2026-06-16 15:41:21",""
"24348","머스트바이오, PD-(L)1 면역항암제 이후 해법 찾는다","정성엽 연구소장은 한미약품 연구센터 연구위원 출신으로 랩스커버리(LAPSCOVERY) 플랫폼과 안국약품 이중항체 플랫폼 개발 경험이 있다. 박영진 신약개발본부장은 안국약품 바이오본부 이사와 한미약품...","머스트바이오 pd l 1 면역항암제 이후 해법 찾는다","41292","","0","바이오","1","N","2026-06-16 15:41:21","2026-06-16 15:41:21","2026-06-16 15:41:21",""
"24349","""기억하고, 기록하고, 책임을 다하겠습니다""","","기억하고 기록하고 책임을 다하겠습니다","41293","","0","","1","N","2026-06-16 15:41:21","2026-06-16 15:41:21","2026-06-16 15:41:21",""
"24350","[사설] 기로에 선 UAM, 냉정한 점검부터","","사설 기로에 선 uam 냉정한 점검부터","41294","","0","항공","1","N","2026-06-16 15:41:21","2026-06-16 15:41:21","2026-06-16 15:41:21",""
"24351","[사설] 제주 UAM사업 차질 우려…속도 조절 필요","실제 SK텔레콤은 UAM 파트너인 미국 조비 에비에이션(Joby Aviation) 지분 상당수를 매각했고, 현대자동차의 UAM 자회사인 슈퍼널(Supernal)도 대규모 구조조정을 진행한 것으로 알려졌다. 한 의원은 ""성산포항에 추진 중인 UAM...","사설 제주 uam사업 차질 우려 속도 조절 필요","41295","","0","통신,자동차,항공","2","N","2026-06-16 15:41:21","2026-06-16 15:41:21","2026-06-16 15:41:21","2026-06-16 15:41:21"
"24352","도심항공교통 UAM 상용화 비상...해외 협력기업 파산","","도심항공교통 uam 상용화 비상 해외 협력기업 파산","41296","","0","항공,통신,자동차","4","N","2026-06-16 15:41:21","2026-06-16 15:41:21","2026-06-16 15:41:21","2026-06-16 15:41:21"
"24353","난기류 만난 제주 ‘에어택시’…기체 개발업체 사실상 파산","","난기류 만난 제주 에어택시 기체 개발업체 사실상 파산","41297","","0","항공","1","N","2026-06-16 15:41:21","2026-06-16 15:41:21","2026-06-16 15:41:21",""
"24354","제주도 'UAM 협력' 해외 기업 파산...상용화 '빨간불'","","제주도 uam 협력 해외 기업 파산 상용화 빨간불","41298","","0","","1","N","2026-06-16 15:41:21","2026-06-16 15:41:21","2026-06-16 15:41:21",""
"24355","지정학적 위기 속 솟구치는 탄약 수요…풍산, 방산 부문 수혜 집중","","지정학적 위기 속 솟구치는 탄약 수요 풍산 방산 부문 수혜 집중","41303","","0","방산","4","N","2026-06-16 15:41:21","2026-06-16 15:43:51","2026-06-16 15:41:21",""
"24356","[이넷뉴스 브랜드평판] 고려아연, 비철금속 상장기업 6월 1위···풍산·...","한국내화, 제일연마, 동국알앤에스, 파버나인, 국일신동, 케이피티유 순이었다. 비철금속 상장기업 브랜드평판 1위를 기록한 고려아연 브랜드는 참여지수 996,178 미디어지수 1,941,023 소통지수 2,247,213...","이넷뉴스 브랜드평판 고려아연 비철금속 상장기업 6월 1위 풍산","41304","","0","","4","N","2026-06-16 15:41:21","2026-06-16 15:43:51","2026-06-16 15:41:21","2026-06-16 15:41:24"
"24357","보르고뇨 “韓, 바롤로 깊이 알아갈 시장”…3년 만에 방한","","보르고뇨 바롤로 깊이 알아갈 시장 3년 만에 방한","41305","","0","","1","N","2026-06-16 15:41:21","2026-06-16 15:41:21","2026-06-16 15:41:21",""
"24358","[진단_원전업계 ④금양그린파워] 신재생에너지 승부수 던진 이윤철·이...","","진단 원전업계 금양그린파워 신재생에너지 승부수 던진 이윤철 이","41306","","0","원전","1","N","2026-06-16 15:41:21","2026-06-16 15:41:21","2026-06-16 15:41:21",""
"24359","아침부터 술 취해 바다에 ‘풍덩’…자갈치시장 50대 직원이 극적 구조","","아침부터 술 취해 바다에 풍덩 자갈치시장 50대 직원이 극적 구조","41307","","0","","1","N","2026-06-16 15:41:21","2026-06-16 15:41:21","2026-06-16 15:41:21",""
"24360","""사람이 빠졌다"" 신고...부산 남항서 50대 남성 해상 추락","","사람이 빠졌다 신고 부산 남항서 50대 남성 해상 추락","41308","","0","","1","N","2026-06-16 15:41:21","2026-06-16 15:41:21","2026-06-16 15:41:21",""
"24361","자갈치시장 인근 술 취해 자다 바다 빠진 남성…시장 직원이 구해","","자갈치시장 인근 술 취해 자다 바다 빠진 남성 시장 직원이 구해","41309","","0","","1","N","2026-06-16 15:41:21","2026-06-16 15:41:21","2026-06-16 15:41:21",""
"24362","부산 남항서 바다로 떨어진 50대, 행인 도움으로 해경 구조","","부산 남항서 바다로 떨어진 50대 행인 도움으로 해경 구조","41310","","0","","1","N","2026-06-16 15:41:22","2026-06-16 15:41:22","2026-06-16 15:41:22",""
"24363","음주 상태 50대 남성 해상 추락 사고…행인 도움으로 극적 구조","","음주 상태 50대 남성 해상 추락 사고 행인 도움으로 극적 구조","41311","","0","","1","N","2026-06-16 15:41:22","2026-06-16 15:41:22","2026-06-16 15:41:22",""
"24364","남항서 바다 빠진 50대 구조…행인 뛰어들어 목숨 구했다","","남항서 바다 빠진 50대 구조 행인 뛰어들어 목숨 구했다","41312","","0","","1","N","2026-06-16 15:41:22","2026-06-16 15:41:22","2026-06-16 15:41:22",""
"24365","부산해경, 시민의 도움으로 해상 추락 50대 구조","","부산해경 시민의 도움으로 해상 추락 50대 구조","41313","","0","","1","N","2026-06-16 15:41:22","2026-06-16 15:41:22","2026-06-16 15:41:22",""
"24366","교육부, 초·중등 AI 교육안 막바지 작업…교사·학부모 의견 청취","","교육부 초 중등 ai 교육안 막바지 작업 교사 학부모 의견 청취","41314","","0","","1","N","2026-06-16 15:41:22","2026-06-16 15:41:22","2026-06-16 15:41:22",""
"24367","""제사 안 왔으니 선산은 내 것""…이복동생 황당 주장에 장남 '한숨' [이...","그러면서 ""금양임야는 제사주재자가 단독으로 승계한다는데, 이 경우 제가 선산을 계속 관리할 수 있는지... 이어 ""일반 상속재산은 공동상속인들에게 법정상속분에 따라 공동상속되는 것이 원칙이나, 금양임야는 다른...","제사 안 왔으니 선산은 내 것 이복동생 황당 주장에 장남 한숨 이","41315","","0","","1","N","2026-06-16 15:41:22","2026-06-16 15:41:22","2026-06-16 15:41:22",""
"24368","구미상공회의소, 산업재해 예방을 위한 관리감독자 교육 개최","","구미상공회의소 산업재해 예방을 위한 관리감독자 교육 개최","41317","","0","","1","N","2026-06-16 15:41:22","2026-06-16 15:41:22","2026-06-16 15:41:22",""
"24369","교사 텀블러에 체액·의자엔 소변… 초등교실 침입한 고교생 입건","","교사 텀블러에 체액 의자엔 소변 초등교실 침입한 고교생 입건","41318","","0","","2","N","2026-06-16 15:41:22","2026-06-16 15:43:49","2026-06-16 15:41:22",""
"24370","경기도교육청, 교사 대상 '이공계 특성화 대학 대입전형 설명회' 개최","","경기도교육청 교사 대상 이공계 특성화 대학 대입전형 설명회 개최","41319","","0","","1","N","2026-06-16 15:41:22","2026-06-16 15:41:22","2026-06-16 15:41:22",""
"24371","“위원장 오늘 처음 봤다”…김상욱 울산시장, 친소 배제 ‘실무형 인수...","","위원장 오늘 처음 봤다 김상욱 울산시장 친소 배제 실무형 인수","41320","","0","","1","N","2026-06-16 15:41:22","2026-06-16 15:41:22","2026-06-16 15:41:22",""
"24372","[대전교육소식] 특이민원 대응 모의훈련 '실전처럼' 외","","대전교육소식 특이민원 대응 모의훈련 실전처럼 외","41321","","0","","1","N","2026-06-16 15:41:22","2026-06-16 15:41:22","2026-06-16 15:41:22",""
"24373","고양시, 경찰·소방과 '고독사 예방' 협업망 강화","","고양시 경찰 소방과 고독사 예방 협업망 강화","41323","","0","","1","N","2026-06-16 15:41:22","2026-06-16 15:41:22","2026-06-16 15:41:22",""
"24374","대구도시개발공사, 주거빈곤아동 주거환경 개선","","대구도시개발공사 주거빈곤아동 주거환경 개선","41324","","0","","1","N","2026-06-16 15:41:22","2026-06-16 15:41:22","2026-06-16 15:41:22",""
"24375","우리금융, 에너지 취약가구 여름나기 냉방물품 전달","","우리금융 에너지 취약가구 여름나기 냉방물품 전달","41325","","0","금융","1","N","2026-06-16 15:41:22","2026-06-16 15:41:22","2026-06-16 15:41:22",""
"24376","2026년 하반기 주목해야할 농기자재","","2026년 하반기 주목해야할 농기자재","41326","","0","","1","N","2026-06-16 15:41:22","2026-06-16 15:41:22","2026-06-16 15:41:22",""
"24377","대우·롯데·현대산업·호반, 송도글로벌타운 3단계 시공사 적격심사 통...","","대우 롯데 현대산업 호반 송도글로벌타운 3단계 시공사 적격심사 통","41327","","0","건설,유가","1","N","2026-06-16 15:41:22","2026-06-16 15:41:22","2026-06-16 15:41:22",""
"24378","양천구, '목동아파트 이주계획 안정화 방안 연구용역' 착수...지자체 주...","","양천구 목동아파트 이주계획 안정화 방안 연구용역 착수 지자체 주","41328","","0","","1","N","2026-06-16 15:41:22","2026-06-16 15:41:22","2026-06-16 15:41:22",""
"24379","삼성전자, 글로벌 전략회의 진행… 사업부별 실적 점검과 하반기 전략 ...","","삼성전자 글로벌 전략회의 진행 사업부별 실적 점검과 하반기 전략","41329","","0","","1","N","2026-06-16 15:41:22","2026-06-16 15:41:22","2026-06-16 15:41:22",""
"24380","빚투 규제 도미노 … 은행 이어 인뱅도 '마통 다이어트'","토스뱅크는 최근 3개월간 한도 사용률이 40% 이하인 계좌를 대상으로 최대 40%까지 한도를 줄일 계획이다. 카카오뱅크 역시 약정금액 5000만원 이상 마이너스통장 가운데 최근 6개월 사용률이 20%를 밑도는 계좌에 대해...","빚투 규제 도미노 은행 이어 인뱅도 마통 다이어트","41331","","0","","1","N","2026-06-16 15:41:23","2026-06-16 15:41:23","2026-06-16 15:41:23",""
"24381","[이슈] 드라마 '참교육'이 던진 '교권보호국' 신설론…교육계 ""조직보다...","일례로 대구교사노동조합이 지난달 대구지역 교사 955명을 대상으로 실시한 설문조사 결과는 교권 침해에... 교육적 판단에 따른 생활지도마저 문제 제기의 대상이 되면서 교사들의 소극적 대응이 확산되고 있다는 분석도...","이슈 드라마 참교육 이 던진 교권보호국 신설론 교육계 조직보다","41332","","0","","1","N","2026-06-16 15:41:23","2026-06-16 15:41:23","2026-06-16 15:41:23",""
"24382","경북도, 독도탐방 본격 시작…올해 11회 590여명 참여","도는 16일부터 18일까지 진행되는 독도수호원정대 탐방을 시작으로 올해 독도수호원정대와 국내체류 외국인을 대상으로 총 11회, 590여명 규모의 독도탐방 프로그램을 운영한다. 독도수호원정대는 5회 210명, 국내체류...","경북도 독도탐방 본격 시작 올해 11회 590여명 참여","41333","","0","","1","N","2026-06-16 15:41:23","2026-06-16 15:41:23","2026-06-16 15:41:23",""
"24383","수원대 창업보육센터, 경기도 창업보육센터 운영평가 2년 연속 S등급","경기도는 매년 도내 창업보육센터를 대상으로 보육 인프라, 운영 역량, 지원 프로그램, 입주기업 성장 성과... 이번 평가는 경기도 내 43개 창업보육센터를 대상으로 실시됐으며, 입주기업 지원 프로그램과 운영 실적 등...","수원대 창업보육센터 경기도 창업보육센터 운영평가 2년 연속 s등급","41336","","0","","1","N","2026-06-16 15:41:23","2026-06-16 15:41:23","2026-06-16 15:41:23",""
"24384","[위클리오늘] 경기도평생교육진흥원 양평캠퍼스, '하계 방학캠프' 참가...","경기도평생교육진흥원 경기미래교육양평캠퍼스에서 초등학교 4학년~중학교 3학년을 대상으로 4박 5일... 특히 청소년들이 그룹을 이뤄 외국인 대상 푸드트럭 메뉴를 구성하고 가격 책정, 마케팅까지 직접 기획하는...","위클리오늘 경기도평생교육진흥원 양평캠퍼스 하계 방학캠프 참가","41337","","0","","1","N","2026-06-16 15:41:23","2026-06-16 15:41:23","2026-06-16 15:41:23",""
"24385","강화군 복지재단 간호조무사 보수교육… 접근성 향상","간호조무사를 대상으로 보수교육을 운영하며 교육 접근성 향상에 나서고 있어 주목됩니다. 16일 강화군복지재단은 최근 관내 사회복지시설과 의료기관 등에 근무하는 간호조무사를 대상으로 '2026년 간호조무사 보수교육...","강화군 복지재단 간호조무사 보수교육 접근성 향상","41338","","0","","1","N","2026-06-16 15:41:23","2026-06-16 15:41:23","2026-06-16 15:41:23",""
"24386","[에어 라이브] 티웨이항공ㆍ제주항공ㆍ에어프레미아","◇티웨이항공, 인천~구마모토 특별 할인 프로모션 티웨이항공은 인천~구마모토 노선을 대상으로 특별... 티웨이항공은 왕복 항공권을 구매하는 고객을 대상으로 20만원 이상 결제시 쓸 수 있는 4만 원할인...","에어 라이브 티웨이항공 제주항공 에어프레미아","41339","","0","항공","1","N","2026-06-16 15:41:23","2026-06-16 15:41:23","2026-06-16 15:41:23",""
"24387","안성시 남부농업기술상담소, ‘참깨 재배 현장 컨설팅’","16명을 대상으로 ‘참깨 재배 현장 컨설팅’을 실시했다고 16일 밝혔다. 이번 컨설팅은 안성시 남부권역의... 농업 발전의 앞장서고 있는 농촌지도기관이다. 12일 남부권 농업인 대상 1회차 교육 완료… 8월까지 총 3회 진행.","안성시 남부농업기술상담소 참깨 재배 현장 컨설팅","41340","","0","사료","1","N","2026-06-16 15:41:23","2026-06-16 15:41:23","2026-06-16 15:41:23",""
"24388","행안부, 섬 방문의 해 맞아 '숙박세일페스타' 연계 추진","지원 대상은 육지와 연결되지 않아 여객선을 이용해야 하는 섬을 찾는 관광객(팀 단위 지원)이다. 섬 내부에서 지출한 숙박료, 식료품비, 식비, 여객선 운임 등이 지원 항목이며, 청구 시 왕복 승선권과 영수증 등 관련...","행안부 섬 방문의 해 맞아 숙박세일페스타 연계 추진","41341","","0","","1","N","2026-06-16 15:41:23","2026-06-16 15:41:23","2026-06-16 15:41:23",""
"24389","與 “법사위는 민주당”·野 “관례 훼손” 원 구성 난항…선관위 국조...","특히 민주당이 법사위를 협상 대상이 아니라고 못 박은 가운데 국민의힘 역시 관례 복원을 요구하고 있어... 이주희 민주당 원내대변인은 회의 후 브리핑에서 “법사위는 협상 대상이 아니라는 것이 일관된 원칙”이라며...","법사위는 민주당 관례 훼손 원 구성 난항 선관위 국조","41342","","0","","1","N","2026-06-16 15:41:23","2026-06-16 15:41:23","2026-06-16 15:41:23",""
"24390","'투표 용지 사태'⋯여야, 선관위 국조계획서 18일 처리","조사 대상 기관은 중앙선거관리위원회, 지역선거관리위원회 등이다. 경찰은 조사 대상에서 제외됐다. 천 원내수석은 ""투표 용지 부족 사태 등 국민의 참정권 침해 상황에 대해 조속히 진상을 규명할 것""이라며 ""선관위의...","투표 용지 사태 여야 선관위 국조계획서 18일 처리","41343","","0","","1","N","2026-06-16 15:41:23","2026-06-16 15:41:23","2026-06-16 15:41:23",""
"24391","[2026 푸드이노베이션 포럼] 정찬기 대상 글로벌김치마케팅팀장","정찬기 대상 글로벌 김치마케팅 팀장 /대상. 정찬기 대상 글로벌김치마케팅팀장은 대한민국 1등 김치 브랜드 '종가'가 해외 시장으로 도전하는 길을 개척하고 있는 마케팅 전문가다. 우리나라 고유 음식인 김치를 세계인의...","2026 푸드이노베이션 포럼 정찬기 대상 글로벌김치마케팅팀장","41344","","0","","1","N","2026-06-16 15:41:23","2026-06-16 15:41:23","2026-06-16 15:41:23",""
"24392","하이닉스, 美 ADR 상장 임박…스페이스X '수급 블랙홀'","","하이닉스 adr 상장 임박 스페이스x 수급 블랙홀","41346","","0","","1","N","2026-06-16 15:41:23","2026-06-16 15:41:23","2026-06-16 15:41:23",""
"24393","미·이란 종전 합의…워시의 첫 FOMC '주목'","","미 이란 종전 합의 워시의 첫 fomc 주목","41347","","0","","1","N","2026-06-16 15:41:23","2026-06-16 15:41:23","2026-06-16 15:41:23",""
"24394","[직설] 미-이란 종전에 리스크 벗은 시장…호재 많은 국내증시, 1만시대...","","직설 미 이란 종전에 리스크 벗은 시장 호재 많은 국내증시 1만시대","41348","","0","","1","N","2026-06-16 15:41:23","2026-06-16 15:41:23","2026-06-16 15:41:23",""
"24395","포성 끝, 삽 소리 들릴 차례…""지금 사기 좋다"" 불기둥 세우는 건설주","","포성 끝 삽 소리 들릴 차례 지금 사기 좋다 불기둥 세우는 건설주","41349","","0","원전,건설","1","N","2026-06-16 15:41:23","2026-06-16 15:41:23","2026-06-16 15:41:23",""
"24396","""코스피 랠리에 후행"" 증권株의 시간…키움증권 5.44% ↑ [핫종목]","","코스피 랠리에 후행 증권 의 시간 키움증권 5 44 핫종목","41350","","0","금융,코스피","2","N","2026-06-16 15:41:23","2026-06-16 15:43:33","2026-06-16 15:41:23",""
"24397","[사고] 마이데일리 ‘2026 비즈 포럼’, 17일 개최","","사고 마이데일리 2026 비즈 포럼 17일 개최","41351","","0","엔터테인먼트","1","N","2026-06-16 15:41:23","2026-06-16 15:41:23","2026-06-16 15:41:23",""
"24398","뉴욕 증시, '종전 합의'에 3대 지수 일제 급등","","뉴욕 증시 종전 합의 에 3대 지수 일제 급등","41352","","0","","1","N","2026-06-16 15:41:23","2026-06-16 15:41:23","2026-06-16 15:41:23",""
"24399","[아픈 손가락 삼성중공업] 이재용 찾지 않는 '거제조선소', 영원한 매각...","","아픈 손가락 삼성중공업 이재용 찾지 않는 거제조선소 영원한 매각","41353","","0","조선","1","N","2026-06-16 15:41:23","2026-06-16 15:41:23","2026-06-16 15:41:23",""
"24400","30년 코스닥 정체성 바뀐다…""바이오 대신 반도체""","","30년 코스닥 정체성 바뀐다 바이오 대신 반도체","41354","","0","반도체,바이오,코스닥","1","N","2026-06-16 15:41:23","2026-06-16 15:41:23","2026-06-16 15:41:23",""
"24401","먹구름 걷히자 5%대 급등‥""이제 실적에 주목""","","먹구름 걷히자 5 대 급등 이제 실적에 주목","41355","","0","금융","2","N","2026-06-16 15:41:23","2026-06-16 15:41:24","2026-06-16 15:41:23",""
"24402","신현송 한은 총재 연속 긴축 시그널에 금융시장 촉각","","신현송 한은 총재 연속 긴축 시그널에 금융시장 촉각","41356","","0","금융,금리","1","N","2026-06-16 15:41:24","2026-06-16 15:41:24","2026-06-16 15:41:24",""
"24403","[투자의 창] 달라진 주식시장과 채권시장의 관계","","투자의 창 달라진 주식시장과 채권시장의 관계","41358","","0","반도체,금리","1","N","2026-06-16 15:41:24","2026-06-16 15:41:24","2026-06-16 15:41:24",""
"24404","[AI 인프라 전쟁] SKT, 엔비디아와 5GW 'AI 팩토리'…아직은 갈 길 멀어","","ai 인프라 전쟁 skt 엔비디아와 5gw ai 팩토리 아직은 갈 길 멀어","41359","","0","통신","1","N","2026-06-16 15:41:24","2026-06-16 15:41:24","2026-06-16 15:41:24",""
"24405","코스닥의 변화…증권가 ""정책 모멘텀 재부각 기대""","","코스닥의 변화 증권가 정책 모멘텀 재부각 기대","41360","","0","반도체,코스닥","1","N","2026-06-16 15:41:24","2026-06-16 15:41:24","2026-06-16 15:41:24",""
"24406","106일만에 걷힌 중동 먹구름…9000피 정복 나선다","","106일만에 걷힌 중동 먹구름 9000피 정복 나선다","41361","","0","금리","1","N","2026-06-16 15:41:24","2026-06-16 15:41:24","2026-06-16 15:41:24",""
"24407","[개국 2주년 특별대담] ""주가보다 더 뛰는 이익…삼성전자·SK하이닉스 ...","","개국 2주년 특별대담 주가보다 더 뛰는 이익 삼성전자 sk하이닉스","41362","","0","금리","1","N","2026-06-16 15:41:24","2026-06-16 15:41:24","2026-06-16 15:41:24",""
"24408","치솟는 금리에 돈줄 말라붙는 기업들… 회사채 발행 7조원가까이 급감","","치솟는 금리에 돈줄 말라붙는 기업들 회사채 발행 7조원가까이 급감","41363","","0","금리,화학","1","N","2026-06-16 15:41:24","2026-06-16 15:41:24","2026-06-16 15:41:24",""
"24409","檢, '기름값 담합 의혹' HD현대오일뱅크 임직원 2명 구속영장 청구","이에 대해 정유업계 한 관계자는 ""어떤 혐의와 증거로 수사가 이뤄지는지 들은 바 없다""면서도 ""두어 달 전쯤 SK네트웍스(HD현대오일뱅크 주유소 인수) 출신 담당 직원들이 수시로 연락해 왔다는 증거나 나왔다는 이야기가...","기름값 담합 의혹 hd현대오일뱅크 임직원 2명 구속영장 청구","41367","","0","","1","N","2026-06-16 15:41:24","2026-06-16 15:41:24","2026-06-16 15:41:24",""
"24410","[단독]찬성률 99.7%, 상법 개정 비웃는 대기업 '독립이사'[시험대 오른 ...","반대 사유로는 ▲사업 시너지 불확실성(SK네트웍스) ▲로봇 관련 지분 인수 및 사업 양도 승인(LG전자) ▲재무제표 및 영업보고서 승인(LG에이치에스애드) ▲미국 알래스카 LNG(액화천연가스) 프로젝트 SP사 참여 건...","단독 찬성률 99 7 상법 개정 비웃는 대기업 독립이사 시험대 오른","41371","","0","","1","N","2026-06-16 15:41:24","2026-06-16 15:41:24","2026-06-16 15:41:24",""
"24411","""한양증권, 중앙일보 계열 익스포저 양적 부담 존재""","개별 금융사 중에서는 한양증권 익스포저가 JTBC 540억원, 중앙일보 300억원 등 총 840억원으로, 유일하게 '총자산의 0.5%, 자본의 2.0%' 기준을 넘겼다. 그 외 금융사의 경우 일부 손실 가능성이 있지만 보유 규모가...","한양증권 중앙일보 계열 익스포저 양적 부담 존재","41372","","0","금융","3","N","2026-06-16 15:41:24","2026-06-16 15:41:25","2026-06-16 15:41:24","2026-06-16 15:41:25"
"24412","나신평 ""한양증권, 중앙그룹 익스포저 840억원…신용도 모니터링 예정""","중앙그룹 주요 계열사의 회생절차 신청으로 채무불이행 우려가 높아진 가운데 자본 대비 익스포저 규모가 큰 한양증권으로 시선이 향하고 있다. 16일 NICE신용평가는 보고서를 통해 ""총자산 및 자본 대비 익스포저...","나신평 한양증권 중앙그룹 익스포저 840억원 신용도 모니터링 예정","41376","","0","금융","2","N","2026-06-16 15:41:24","2026-06-16 15:41:25","2026-06-16 15:41:24","2026-06-16 15:41:25"
"24413","[Invest]중앙일보 '주채권은행' 하나은행, 시장에 워크아웃 '공' 넘길까","회생절차 계열사 기준 주요 금융기관 익스포저는 하나은행 약 500억원, 우리은행 420억원, 한양증권 280억원, 농협은행 180억원, KB캐피탈 170억원, 산업은행 130억원, 기업은행 100억원 수준으로 파악된다. 은행권 전체 채권...","invest 중앙일보 주채권은행 하나은행 시장에 워크아웃 공 넘길까","41380","","0","금융","1","N","2026-06-16 15:41:25","2026-06-16 15:41:25","2026-06-16 15:41:25",""
"24414","'회생절차' JTBC 2000억대 채권 불완전판매 여부, 금융당국이 살핀다","발행 주관사로는 신한투자증권과 한양증권, NH투자증권, KB증권 등이 포함됐습니다. 금감원은 이들 증권사가 발행 당시 JTBC의 재무 상황과 그룹 전반의 유동성 위험을 충분히 확인했는지, 투자자에게 관련 위험을...","회생절차 jtbc 2000억대 채권 불완전판매 여부 금융당국이 살핀다","41381","","0","금융","2","N","2026-06-16 15:41:25","2026-06-16 15:41:25","2026-06-16 15:41:25","2026-06-16 15:41:25"
"24415","""금감원, JTBC 채권발행 주관사 불완전판매 조사""","발행 주관사로는 신한투자증권과 한양증권, NH투자증권, KB증권 등이 포함됐다""고 설명했다. 15일 중앙그룹의 지주사 중앙홀딩스, 계열사 JTBC·메가박스중앙·콘텐트리중앙·중앙피앤아이는 서울회생법원에 회생절차...","금감원 jtbc 채권발행 주관사 불완전판매 조사","41382","","0","","1","N","2026-06-16 15:41:25","2026-06-16 15:41:25","2026-06-16 15:41:25",""
"24416","홈플러스 이어 JTBC까지…회생 절차 방아쇠 된 'ABSTB'","두 건의 유동화 업무는 모두 한양증권이 주관한 것으로 알려졌다. 문제는 추가 상환 부담도 남아 있다는 점이다. 제일티비씨제이차의 경우 지난 12일 만기 도래한 150억 원 외에도 다음 달 23일 200억 원 규모 차입금...","홈플러스 이어 jtbc까지 회생 절차 방아쇠 된 abstb","41384","","0","","1","N","2026-06-16 15:41:25","2026-06-16 15:41:25","2026-06-16 15:41:25",""
"24417","개인 채권만 8000억…중앙그룹 투자자 '비상'","중앙그룹의 회사채, CP 등 주관은 신한투자증권 한국투자증권 NH투자증권 한양증권 등이 맡았다. 이들 증권사는 회사채 상당 부분을 기관투자가를 통해 개인 투자자에게 재판매한 것으로 알려졌다. 업계 관계자는...","개인 채권만 8000억 중앙그룹 투자자 비상","41385","","0","","1","N","2026-06-16 15:41:25","2026-06-16 15:41:25","2026-06-16 15:41:25",""
"24418","피알지에스앤텍, 코스닥 기술성평가 통과…희귀질환 신약이 무기","이번 투자에는 에스벤처스, 케이넷투자파트너스, 산은캐피탈, 케이앤투자파트너스, 스닉픽인베스트먼트, 제이원창업투자, 한양증권, 유안타증권 등이 참여했다. 피알지에스앤텍은 2017년 설립했다. 유전질환의...","피알지에스앤텍 코스닥 기술성평가 통과 희귀질환 신약이 무기","41386","","0","코스닥,바이오","2","N","2026-06-16 15:41:25","2026-06-16 15:41:25","2026-06-16 15:41:25","2026-06-16 15:41:25"
"24419","[필드뒷얘기] 임종룡의 증권업 승부수, 이번에도 통할까","당시 증권업계에서는 유안타증권, SK증권, 이베스트투자증권, 교보증권, 한양증권 등 다수의 중소형 증권사가 잠재 인수 후보군으로 거론됐다. 그러나 우리금융이 선택한 곳은 한국포스증권이었다. 이 선택에 시장의...","필드뒷얘기 임종룡의 증권업 승부수 이번에도 통할까","41388","","0","금융","1","N","2026-06-16 15:41:25","2026-06-16 15:41:25","2026-06-16 15:41:25",""
"24420","‘유가 담합’ 공정위 제친 檢…‘기름값 짬짜미’ 구속영장 초강수","","유가 담합 공정위 제친 기름값 짬짜미 구속영장 초강수","41389","","0","","1","N","2026-06-16 15:41:25","2026-06-16 15:41:25","2026-06-16 15:41:25",""
"24421","한국보일러사랑재단, 제19회 한국보일러대상 시상식 개최","보일러 대상은 중앙특수제지(주) 구본영 차장, 스위스그랜드호텔 신대정 주임, 현대차 대구하이테크센터 문홍수 대리, 대한제당(주) 나윤태 사원, 수목원호정포레스트 윤대해 시설주임, 마포구시설관리공단 김병노...","한국보일러사랑재단 제19회 한국보일러대상 시상식 개최","41390","","0","","1","N","2026-06-16 15:41:25","2026-06-16 15:41:25","2026-06-16 15:41:25",""
"24422","배당 늘리더니 자사주까지 소각…오리온, 주주환원 승부수","","배당 늘리더니 자사주까지 소각 오리온 주주환원 승부수","41391","","0","","1","N","2026-06-16 15:41:26","2026-06-16 15:41:26","2026-06-16 15:41:26",""
"24423","오리온, 신사옥 이전 이어 자사주 전량 소각···주주가치 제고 속도","| 스마트비즈 = 김선주 기자 | 오리온홀딩스와 오리온이 보유 중인 자기주식 전량을 소각하며 주주가치 제고에 나선다. 오리온홀딩스와 오리온은 16일 각각 이사회를 열고 보유 중인 자기주식 전량을 소각하기로...","오리온 신사옥 이전 이어 자사주 전량 소각 주주가치 제고 속도","41395","","0","","1","N","2026-06-16 15:41:26","2026-06-16 15:41:26","2026-06-16 15:41:26",""
"24424","오리온홀딩스·오리온, 자사주 전량 소각 결정","오리온홀딩스와 오리온이 보유 중인 자기주식을 소각하며 주주환원 강화에 나선다. 오리온홀딩스는 보유 중인 자기주식 전량인 248만8770주를 소각한다고 16일 밝혔다. 이는 전체 발행 주식의 3.97%로, 지난 15일 종가 기준...","오리온홀딩스 오리온 자사주 전량 소각 결정","41396","","0","","6","N","2026-06-16 15:41:26","2026-06-16 15:41:26","2026-06-16 15:41:26","2026-06-16 15:41:26"
"24425","오리온, 자사주 665억 소각…배당 2046억 이어 주주환원 강화","오리온홀딩스와 오리온은 16일 각각 이사회를 열고 이러한 내용의 자사주 소각 안건을 의결했다고 밝혔다. 이번 결정은 지난 3월 발표한 기업가치 제고 계획의 후속 조치로 당시 오리온은 개정 상법에 따라 보유...","오리온 자사주 665억 소각 배당 2046억 이어 주주환원 강화","41399","","0","","1","N","2026-06-16 15:41:26","2026-06-16 15:41:26","2026-06-16 15:41:26",""
"24426","떠들썩 ‘제지사 담합’ 논란…2개월 뒤 공정위, 한솔 ‘전액’·무림 ...","공정위는 지난 4월 한솔제지, 무림SP, 무림페이퍼, 무림P&P, 한국제지, 홍원제지 등 6개사가 2021년 2월부터 2024년 12월까지 3년10개월 동안 인쇄용지 가격 인상과 할인율 축소 등을 합의했다고 밝혔다. 담합 대상은...","떠들썩 제지사 담합 논란 2개월 뒤 공정위 한솔 전액 무림","41418","","0","","1","N","2026-06-16 15:41:26","2026-06-16 15:41:26","2026-06-16 15:41:26",""
"24427","거래소, 이화공영 상장폐지 관련 이의신청서 접수","이화공영(001840)이 상장폐지 결정에 대해 공식적으로 이의신청서를 제출했다고 공시했다. 한국거래소 공시에 따르면 2026년 5월 21일 기업심사위원회는 이화공영(001840) 주권의 상장폐지를 심의·의결한 바 있으며...","거래소 이화공영 상장폐지 관련 이의신청서 접수","41419","","0","코스닥","2","N","2026-06-16 15:41:26","2026-06-16 15:41:26","2026-06-16 15:41:26","2026-06-16 15:41:26"
"24428","코오롱FnC, IP 결합한 패션 비즈니스 본격화...사내독립기업 'V본부'로 개...","코오롱인더스트리FnC부문(코오롱FnC)이 지식재산(IP)을 기반으로 한 패션 신사업을 본격화한다. 이를 통해 패션을 넘어 문화 콘텐츠 영역으로 사업을 확장한다는 방침이다. 16일 코오롱FnC는 지식재산(IP)을 기반으로 한...","코오롱fnc ip 결합한 패션 비즈니스 본격화 사내독립기업 v본부 로 개","41421","","0","","8","N","2026-06-16 15:41:27","2026-06-16 15:43:24","2026-06-16 15:41:27","2026-06-16 15:43:24"
"24429","현대리바트 '스마트워크센터' 산림과학원 공식 견학지 선정 外","","현대리바트 스마트워크센터 산림과학원 공식 견학지 선정","41422","","0","","3","N","2026-06-16 15:41:27","2026-06-16 15:43:51","2026-06-16 15:41:27",""
"24430","코오롱FnC, IP 신사업 전담 'V본부' 출범","코오롱인더스트리FnC부문(이하 코오롱FnC)이 IP(Intellectual Property·지적재산권)를 기반으로 한 신사업을 본격화한다. 코오롱FnC는 이를 전담할 'V본부'를 6월 조직 개편을 통해 사내독립기업 형태로 신설했다. 최근...","코오롱fnc ip 신사업 전담 v본부 출범","41425","","0","엔터테인먼트","8","N","2026-06-16 15:41:27","2026-06-16 15:43:24","2026-06-16 15:41:27","2026-06-16 15:43:24"
"24431","[포토뉴스] 공장 시동 ‘부릉’...자율제조, 데이터 넣으니 공장이 ‘착...","헬로티 최재규 기자 | 박윤성 코오롱베니트 팀장. 그는 데이터 기반 자율제조(Autonomous Manufacturing) 사례를 중심으로, 제조 AX의 현장 적용 결과를 공유했다. (촬영 : 헬로티 )","포토뉴스 공장 시동 부릉 자율제조 데이터 넣으니 공장이 착","41431","","0","","1","N","2026-06-16 15:41:27","2026-06-16 15:41:27","2026-06-16 15:41:27",""
"24432","[포토뉴스] ‘어머! 다크 팩토리?!’ 공장 불 끄기 전 AX부터 확보하세...","헬로티 최재규 기자 | 디지털 전환(DX) 및 인공지능 전환(AX) 전문가로 활동 중인 정상섭 코오롱베니트 DX본부장이 다크 팩토리 구현을 위한 AX 여정을 소개했다. (촬영 : 헬로티 )","포토뉴스 어머 다크 팩토리 공장 불 끄기 전 ax부터 확보하세","41435","","0","","1","N","2026-06-16 15:41:27","2026-06-16 15:41:27","2026-06-16 15:41:27",""
"24433","린버크 제네릭 허가 신청 본격화…적응증 축소 통해 조기 시장진입 노리...","이어 종근당, GC녹십자, 휴온스, 일동제약, 대웅제약, 삼진제약, 삼아제약, 환인제약, 한림제약, 코오롱제약, 제뉴원사이언스 등 11개사가 추가로 심판에 참여했다. 이들 제약사는 확인대상발명이 존속기간이 연장된...","린버크 제네릭 허가 신청 본격화 적응증 축소 통해 조기 시장진입 노리","41438","","0","바이오","2","N","2026-06-16 15:41:27","2026-06-16 15:43:25","2026-06-16 15:41:27",""
"24434","엔비디아 AI기술센터, 당산·강남권 등 물망","","엔비디아 ai기술센터 당산 강남권 등 물망","41439","","0","IT","2","N","2026-06-16 15:41:27","2026-06-16 15:41:27","2026-06-16 15:41:27","2026-06-16 15:41:27"
"24435","HMM ""아시아 역내 항로 시장점유율 3배 성장에 인니가 첨병""[①한-인니 ...","","hmm 아시아 역내 항로 시장점유율 3배 성장에 인니가 첨병 한 인니","41440","","0","조선","1","N","2026-06-16 15:41:27","2026-06-16 15:41:27","2026-06-16 15:41:27",""
"24436","'미·이란 종전' 쌍용·한일·삼표·아세아, 운송비 숨통…유연탄 부담...","","미 이란 종전 쌍용 한일 삼표 아세아 운송비 숨통 유연탄 부담","41441","","0","건설,유가","2","N","2026-06-16 15:41:27","2026-06-16 15:43:56","2026-06-16 15:41:27",""
"24437","SOC 투자 확대 수혜 기대… 시멘트·레미콘 관련주 서산 SG 모헨즈 주목...","","soc 투자 확대 수혜 기대 시멘트 레미콘 관련주 서산 sg 모헨즈 주목","41442","","0","","2","N","2026-06-16 15:41:27","2026-06-16 15:43:56","2026-06-16 15:41:27",""
"24438","[Who Is ?] 백남종 서울대병원 원장","","who is 백남종 서울대병원 원장","41443","","0","","1","N","2026-06-16 15:41:27","2026-06-16 15:41:27","2026-06-16 15:41:27",""
"24439","레미콘 휴업에 시멘트 판매량 40% ‘급감’","","레미콘 휴업에 시멘트 판매량 40 급감","41444","","0","","2","N","2026-06-16 15:41:27","2026-06-16 15:43:56","2026-06-16 15:41:27",""
"24440","트럼프 ""14일 서명""...이란은 부인, '생일 선물'은 안 돼?","김덕일 고려대 아세아문제연구원 중동이슬람센터 연구위원과 함께관련 내용 짚어봅니다. 어서 오세요.... 김덕일 고려대 아세아문제연구원 중동이슬람센터 연구위원과 함께했습니다. 고맙습니다.","트럼프 14일 서명 이란은 부인 생일 선물 은 안 돼","41446","","0","","1","N","2026-06-16 15:41:27","2026-06-16 15:41:27","2026-06-16 15:41:27",""
"24441","자이언트 게임즈, '초자연 작전팀'에 비비안 첫 환몽 듀얼 코스튬 '심해...","","자이언트 게임즈 초자연 작전팀 에 비비안 첫 환몽 듀얼 코스튬 심해","41447","","0","게임","3","N","2026-06-16 15:41:28","2026-06-16 15:41:28","2026-06-16 15:41:28","2026-06-16 15:41:28"
"24442","'초자연 작전팀', 신수 테마 콘텐츠 업데이트","","초자연 작전팀 신수 테마 콘텐츠 업데이트","41448","","0","","4","N","2026-06-16 15:41:28","2026-06-16 15:41:28","2026-06-16 15:41:28","2026-06-16 15:41:28"
"24443","‘지연수와 이혼’ 일라이, 6년만에 재혼…“행복하게 살게요”","","지연수와 이혼 일라이 6년만에 재혼 행복하게 살게요","41453","","0","","3","N","2026-06-16 15:41:28","2026-06-16 15:41:28","2026-06-16 15:41:28","2026-06-16 15:41:28"
"24444","'재혼' 일라이, 결혼식 현장 공개...유키스 수현 축가","","재혼 일라이 결혼식 현장 공개 유키스 수현 축가","41454","","0","","4","N","2026-06-16 15:41:28","2026-06-16 15:41:28","2026-06-16 15:41:28","2026-06-16 15:41:28"
"24445","'지연수와 이혼' 일라이, 재혼 현장 포착…유키스 리더 축가","","지연수와 이혼 일라이 재혼 현장 포착 유키스 리더 축가","41456","","0","","1","N","2026-06-16 15:41:28","2026-06-16 15:41:28","2026-06-16 15:41:28",""
"24446","'재혼♥' 일라이, 버진로드 위 신부와 환한 미소…유키스 수현 의리의 ...","","재혼 일라이 버진로드 위 신부와 환한 미소 유키스 수현 의리의","41459","","0","","1","N","2026-06-16 15:41:28","2026-06-16 15:41:28","2026-06-16 15:41:28",""
"24447","[글로벌 포커스] ‘대동강의 기적’은 가능한가","","글로벌 포커스 대동강의 기적 은 가능한가","41463","","0","","1","N","2026-06-16 15:41:28","2026-06-16 15:41:28","2026-06-16 15:41:28",""
"24448","이란 “14일 서명 없다”… 트럼프 ‘합의 임박’ 주장에 제동","","이란 14일 서명 없다 트럼프 합의 임박 주장에 제동","41464","","0","","1","N","2026-06-16 15:41:28","2026-06-16 15:41:28","2026-06-16 15:41:28",""
"24449","한여름에도 보송한 사람들은 속옷부터 다릅니다","","한여름에도 보송한 사람들은 속옷부터 다릅니다","41465","","0","","1","N","2026-06-16 15:41:28","2026-06-16 15:41:28","2026-06-16 15:41:28",""
"24450","안젤리나 졸리, 6남매 '브래드 피트 삭제' 계획했나..""상처 주는 목적""[...","","안젤리나 졸리 6남매 브래드 피트 삭제 계획했나 상처 주는 목적","41466","","0","","1","N","2026-06-16 15:41:28","2026-06-16 15:41:28","2026-06-16 15:41:28",""
"24451","""바빠도 BTS 굿즈 못 참지""…팝업스토어 보랏빛 '인산인해'","출구에서 친구들과 대화를 나누던 대만 국적의 비비안(23·여)은 ""오늘 공연으로 바쁘지만 티셔츠, 재킷, 응원봉 등을 사기 위해 왔다""며 ""해운대, 광안리 등 부산 바다도 구경했다""고 했다. 포르투갈에서 태어났지만...","바빠도 bts 굿즈 못 참지 팝업스토어 보랏빛 인산인해","41467","","0","조선","1","N","2026-06-16 15:41:28","2026-06-16 15:41:28","2026-06-16 15:41:28",""
"24452","노린재 피해 최소화, 과원 맞춤형 관리 전략 필요","","노린재 피해 최소화 과원 맞춤형 관리 전략 필요","41468","","0","사료","1","N","2026-06-16 15:41:28","2026-06-16 15:41:28","2026-06-16 15:41:28",""
"24453","고엽기·저항성 잡초 대응 중후기 제초 솔루션 주목","","고엽기 저항성 잡초 대응 중후기 제초 솔루션 주목","41469","","0","사료","1","N","2026-06-16 15:41:28","2026-06-16 15:41:28","2026-06-16 15:41:28",""
"24454","후발생·저항성 잡초 증가…벼농사 중·후기 제초 관리 중요성 커져","","후발생 저항성 잡초 증가 벼농사 중 후기 제초 관리 중요성 커져","41470","","0","","1","N","2026-06-16 15:41:29","2026-06-16 15:41:29","2026-06-16 15:41:29",""
"24455","[기획] 고온다습한 여름 예고에 탄저병 '비상'…단계적 방제 필요","# 탄저병 막는 업체별 작물보호제 ■ 경농 '벨리스에스' '벨리스에스' 액상수화제는 서로 다른 작용기작 성분이 조합된 종합살균제로 다양한 작물, 병해에 두루 사용이 가능하다. 특히 약을 살포하면 처리되지 않은...","기획 고온다습한 여름 예고에 탄저병 비상 단계적 방제 필요","41471","","0","","2","N","2026-06-16 15:41:29","2026-06-16 15:43:24","2026-06-16 15:41:29",""
"24456","노동부, 아워홈 8개 제조공장 통합 기획감독…산안·노동분야 동시 점검","노동부는 이번 사고 피해자가 하청 노동자인 점과 다른 제조공장에서도 하청 노동자 재해가 다수 발생한 점을 고려해 산업안전 분야뿐 아니라 불법파견 여부, 임금체불, 휴일·휴게 부여 등 노동관계법 위반 여부도 함께...","노동부 아워홈 8개 제조공장 통합 기획감독 산안 노동분야 동시 점검","41477","","0","","1","N","2026-06-16 15:41:29","2026-06-16 15:41:29","2026-06-16 15:41:29",""
"24457","“국립대병원, 서울 대형병원만큼 전문의 확대”","지역 의료 수요를 고려해 산업단지가 많은 동남권은 외상과 재활을, 의료 취약지가 많은 호남은 인공지능(AI) 기반 원격 협진 등을 특화하는 방안도 검토하고 있다. 다만 이번 방안에는 구체적인 예산 확보 계획 등이...","국립대병원 서울 대형병원만큼 전문의 확대","41478","","0","","1","N","2026-06-16 15:41:29","2026-06-16 15:41:29","2026-06-16 15:41:29",""
"24458","허태정 대전시장 당선인, 김민석 국무총리에게 대전 현안 지원 건의","허 당선인은 ""그동안 정부 사업이 공모 방식 중심으로 추진되면서 지방자치단체 간 과도한 경쟁이 발생했다""며 ""지역별 특성과 강점을 고려한 산업 육성이 어려웠다""고 지적했다. 그러면서 ""대전의 과학기술 역량과 산업...","허태정 대전시장 당선인 김민석 국무총리에게 대전 현안 지원 건의","41481","","0","","1","N","2026-06-16 15:41:29","2026-06-16 15:41:29","2026-06-16 15:41:29",""
"24459","AI 데이터센터, 열을 잡는 기계설비가 승부처다","데이터센터 건설을 넘어 운영 단계까지 고려한 산업 생태계 구축의 필요성이 제기된 셈이다. 국토부 역시 관련 논의를 일회성 행사로 끝내지 않고, 연구개발과 실증, 표준화 과제로 연결하는 방안을 검토하고 있다....","ai 데이터센터 열을 잡는 기계설비가 승부처다","41482","","0","건설,기계","1","N","2026-06-16 15:41:29","2026-06-16 15:41:29","2026-06-16 15:41:29",""
"24460","“이주노동자 이전의 한 사람 딸기 따며 상처를 새긴다”","그동안 일본군 위안부 피해자와 강제이주 고려인, 산업재해 노동자, 시각장애인 등 사회 주변부로 밀려난 이들에게 깊은 관심을 가져온 작가는 이번엔 농촌 딸기밭으로 시선을 옮겼다. 작품은 2년 전 깻잎 농장에서 일하던...","이주노동자 이전의 한 사람 딸기 따며 상처를 새긴다","41483","","0","","1","N","2026-06-16 15:41:29","2026-06-16 15:41:29","2026-06-16 15:41:29",""
"24461","‘딸기밭 이주노동자’ 이름표 너머 한 사람의 삶을 담다","그동안 일본군 위안부 피해자와 강제이주 고려인, 산업재해 노동자, 시각장애인 등 사회 주변부로 밀려난 이들에 깊은 관심을 가져 온 작가는 이번엔 농촌 딸기밭으로 시선을 옮겼다. 작품은 2년 전 깻잎 농장에서 일하던...","딸기밭 이주노동자 이름표 너머 한 사람의 삶을 담다","41485","","0","","1","N","2026-06-16 15:41:29","2026-06-16 15:41:29","2026-06-16 15:41:29",""
"24462","지자체 수자원·물환경 기술용역 쏟아내","","지자체 수자원 물환경 기술용역 쏟아내","41486","","0","","1","N","2026-06-16 15:41:29","2026-06-16 15:41:29","2026-06-16 15:41:29",""
"24463","도화엔지니어링 ‘신안 후광 해상풍력 발전사업 환경영향평가 용역’ 수...","","도화엔지니어링 신안 후광 해상풍력 발전사업 환경영향평가 용역 수","41487","","0","","1","N","2026-06-16 15:41:29","2026-06-16 15:41:29","2026-06-16 15:41:29",""
"24464","DL이앤씨, 고부가 도시개발·에너지 인프라로 포트폴리오 다변화","GS건설과 현대건설은 해외 인프라 사업 확대 기대 속에 강세를 나타내고 있으며, 도화엔지니어링과 유신은 도시 설계와 토목 엔지니어링 역량을 기반으로 재건 사업 참여 가능성이 주목받고 있다. 건설장비와 기계...","dl이앤씨 고부가 도시개발 에너지 인프라로 포트폴리오 다변화","41488","","0","건설","4","N","2026-06-16 15:41:29","2026-06-16 15:43:22","2026-06-16 15:41:29","2026-06-16 15:43:21"
"24465","중동 재건 시동 걸렸다...삼성E&A, 글로벌 플랜트 기술력 앞세워 수주전...","","중동 재건 시동 걸렸다 삼성e a 글로벌 플랜트 기술력 앞세워 수주전","41489","","0","","3","N","2026-06-16 15:41:29","2026-06-16 15:43:22","2026-06-16 15:41:29",""
"24466","“그림엔 점 한 개, 글씨는 2개”…서울시, GTX-A 철근 누락 ‘설계사’...","도면 텍스트-그림 불일치한 ‘설계 오류’ 확인…도화엔지니어링 제재 영동대로 지하공간 복합개발 삼성역 구간 ‘철근 누락’ 사태와 관련해 서울시가 시공사뿐 아니라 설계사에도 벌점을 부과하기로 했다. 철근...","그림엔 점 한 개 글씨는 2개 서울시 gtx a 철근 누락 설계사","41490","","0","","1","N","2026-06-16 15:41:29","2026-06-16 15:41:29","2026-06-16 15:41:29",""
"24467","이호진 전 회장 또 재판에…태광그룹 안갯속","","이호진 전 회장 또 재판에 태광그룹 안갯속","41491","","0","조선,바이오","3","N","2026-06-16 15:41:30","2026-06-16 15:43:28","2026-06-16 15:41:30",""
"24468","바다 담은 화장품…태광 K뷰티 승부수 '사핀' 성수동서 첫 선","태광그룹은 애경산업과 동성제약, 실을 중심으로 뷰티 사업 포트폴리오를 확대할 계획이다. 김 대표는 ""애경산업과 동성제약, 실을 그룹의 3각 편대로 생각하면 된다""며 ""각 회사의 강점을 바탕으로 뷰티 사업 경쟁력을...","바다 담은 화장품 태광 k뷰티 승부수 사핀 성수동서 첫 선","41492","","0","화장품,바이오","2","N","2026-06-16 15:41:30","2026-06-16 15:41:30","2026-06-16 15:41:30","2026-06-16 15:41:30"
"24469","[종합] 철강 수입, 이제 '쇳물 국적'까지 캔다…정부, 조강국 증빙 의무...","","종합 철강 수입 이제 쇳물 국적 까지 캔다 정부 조강국 증빙 의무","41494","","0","철강","1","N","2026-06-16 15:41:30","2026-06-16 15:41:30","2026-06-16 15:41:30",""
"24470","철강재 수입 때 밀시트 제출 의무화 추진…수입관리 강화 나선다","앞서 일본 철강업계는 지난 5월 서울에서 열린 한일 철강회의에서 한국 정부의 밀시트 제출 의무화 추진과 관련해 제도 운용 개선을 요청한 바 있다. 일본 측은 한일 간 해상 운송 기간이 짧아 통관 시점까지 밀시트를...","철강재 수입 때 밀시트 제출 의무화 추진 수입관리 강화 나선다","41495","","0","철강","1","N","2026-06-16 15:41:30","2026-06-16 15:41:30","2026-06-16 15:41:30",""
"24471","[더벨][Company Watch] 피에스텍 오너, 회사에 부동산 팔아 현금화","","더벨 company watch 피에스텍 오너 회사에 부동산 팔아 현금화","41496","","0","","1","N","2026-06-16 15:41:30","2026-06-16 15:41:30","2026-06-16 15:41:30",""
"24472","SMR 넘어 미래 핵융합까지…두산에너빌리티, 독보적 제조 역량 입증","","smr 넘어 미래 핵융합까지 두산에너빌리티 독보적 제조 역량 입증","41497","","0","","2","N","2026-06-16 15:41:30","2026-06-16 15:41:36","2026-06-16 15:41:30",""
"24473","AI 전력 수요 폭증 수혜주 부각…초전도체株 LS ELECTRIC 신성델타테크 ...","","ai 전력 수요 폭증 수혜주 부각 초전도체 ls electric 신성델타테크","41498","","0","","1","N","2026-06-16 15:41:30","2026-06-16 15:41:30","2026-06-16 15:41:30",""
"24474","단순 전자부품 넘어 전력 인프라로…삼화콘덴서, 고부가 가치 중심 성장...","고려제강은 초전도 분야와 관련된 기술 경쟁력이 부각되며 관심을 받고 있다. 비츠로테크는 전력기기와 특수 전원장치 사업을 영위하고 있으며 핵융합 연구 장비 분야와의 연관성으로 시장에서 꾸준히 주목받고 있다....","단순 전자부품 넘어 전력 인프라로 삼화콘덴서 고부가 가치 중심 성장","41499","","0","","2","N","2026-06-16 15:41:30","2026-06-16 15:41:36","2026-06-16 15:41:30",""
"24475","CBLoL 활동했던 '영재' 고영재, 휴식 선언","","cblol 활동했던 영재 고영재 휴식 선언","41500","","0","","1","N","2026-06-16 15:41:31","2026-06-16 15:41:31","2026-06-16 15:41:31",""
"24476","한진트래블, 프로 골퍼 동반 프리미엄 골프 여행 상품 출시","","한진트래블 프로 골퍼 동반 프리미엄 골프 여행 상품 출시","41501","","0","","1","N","2026-06-16 15:41:31","2026-06-16 15:41:31","2026-06-16 15:41:31",""
"24477","남태령이 우리에게 남긴 한 마디, “그렇구나! 알아두겠다!”","","남태령이 우리에게 남긴 한 마디 그렇구나 알아두겠다","41502","","0","","1","N","2026-06-16 15:41:31","2026-06-16 15:41:31","2026-06-16 15:41:31",""
"24478","106일 만에 출구 보이는 중동전…급등하는 코스피, 수혜株 어디?","","106일 만에 출구 보이는 중동전 급등하는 코스피 수혜 어디","41503","","0","코스피,항공","3","N","2026-06-16 15:41:31","2026-06-16 15:43:54","2026-06-16 15:41:31",""
"24479","[MSI] 플레이-인 나서는 T1, 팀 리퀴드와 첫 경기","","msi 플레이 인 나서는 t1 팀 리퀴드와 첫 경기","41504","","0","","1","N","2026-06-16 15:41:31","2026-06-16 15:41:31","2026-06-16 15:41:31",""
"24480","그립, 누적 셀러 5만 7000명 돌파","","그립 누적 셀러 5만 7000명 돌파","41505","","0","","1","N","2026-06-16 15:41:31","2026-06-16 15:41:31","2026-06-16 15:41:31",""
"24481","한국공항 ‘제주 지하수 증산’ 6번째 무산","","한국공항 제주 지하수 증산 6번째 무산","41506","","0","항공","3","N","2026-06-16 15:41:31","2026-06-16 15:41:31","2026-06-16 15:41:31","2026-06-16 15:41:31"
"24482","하늘길도 '스타링크 시대'…기내 초고속 인터넷이 바꿀 변화는","","하늘길도 스타링크 시대 기내 초고속 인터넷이 바꿀 변화는","41507","","0","항공","1","N","2026-06-16 15:41:31","2026-06-16 15:41:31","2026-06-16 15:41:31",""
"24483","[1.5℃ HOW] 한진, 리튬 배터리 화재 대응 훈련 실시","한진 임직원들이 지난 10일 경기도 백암 지점에서 리튬 배터리 화재의 확산을 막고 신속한 대응을 위해 소화포를 사용하는 훈련을 실시하고 있다./한진 | 서울=한스경제 임준혁 기자 | 한진이 리튬 배터리 화재에 대비한...","1 5 how 한진 리튬 배터리 화재 대응 훈련 실시","41508","","0","","5","N","2026-06-16 15:41:31","2026-06-16 15:41:32","2026-06-16 15:41:31","2026-06-16 15:41:32"
"24484","[한국에서의 주주행동주의 사례 ①] KCGI vs 한진칼(2018-2022년)","","한국에서의 주주행동주의 사례 kcgi vs 한진칼 2018 2022년","41512","","0","","1","N","2026-06-16 15:41:31","2026-06-16 15:41:31","2026-06-16 15:41:31",""
"24485","[중동전쟁 종전] 유가·물류 정상화 기대 속 경영전략 궤도 수정 분주","최악에는 2017년 한진해운 파산 후 최근 간신히 복구한 부산~중동 간 컨테이너 노선이 안전 등을 이유로 다시 폐쇄될 가능성도 점쳐진다. 유가와 해상 물류가 점진적으로 정상화될 것으로 기대되면서 국내 주요 기업들도...","중동전쟁 종전 유가 물류 정상화 기대 속 경영전략 궤도 수정 분주","41515","","0","조선","1","N","2026-06-16 15:41:31","2026-06-16 15:41:31","2026-06-16 15:41:31",""
"24486","""매력 뭐길래"" 항공기부품 업체 율곡 인수전에 대형PE들 '격돌' [fn마켓워...","KCGI의 경우 최근 5000억원 규모의 블라인드 펀드를 클로징한데다 과거 한진칼 투자 등 항공기 산업 투자와 인연이 깊다. 최근 최대주주가 교체된 스틱인베스먼트 역시 풍부한 드라이파우더(미집행 투자금)를 무기로...","매력 뭐길래 항공기부품 업체 율곡 인수전에 대형pe들 격돌 fn마켓워","41516","","0","항공","1","N","2026-06-16 15:41:31","2026-06-16 15:41:31","2026-06-16 15:41:31",""
"24487","쿠팡 로켓배송의 사각지대 '다단계 하청'... 30일 연속 밤새 일했다","원활한 운영을 위해 영업점이 특정 지역을 중심으로만 배송케 하는 CJ대한통운과 한진택배 등 다른 택배기업과 달랐다. 그 결과, 쿠팡 영업점 중에는 시도를 넘나들며 구역을 갖는 곳이 많아졋다. 실제로 배송기사 구인...","쿠팡 로켓배송의 사각지대 다단계 하청 30일 연속 밤새 일했다","41519","","0","","1","N","2026-06-16 15:41:32","2026-06-16 15:41:32","2026-06-16 15:41:32",""
"24488","방산·ICT 넘어 도심항공까지…한화시스템, 차세대 모빌리티 주도","","방산 ict 넘어 도심항공까지 한화시스템 차세대 모빌리티 주도","41521","","0","방산,항공,통신","1","N","2026-06-16 15:41:32","2026-06-16 15:41:32","2026-06-16 15:41:32",""
"24489","넥센타이어, 더 뉴 그랜저에 '엔페라 슈프림 S' 타이어 공급","더 뉴 그랜저에 장착된 넥센타이어 엔페라 슈프림 S 타이어. (사진=넥센타이어)  넥센타이어가 현대자동차 플래그십 세단 '더 뉴 그랜저'의 신차용 타이어(OE)로 프리미엄 사계절 타이어 엔페라 슈프림 S(N'FERA Supreme S)를...","넥센타이어 더 뉴 그랜저에 엔페라 슈프림 s 타이어 공급","41522","","0","자동차","25","N","2026-06-16 15:41:32","2026-06-16 15:41:33","2026-06-16 15:41:32","2026-06-16 15:41:33"
"24490","[산업 이모저모] 한국타이어, 브리지스톤, 넥센타이어 등","","산업 이모저모 한국타이어 브리지스톤 넥센타이어 등","41523","","0","자동차","1","N","2026-06-16 15:41:32","2026-06-16 15:41:32","2026-06-16 15:41:32",""
"24491","[Car & Now] 현대차 EV 체험행사 개최·기아 '유로사토리 2026' 참가 등","","car now 현대차 ev 체험행사 개최 기아 유로사토리 2026 참가 등","41525","","0","자동차","2","N","2026-06-16 15:41:32","2026-06-16 15:43:38","2026-06-16 15:41:32",""
"24492","[CAR 브리프] KGMㆍ한국앤컴퍼니ㆍ한국타이어ㆍ넥센타이어ㆍ현대위아ㆍ...","","car 브리프 kgm 한국앤컴퍼니 한국타이어 넥센타이어 현대위아","41528","","0","","2","N","2026-06-16 15:41:32","2026-06-16 15:43:39","2026-06-16 15:41:32",""
"24493","KCC글라스 홈씨씨, 프리미엄 바닥재 ‘숲 도담’ 리뉴얼","","kcc글라스 홈씨씨 프리미엄 바닥재 숲 도담 리뉴얼","41550","","0","","1","N","2026-06-16 15:41:33","2026-06-16 15:41:33","2026-06-16 15:41:33",""
"24494","6월13일 알림","﻿◇ 케이씨씨(KCC)는 지난 9∼11일 독일 뉘른베르크에서 열린 전력반도체 전시회 ‘PCIM 2026’에 참여했다. 세라믹 기판, 반도체 밀봉소재, 방열 실리콘 등 전력반도체 핵심 소재를 전시하고 글로벌 고객들과 기술...","6월13일 알림","41551","","0","반도체","1","N","2026-06-16 15:41:33","2026-06-16 15:41:33","2026-06-16 15:41:33",""
"24495","산림조합중앙회 양산교육원, 산림인재 양성 협력체계 구축","","산림조합중앙회 양산교육원 산림인재 양성 협력체계 구축","41552","","0","","1","N","2026-06-16 15:41:33","2026-06-16 15:41:33","2026-06-16 15:41:33",""
"24496","한독, 'HEMASPHERE 심포지엄' 성료...다양한 혈액질환 임상 경험 공유","","한독 hemasphere 심포지엄 성료 다양한 혈액질환 임상 경험 공유","41553","","0","바이오","6","N","2026-06-16 15:41:33","2026-06-16 15:41:34","2026-06-16 15:41:33","2026-06-16 15:41:34"
"24497","HK이노엔 '컨디션스틱'·한독 '레디큐', 7700억 美 숙취해소 시장 출사표","","hk이노엔 컨디션스틱 한독 레디큐 7700억 숙취해소 시장 출사표","41554","","0","달러","2","N","2026-06-16 15:41:33","2026-06-16 15:43:27","2026-06-16 15:41:33",""
"24498","한독, 혈액질환 통합 학술행사 '헤마스피어 심포지엄' 개최","","한독 혈액질환 통합 학술행사 헤마스피어 심포지엄 개최","41560","","0","","1","N","2026-06-16 15:41:34","2026-06-16 15:41:34","2026-06-16 15:41:34",""
"24499","[더벨][기업지배구조보고서 점검] 한독 평가보상위, '3년 연속 순손실' ...","","더벨 기업지배구조보고서 점검 한독 평가보상위 3년 연속 순손실","41561","","0","","1","N","2026-06-16 15:41:34","2026-06-16 15:41:34","2026-06-16 15:41:34",""
"24500","뮤지엄 연합전시 '서로 다른 공간, 하나로 이어지다'","","뮤지엄 연합전시 서로 다른 공간 하나로 이어지다","41562","","0","","1","N","2026-06-16 15:41:34","2026-06-16 15:41:34","2026-06-16 15:41:34",""
"24501","1960년대 파독 간호사 사업 주선한 고 이수길 박사 ‘이달의 재외동포’","","1960년대 파독 간호사 사업 주선한 고 이수길 박사 이달의 재외동포","41563","","0","","2","N","2026-06-16 15:41:34","2026-06-16 15:41:34","2026-06-16 15:41:34","2026-06-16 15:41:34"
"24502","충북 박물관·미술관 소장품 한자리에…연합전시 '공·간-잇다' 영동서...","","충북 박물관 미술관 소장품 한자리에 연합전시 공 간 잇다 영동서","41565","","0","","1","N","2026-06-16 15:41:34","2026-06-16 15:41:34","2026-06-16 15:41:34",""
"24503","불면증 치료, 약물 중심에서 CBT-I로…디지털 치료제 ‘슬립큐’ 가능성...","","불면증 치료 약물 중심에서 cbt i로 디지털 치료제 슬립큐 가능성","41566","","0","IT","1","N","2026-06-16 15:41:34","2026-06-16 15:41:34","2026-06-16 15:41:34",""
"24504","재외동포청, 2026년 6월 '이달의 재외동포'...故이수길 박사 선정","","재외동포청 2026년 6월 이달의 재외동포 이수길 박사 선정","41568","","0","","1","N","2026-06-16 15:41:34","2026-06-16 15:41:34","2026-06-16 15:41:34",""
"24505","한독, 대한신장학회서 희귀 신장질환 치료제 '엠파벨리주' 조명","한독은 지난 6월 13일 서울 코엑스에서 열린 대한신장학회 국제학술대회 'KSN 2026'에서 희귀 신장질환 치료제 '엠파벨리주(성분명: 페그세타코플란)'를 주제로 심포지엄을 개최했다. 이번 학술대회는 매년 2,000여 명...","한독 대한신장학회서 희귀 신장질환 치료제 엠파벨리주 조명","41569","","0","바이오","2","N","2026-06-16 15:41:34","2026-06-16 15:41:34","2026-06-16 15:41:34","2026-06-16 15:41:34"
"24506","보쉬·아우모비오, 시각장애인 마라톤 동참…모빌리티 기업 ESG 보폭 확...","","보쉬 아우모비오 시각장애인 마라톤 동참 모빌리티 기업 esg 보폭 확","41570","","0","","1","N","2026-06-16 15:41:34","2026-06-16 15:41:34","2026-06-16 15:41:34",""
"24507","한독, 'KSN 2026'서 엠파벨리주 심포지엄 개최","","한독 ksn 2026 서 엠파벨리주 심포지엄 개최","41571","","0","","1","N","2026-06-16 15:41:34","2026-06-16 15:41:34","2026-06-16 15:41:34",""
"24508","[공시] 가이아코퍼레이션 '거래정지 예고', 메카로·후성 '투자경고' 등...","","공시 가이아코퍼레이션 거래정지 예고 메카로 후성 투자경고 등","41573","","0","","2","N","2026-06-16 15:41:34","2026-06-16 15:41:40","2026-06-16 15:41:34",""
"24509","HS화성, 투자주의종목 지정→단기급등 변동성 경계","","hs화성 투자주의종목 지정 단기급등 변동성 경계","41574","","0","","1","N","2026-06-16 15:41:34","2026-06-16 15:41:34","2026-06-16 15:41:34",""
"24510","HS화성, 소수계좌 거래집중 지정→투자주의 강화","HS화성(002460)이 소수계좌의 거래집중으로 인한 투자주의종목으로 지정된다고 공시했다. 회사는 2026년 6월 15일(1일간) 동안 투자주의종목으로 지정되며, 최근 3일간 매수 상위 10개 계좌의 관여율이 55.30%에 달했다고...","hs화성 소수계좌 거래집중 지정 투자주의 강화","41575","","0","","1","N","2026-06-16 15:41:35","2026-06-16 15:41:35","2026-06-16 15:41:35",""
"24511","[한국금융 130년-2] 우리나라 최초의 중앙은행 구 한국은행 설립","","한국금융 130년 2 우리나라 최초의 중앙은행 구 한국은행 설립","41576","","0","금융","1","N","2026-06-16 15:41:35","2026-06-16 15:41:35","2026-06-16 15:41:35",""
"24512","[창간특집]양산신문 창간의 해, 그때의 변화가 만든 오늘날 양산","범어주공1차 ■ 구 시외버스터미널, 남부시장에 터 잡아 1989년 3월 구 양산시외버스터미널이 당시 조흥은행(현 신한은행) 인근에서 남부시장 인근으로 이전했다. 같은 해 8월 터미널 사업 면허를 취득하여 1991년 해당...","창간특집 양산신문 창간의 해 그때의 변화가 만든 오늘날 양산","41578","","0","","1","N","2026-06-16 15:41:35","2026-06-16 15:41:35","2026-06-16 15:41:35",""
"24513","[지배구조보고서][제일약품]감사팀 설치·전자투표 도입…핵심지표 27→...","한상철 대표는 제일파마홀딩스와 제일약품 대표이사를 겸직하고 있다. 최고경영자 승계정책을 명문화한 것은 경영권 안정성과 후보군 관리 체계를 제도화했다는 데 의미가 있다는 해석이다. 임원 선임 방지 정책도...","지배구조보고서 제일약품 감사팀 설치 전자투표 도입 핵심지표 27","41579","","0","","1","N","2026-06-16 15:41:35","2026-06-16 15:41:35","2026-06-16 15:41:35",""
"24514","한국무역협회, 일본경제동우회와 '한일 경제 라운드테이블' 개최","","한국무역협회 일본경제동우회와 한일 경제 라운드테이블 개최","41580","","0","바이오","13","N","2026-06-16 15:41:35","2026-06-16 15:41:36","2026-06-16 15:41:35","2026-06-16 15:41:36"
"24515","무협, 日경제동우회와 도쿄서 경제 회의…韓日 'AI·로보틱스 협력' 논의","","무협 경제동우회와 도쿄서 경제 회의 ai 로보틱스 협력 논의","41587","","0","바이오","3","N","2026-06-16 15:41:35","2026-06-16 15:41:36","2026-06-16 15:41:35","2026-06-16 15:41:36"
"24516","""AI가 잇고 로봇이 움직인다""…한일 경제계, 미래 먹거리 동맹에 시동","","ai가 잇고 로봇이 움직인다 한일 경제계 미래 먹거리 동맹에 시동","41588","","0","바이오","1","N","2026-06-16 15:41:36","2026-06-16 15:41:36","2026-06-16 15:41:36",""
"24517","한일 경제인들, 돌봄로봇·데이터센터 효율화 방안 논의했다","","한일 경제인들 돌봄로봇 데이터센터 효율화 방안 논의했다","41590","","0","바이오","1","N","2026-06-16 15:41:36","2026-06-16 15:41:36","2026-06-16 15:41:36",""
"24518","""AI는 한일 양국 함께 성장할 수 있는 대표적 협력 분야""","","ai는 한일 양국 함께 성장할 수 있는 대표적 협력 분야","41594","","0","바이오","1","N","2026-06-16 15:41:36","2026-06-16 15:41:36","2026-06-16 15:41:36",""
"24519","반도체 쏠림 현상 지속 속, 성과·책임 보여준 지아이이노베이션·오리...","","반도체 쏠림 현상 지속 속 성과 책임 보여준 지아이이노베이션 오리","41599","","0","반도체,바이오","1","N","2026-06-16 15:41:36","2026-06-16 15:41:36","2026-06-16 15:41:36",""
"24520","[더벨][오리엔트바이오의 변신, 밸류업 전략] 트렌드 된 '탈모 신약' 제...","오리엔트바이오(002630)가 2026년 6월 15일 하루 동안 투자주의종목으로 지정됐다. 이번 지정은 단일계좌의 매매관여가 과도하게 이루어진 사실에 따른 것으로, 해당 종목은 3일간 주가가 25.67% 상승했으며, 당일...","더벨 오리엔트바이오의 변신 밸류업 전략 트렌드 된 탈모 신약 제","41600","","0","바이오","2","N","2026-06-16 15:41:36","2026-06-16 15:41:36","2026-06-16 15:41:36","2026-06-16 15:41:36"
"24521","오륙도선 트램 ‘해맞이공원 종점 노선’ 다시 뜨거운 감자","","오륙도선 트램 해맞이공원 종점 노선 다시 뜨거운 감자","41602","","0","","1","N","2026-06-16 15:41:36","2026-06-16 15:41:36","2026-06-16 15:41:36",""
"24522","멈추지 않는 포스코 산재 사망..노동부, 장인화 등 경영진에 경고","","멈추지 않는 포스코 산재 사망 노동부 장인화 등 경영진에 경고","41603","","0","철강","1","N","2026-06-16 15:41:36","2026-06-16 15:41:36","2026-06-16 15:41:36",""
"24523","[뉴스] 신캐 '권성'과 항해&하우징 예고까지! 아이온2 써머 페스타 종합","스킬이 동일한 수준으로 조정되어 겨룸 - 3개의 점령지를 차지해 10분 내에 목표 점수에 먼저 도달하면 승리... 뱃지 제강 - 새싹 유저와 함께 던전을 돌면 새싹 유저가 사용한 오드 에너지 일정 부분을 기존 유저가 획득...","뉴스 신캐 권성 과 항해 하우징 예고까지 아이온2 써머 페스타 종합","41604","","0","","1","N","2026-06-16 15:41:37","2026-06-16 15:41:37","2026-06-16 15:41:37",""
"24524","신일·롯데마트·클룹, 판매 호조 이어가며 실적 성과 부각","","신일 롯데마트 클룹 판매 호조 이어가며 실적 성과 부각","41605","","0","음식료","1","N","2026-06-16 15:41:37","2026-06-16 15:41:37","2026-06-16 15:41:37",""
"24525","'울주군 기업인상' 후보자 추천 받는다…7월 14일까지","","울주군 기업인상 후보자 추천 받는다 7월 14일까지","41606","","0","","1","N","2026-06-16 15:41:37","2026-06-16 15:41:37","2026-06-16 15:41:37",""
"24526","신일전자, 선풍기·서큘레이터 판매 증가 내용은?","","신일전자 선풍기 서큘레이터 판매 증가 내용은","41607","","0","","9","N","2026-06-16 15:41:37","2026-06-16 15:41:37","2026-06-16 15:41:37","2026-06-16 15:41:37"
"24527","신일, 서큘레이터 누적 430만대…냉방가전 입지 강화","","신일 서큘레이터 누적 430만대 냉방가전 입지 강화","41615","","0","","1","N","2026-06-16 15:41:37","2026-06-16 15:41:37","2026-06-16 15:41:37",""
"24528","""여름이 비수기라고?""…보일러업계, 에어컨·숙면매트 전면전","","여름이 비수기라고 보일러업계 에어컨 숙면매트 전면전","41617","","0","","1","N","2026-06-16 15:41:37","2026-06-16 15:41:37","2026-06-16 15:41:37",""
"24529","[전자는 지금] 삼성, '아트 바젤 인 바젤 2026' 컬렉션 24점 공개 外","","전자는 지금 삼성 아트 바젤 인 바젤 2026 컬렉션 24점 공개","41618","","0","","1","N","2026-06-16 15:41:37","2026-06-16 15:41:37","2026-06-16 15:41:37",""
"24530","“강남보다 요즘 여기가 더 핫해요”…동탄·구리로 몰리는 경매 매수자...","","강남보다 요즘 여기가 더 핫해요 동탄 구리로 몰리는 경매 매수자","41619","","0","","1","N","2026-06-16 15:41:37","2026-06-16 15:41:37","2026-06-16 15:41:37",""
"24531","여름에 파는 단기 스윙 전략…무더위 오기 전 끝내는 실전 '테마주'","","여름에 파는 단기 스윙 전략 무더위 오기 전 끝내는 실전 테마주","41620","","0","","1","N","2026-06-16 15:41:37","2026-06-16 15:41:37","2026-06-16 15:41:37",""
"24532","‘삼전닉스 셔세권의 힘’ 동탄…집값 이어 경매도 불붙었다","","삼전닉스 셔세권의 힘 동탄 집값 이어 경매도 불붙었다","41621","","0","","1","N","2026-06-16 15:41:37","2026-06-16 15:41:37","2026-06-16 15:41:37",""
"24533","반도체 특수 불붙은 동탄·구리, 경매도 '활활'","","반도체 특수 불붙은 동탄 구리 경매도 활활","41622","","0","반도체","1","N","2026-06-16 15:41:37","2026-06-16 15:41:37","2026-06-16 15:41:37",""
"24534","""감정가 훌쩍 넘겨도 지른다""…동탄, 경매도 ‘불장’","","감정가 훌쩍 넘겨도 지른다 동탄 경매도 불장","41623","","0","","1","N","2026-06-16 15:41:38","2026-06-16 15:41:38","2026-06-16 15:41:38",""
"24535","비규제지역 동탄·구리, 집값 뛰니 경매도 과열…고가낙찰 속출","화성시는 지난해 10·15대책에서 규제지역으로 지정되지 않아 풍선효과가 나타나다가 최근 삼성전자와... 이달에는 구리 토평동 에스케이 신일 전용 85㎡ 아파트 1건이 경매로 나와 14명이 경쟁한 끝에 감정가...","비규제지역 동탄 구리 집값 뛰니 경매도 과열 고가낙찰 속출","41624","","0","","2","N","2026-06-16 15:41:38","2026-06-16 15:41:38","2026-06-16 15:41:38","2026-06-16 15:41:38"
"24536","롯데마트 호주산 소고기 최대 40% 할인행사...롯데하이마트 여름 시즌 가...","","롯데마트 호주산 소고기 최대 40 할인행사 롯데하이마트 여름 시즌 가","41625","","0","","1","N","2026-06-16 15:41:38","2026-06-16 15:41:38","2026-06-16 15:41:38",""
"24537","서울 외곽 경매시장 열기, 아파트 낙찰가율 100% 돌파","","서울 외곽 경매시장 열기 아파트 낙찰가율 100 돌파","41626","","0","","1","N","2026-06-16 15:41:38","2026-06-16 15:41:38","2026-06-16 15:41:38",""
"24538","미국 전기차 시장 뚫은 K-부품…유진테크놀로지, 글로벌 탑티어 지위 굳...","","미국 전기차 시장 뚫은 k 부품 유진테크놀로지 글로벌 탑티어 지위 굳","41628","","0","철강","2","N","2026-06-16 15:41:38","2026-06-16 15:43:20","2026-06-16 15:41:38",""
"24539","주택 경기 불확실성 정면 돌파…일성건설, 정책 모멘텀 타고 기업가치 ...","","주택 경기 불확실성 정면 돌파 일성건설 정책 모멘텀 타고 기업가치","41629","","0","건설","4","N","2026-06-16 15:41:38","2026-06-16 15:43:55","2026-06-16 15:41:38",""
"24540","경과원, 글로벌 빅테크와 손잡고 AI 인재 키운다…전문인력 60명 모집","","경과원 글로벌 빅테크와 손잡고 ai 인재 키운다 전문인력 60명 모집","41630","","0","","2","N","2026-06-16 15:41:38","2026-06-16 15:41:38","2026-06-16 15:41:38","2026-06-16 15:41:38"
"24541","초록별농장㈜, 자연이 사람을 치유하는 특별한 공간","","초록별농장 자연이 사람을 치유하는 특별한 공간","41631","","0","","1","N","2026-06-16 15:41:38","2026-06-16 15:41:38","2026-06-16 15:41:38",""
"24542","경기도-경과원, 빅테크 연계 AI 전문인력 양성 교육생 모집","","경기도 경과원 빅테크 연계 ai 전문인력 양성 교육생 모집","41632","","0","","1","N","2026-06-16 15:41:38","2026-06-16 15:41:38","2026-06-16 15:41:38",""
"24543","무보, 공급망부터 K-콘텐츠까지…중소·중견기업 수출 뒷받침","","무보 공급망부터 k 콘텐츠까지 중소 중견기업 수출 뒷받침","41634","","0","금융,금리","1","N","2026-06-16 15:41:38","2026-06-16 15:41:38","2026-06-16 15:41:38",""
"24544","""FMS에 탄소 추적까지""…소무나, Nextrise 2026서 '노드카' 첫 선","","fms에 탄소 추적까지 소무나 nextrise 2026서 노드카 첫 선","41635","","0","","1","N","2026-06-16 15:41:38","2026-06-16 15:41:38","2026-06-16 15:41:38",""
"24545","[6월 셋째 주 시공자 입찰동향]수도권·지방 곳곳서 시공자 입찰 절차 진...","","6월 셋째 주 시공자 입찰동향 수도권 지방 곳곳서 시공자 입찰 절차 진","41636","","0","건설","1","N","2026-06-16 15:41:39","2026-06-16 15:41:39","2026-06-16 15:41:39",""
"24546","와이즈버즈, 틱톡-서울경제진흥원 중소기업 교육에 크리에이티브 파트...","","와이즈버즈 틱톡 서울경제진흥원 중소기업 교육에 크리에이티브 파트","41637","","0","","1","N","2026-06-16 15:41:39","2026-06-16 15:41:39","2026-06-16 15:41:39",""
"24547","[경남 브리핑 모음(6월15일)] 태국 난주 대표단, 진주 방문 ‘창의도시...","","경남 브리핑 모음 6월15일 태국 난주 대표단 진주 방문 창의도시","41638","","0","","1","N","2026-06-16 15:41:39","2026-06-16 15:41:39","2026-06-16 15:41:39",""
"24548","충북TP, 괴산 친환경 푸드테크산업 육성 본격화","","충북tp 괴산 친환경 푸드테크산업 육성 본격화","41639","","0","화학,음식료","1","N","2026-06-16 15:41:39","2026-06-16 15:41:39","2026-06-16 15:41:39",""
"24549","김해의생명산업진흥원, 2026년 샛별기업 육성사업 업무협약식 개최","기업으로 성장할 수 있도록 적극 지원하겠다""고 말했다. 이어 ""앞으로도 진흥원은 기업 성장단계에 맞춘 맞춤형 지원과 전문기관 연계를 통해 지역 중소기업의 경쟁력 강화와 스케일업을 지속적으로 지원하겠다""고 전했다.","김해의생명산업진흥원 2026년 샛별기업 육성사업 업무협약식 개최","41640","","0","","1","N","2026-06-16 15:41:39","2026-06-16 15:41:39","2026-06-16 15:41:39",""
"24550","""차를 젤라토로 재해석"" 오설록, 제주 한남차밭 '티하우스 티팩토리점'...","","차를 젤라토로 재해석 오설록 제주 한남차밭 티하우스 티팩토리점","41641","","0","","1","N","2026-06-16 15:41:39","2026-06-16 15:41:39","2026-06-16 15:41:39",""
"24551","[Who Is ?] 신동원 농심그룹 회장","","who is 신동원 농심그룹 회장","41642","","0","","2","N","2026-06-16 15:41:39","2026-06-16 15:43:27","2026-06-16 15:41:39",""
"24552","시몬스침대 쿠팡 롯데GRS 外(여기 유통 이슈)","","시몬스침대 쿠팡 롯데grs 여기 유통 이슈","41644","","0","","1","N","2026-06-16 15:41:39","2026-06-16 15:41:39","2026-06-16 15:41:39",""
"24553","신신제약, 노인학대 예방·인권 증진 공로 대통령 표창","","신신제약 노인학대 예방 인권 증진 공로 대통령 표창","41645","","0","바이오","8","N","2026-06-16 15:41:39","2026-06-16 15:41:39","2026-06-16 15:41:39","2026-06-16 15:41:39"
"24554","탈모치료 건보 급여 확대 추진 소식에 탈모치료제株 상한가 행진","","탈모치료 건보 급여 확대 추진 소식에 탈모치료제 상한가 행진","41654","","0","바이오","1","N","2026-06-16 15:41:39","2026-06-16 15:41:39","2026-06-16 15:41:39",""
"24555","신라젠, 파트너십 기반 제약사업 경쟁력 제고 박차","15일 이 회사에 따르면, 신라젠은 최근 신신제약과 전문의약품(ETC) 수액 공동판매 계약을 체결했다. 신라젠은 신신제약에 전문의약품 수액제 4종을 공급하고 신신제약은 기존 신라젠 거래선 외에 신규 거래처 등에 영업을...","신라젠 파트너십 기반 제약사업 경쟁력 제고 박차","41655","","0","바이오","1","N","2026-06-16 15:41:39","2026-06-16 15:41:39","2026-06-16 15:41:39",""
"24556","Genesis makes Le Mans debut as Chung visits historic race","","genesis makes le mans debut as chung visits historic race","41656","","0","","1","N","2026-06-16 15:41:40","2026-06-16 15:41:40","2026-06-16 15:41:40",""
"24557","China Beauty Market Reset Series | Part 2","By 2026, the top three—Mistine (spray), Mistine (cream), and L'Oréal—expanded their... children's sun care, reflecting growing demand for specializ...","china beauty market reset series part 2","41657","","0","","1","N","2026-06-16 15:41:40","2026-06-16 15:41:40","2026-06-16 15:41:40",""
"24558","첨단산업 인재 키우는 익산시…이리공고 마이스터고 선정","","첨단산업 인재 키우는 익산시 이리공고 마이스터고 선정","41658","","0","","1","N","2026-06-16 15:41:40","2026-06-16 15:41:40","2026-06-16 15:41:40",""
"24559","수원 화성부터 고요한 사찰까지, 특별한 여름 여행으로 가볼 만한 곳","","수원 화성부터 고요한 사찰까지 특별한 여름 여행으로 가볼 만한 곳","41662","","0","","1","N","2026-06-16 15:41:40","2026-06-16 15:41:40","2026-06-16 15:41:40",""
"24560","인천중기청, 중견기업으로 도약할 점프업 2기 선정기업 현판식","","인천중기청 중견기업으로 도약할 점프업 2기 선정기업 현판식","41663","","0","바이오","1","N","2026-06-16 15:41:40","2026-06-16 15:41:40","2026-06-16 15:41:40",""
"24561","영진앵글, '2026 기업승계 희망포럼'서 우수승계기업 포상 수상","","영진앵글 2026 기업승계 희망포럼 서 우수승계기업 포상 수상","41664","","0","","1","N","2026-06-16 15:41:40","2026-06-16 15:41:40","2026-06-16 15:41:40",""
"24562","공주시, 생활인구 확대·지역 공동체 활성화 '박차'","","공주시 생활인구 확대 지역 공동체 활성화 박차","41665","","0","","1","N","2026-06-16 15:41:40","2026-06-16 15:41:40","2026-06-16 15:41:40",""
"24563","""마을을 지키던 마음의 기둥을 만나다""…강갑회 사진전 '장승-마음 기둥...","","마을을 지키던 마음의 기둥을 만나다 강갑회 사진전 장승 마음 기둥","41666","","0","","1","N","2026-06-16 15:41:40","2026-06-16 15:41:40","2026-06-16 15:41:40",""
"24564","[부산 변호사 한변의 리얼상담실30] 삼성전자와 SK하이닉스가 과연 더 오...","","부산 변호사 한변의 리얼상담실30 삼성전자와 sk하이닉스가 과연 더 오","41667","","0","바이오,2차전지","1","N","2026-06-16 15:41:40","2026-06-16 15:41:40","2026-06-16 15:41:40",""
"24565","""82% 병상 가동률 회복"" 공주의료원, 신뢰 되찾았다…주민들 ""이제는 믿...","","82 병상 가동률 회복 공주의료원 신뢰 되찾았다 주민들 이제는 믿","41669","","0","","1","N","2026-06-16 15:41:40","2026-06-16 15:41:40","2026-06-16 15:41:40",""
"24566","수원FC 후원사 정지영號 vs 수원삼성 파트너사 김성민號 ‘커피 더비’","","수원fc 후원사 정지영 vs 수원삼성 파트너사 김성민 커피 더비","41670","","0","","1","N","2026-06-16 15:41:40","2026-06-16 15:41:40","2026-06-16 15:41:40",""
"24567","“코스닥 승강제, 성장기업에 낙인…유예해야”","","코스닥 승강제 성장기업에 낙인 유예해야","41671","","0","코스닥","1","N","2026-06-16 15:43:20","2026-06-16 15:43:20","2026-06-16 15:43:20",""
"24568","“트랙터만으론 한계”…농기계업계 ‘새 먹거리 경쟁’","","트랙터만으론 한계 농기계업계 새 먹거리 경쟁","41672","","0","기계","1","N","2026-06-16 15:43:20","2026-06-16 15:43:20","2026-06-16 15:43:20",""
"24569","GS·흥구석유 강세…국제유가 안정 속 정유주 상승세","한국쉘석유는 2.21% 오른 50만9000원을 기록했고, S-Oil은 0.88% 상승한 11만4700원에 거래됐다. 극동유화와 미창석유도 소폭 상승하며 견조한 흐름을 이어갔다. SK이노베이션 역시 0.35% 오른 11만3100원을 기록했다....","gs 흥구석유 강세 국제유가 안정 속 정유주 상승세","41673","","0","유가","1","N","2026-06-16 15:43:20","2026-06-16 15:43:20","2026-06-16 15:43:20",""
"24570","[특징주] 미·이란 종전 MOU에 대우건설 주가↑","일성건설 30.00%, 서산 29.84%, 상지건설 21.34%, 대우건설 19.65%, 동신건설 14.31%, 금호건설 6.35%, GS건설 5.12% 등도 오름세를 보이고 있다. DL이앤씨는 2021년 DL㈜에서 건설사업부문이 인적 분할돼 출범한 종합건설기업으...","특징주 dl이앤씨 이란 재건사업 3000억달러 추진 건설주 특수 기","41894","","0","달러,건설,코스닥,원전","3","N","2026-06-16 15:43:21","2026-06-16 15:43:33","2026-06-16 15:43:21","2026-06-16 15:43:33"
"24571","GS건설, 중동 재건 수주 가능성에 주가 강세","같은 시각 DL이앤씨(19.37%) GS건설(12.89%) 삼성E&A(12.48%) 희림(12.03%) 금호건설(11.71%) 한신공영(7.79%) 동부건설(7.65%) 현대건설(6.55%) 한미글로벌(5.80%) 등의 주가도 오르고 있다. 김선미 신한투자증권 연...","대우건설 주가 장중 24 대 뛰어 중동 재건 수혜 기대감에 건설주 강세","41888","","0","건설","4","N","2026-06-16 15:43:21","2026-06-16 15:43:55","2026-06-16 15:43:21","2026-06-16 15:43:33"
"24572","[재계부]""수도권 수주 전선 재편""...'1조 대어' 송파 마천5구역 입찰 마...","앞서 열린 현장설명회에는 현대건설, DL이앤씨, 롯데건설, HDC현대산업개발, 제일건설, 금호건설 등 6개 대형 건설사가 참여해 관심을 나타냈으나, 공동 참여가 불가능한 단독 응찰 조건이 걸려 있어 향후 수주 향방에...","재계부 수도권 수주 전선 재편 1조 대어 송파 마천5구역 입찰 마","41679","","0","건설","1","N","2026-06-16 15:43:21","2026-06-16 15:43:21","2026-06-16 15:43:21",""
"24573","'노봉법 연쇄효과' 우려하는 건설업계…""기우일 뿐"" 반론도","15일 민주노총 전국건설노동조합에 따르면 오는 24일 서희건설, 제일건설, 코오롱글로벌, 태영건설, 우미건설, 대방건설, 금호건설, 대광건영 등 8개 중견 건설사에 대한 사용자성 심의 결과가 발표될 예정이다. 심의는...","노봉법 연쇄효과 우려하는 건설업계 기우일 뿐 반론도","41682","","0","건설","1","N","2026-06-16 15:43:21","2026-06-16 15:43:21","2026-06-16 15:43:21",""
"24574","서울 노후 인프라 재편 본격화…동부·계룡·금호건설 등 주목","환경시설 분야에서는 금호건설 컨소시엄이 1210억원 규모의 청라국제도시 공촌하수처리시설 증설공사 설계심의를 통과했다. 금호건설은 지분 45%의 대표사로 참여했으며 아직 실시설계 적격자 선정과 본계약 절차가...","서울 노후 인프라 재편 본격화 동부 계룡 금호건설 등 주목","41683","","0","건설","1","N","2026-06-16 15:43:21","2026-06-16 15:43:21","2026-06-16 15:43:21",""
"24575","턴키 ‘세종 5-2 자동크린넷’ 유찰 끊어… 브니엘vs이수 대결","LH가 책정한 사업비는 661억원이다. 행정중심복합도시 자동크린넷 1차는 GS건설, 2차는 태영건설이 각각 건설했다. 3-1차는 금호건설이, 4-1차는 태영건설이 각각 시공을 담당했다. 최남영 머니투데이방송 MTN 기자","턴키 세종 5 2 자동크린넷 유찰 끊어 브니엘vs이수 대결","41686","","0","건설","1","N","2026-06-16 15:43:21","2026-06-16 15:43:21","2026-06-16 15:43:21",""
"24576","OCI홀딩스, ‘제12회 시각장애인과 함께하는 어울림 마라톤 대회’서 봉...","이번 대회에는 OCI홀딩스, 사업회사인 OCI 주식회사, OCI정보통신, OCI드림(장애인표준사업장), OCI SE(새만금열병합발전소), 부광약품 등 6개 계열사의 임직원 및 가족들이 참여했다. OCI그룹은 2009년부터 매년 두 차례...","oci홀딩스 제12회 시각장애인과 함께하는 어울림 마라톤 대회 서 봉","41692","","0","","1","N","2026-06-16 15:43:21","2026-06-16 15:43:21","2026-06-16 15:43:21",""
"24577","재계, 미래 인재 확보부터 사회공헌까지…전방위 ESG 행보 확대","이번 행사에는 OCI를 비롯해 OCI정보통신, OCI드림, OCI SE, 부광약품 등 계열사가 함께 참여했다. 임직원들은 시각장애인 마라토너와 함께 달리는 가이드 러너로 나서고, 일부는 플로깅 활동을 진행하며 환경 보호에도...","재계 미래 인재 확보부터 사회공헌까지 전방위 esg 행보 확대","41695","","0","","1","N","2026-06-16 15:43:22","2026-06-16 15:43:22","2026-06-16 15:43:22",""
"24578","""눈 대신 마음으로 달렸다""…OCI 임직원 80명, 시각장애인과 18년째 함께...","이번 행사에는 OCI홀딩스를 비롯해 OCI, OCI정보통신, 장애인표준사업장 OCI드림, OCI SE, 부광약품 등 6개 계열사가 동참했다. 참가자들은 시각장애인 마라토너의 가이드 러너 역할 수행과 플로깅 봉사활동에 참여해...","눈 대신 마음으로 달렸다 oci 임직원 80명 시각장애인과 18년째 함께","41696","","0","","1","N","2026-06-16 15:43:22","2026-06-16 15:43:22","2026-06-16 15:43:22",""
"24579","[산업계 동향] OCI홀딩스·S-OIL·KGM","이번 행사에는 OCI홀딩스와 OCI, OCI정보통신, OCI드림, OCI SE, 부광약품 등 6개 계열사 임직원이 참가했다. 참가자들은 시각장애인 마라토너의 가이드 러너로 나서 하프, 10km, 5km 코스를 함께 달렸으며 일부 임직원은 행사...","산업계 동향 oci홀딩스 s oil kgm","41702","","0","","1","N","2026-06-16 15:43:22","2026-06-16 15:43:22","2026-06-16 15:43:22",""
"24580","OCI홀딩스, '어울림 마라톤' 참가…나눔 가치 실천","이번 대회에는 OCI홀딩스, 사업회사인 OCI 주식회사, OCI정보통신, OCI드림(장애인표준사업장), OCI SE(새만금열병합발전소), 부광약품 등 6개 계열사에서 참여했다. OCI그룹은 지난 2009년부터 매년 두 차례(봄, 가을)...","oci홀딩스 어울림 마라톤 참가 나눔 가치 실천","41703","","0","","2","N","2026-06-16 15:43:22","2026-06-16 15:43:22","2026-06-16 15:43:22","2026-06-16 15:43:22"
"24581","다니엘, 뉴진스서 '홀로' 퇴출된 이유 있었다","","다니엘 뉴진스서 홀로 퇴출된 이유 있었다","41711","","0","","1","N","2026-06-16 15:43:22","2026-06-16 15:43:22","2026-06-16 15:43:22",""
"24582","[부고]김숙자 外","","부고 김숙자","41712","","0","","1","N","2026-06-16 15:43:22","2026-06-16 15:43:22","2026-06-16 15:43:22",""
"24583","[부고] 김영옥씨 外","","부고 김영옥씨","41713","","0","금융","1","N","2026-06-16 15:43:22","2026-06-16 15:43:22","2026-06-16 15:43:22",""
"24584","[부고] 박진홍(더팩트 대구경북취재본부장) 씨 모친상 외","","부고 박진홍 더팩트 대구경북취재본부장 씨 모친상 외","41714","","0","","1","N","2026-06-16 15:43:23","2026-06-16 15:43:23","2026-06-16 15:43:23",""
"24585","""뭘 시정하냐고? 너밖에 모르지 않나?"" 다니엘, 뉴진스 퇴출 비하인드[...","","뭘 시정하냐고 너밖에 모르지 않나 다니엘 뉴진스 퇴출 비하인드","41715","","0","","1","N","2026-06-16 15:43:23","2026-06-16 15:43:23","2026-06-16 15:43:23",""
"24586","[DCM] 세아제강, 800억 회사채 발행…실적 반등 여부에 쏠린 시선","","dcm 세아제강 800억 회사채 발행 실적 반등 여부에 쏠린 시선","41716","","0","환율,유가","1","N","2026-06-16 15:43:23","2026-06-16 15:43:23","2026-06-16 15:43:23",""
"24587","세아제강, 英 CCUS 공급망 진입…에너지 전환 시장 공략 속도","","세아제강 ccus 공급망 진입 에너지 전환 시장 공략 속도","41717","","0","","1","N","2026-06-16 15:43:23","2026-06-16 15:43:23","2026-06-16 15:43:23",""
"24588","패션 팬덤 비즈니스 승부수 띄운 코오롱FnC","","패션 팬덤 비즈니스 승부수 띄운 코오롱fnc","41719","","0","","2","N","2026-06-16 15:43:23","2026-06-16 15:43:23","2026-06-16 15:43:23","2026-06-16 15:43:23"
"24589","소재에서 IP까지…패션업계, 차별화 전략 다변화","이자벨마랑 x 하바이아나스 글로벌 협업 컬렉션. 사진=LF 코오롱FnC는 패션을 넘어 콘텐츠 영역으로 사업 범위를 넓히고 있다. 회사는 최근 IP 사업 전담 조직인 'V본부'를 신설하고 오리지널 IP 개발과 외부 IP 협업을...","소재에서 ip까지 패션업계 차별화 전략 다변화","41723","","0","","1","N","2026-06-16 15:43:24","2026-06-16 15:43:24","2026-06-16 15:43:24",""
"24590","제약바이오, '시니어 라이프케어' 시장 공략 확대","","제약바이오 시니어 라이프케어 시장 공략 확대","41727","","0","바이오","1","N","2026-06-16 15:43:24","2026-06-16 15:43:24","2026-06-16 15:43:24",""
"24591","아크, 시니어 홈 헬스케어 혁신 나선다…“요양원 대신 살던 집에서 AI ...","","아크 시니어 홈 헬스케어 혁신 나선다 요양원 대신 살던 집에서 ai","41729","","0","바이오","1","N","2026-06-16 15:43:24","2026-06-16 15:43:24","2026-06-16 15:43:24",""
"24592","'모두의창업' 스타트업 여정 본격화…한성숙 ""국가창업시대 출발점""","","모두의창업 스타트업 여정 본격화 한성숙 국가창업시대 출발점","41730","","0","바이오","1","N","2026-06-16 15:43:24","2026-06-16 15:43:24","2026-06-16 15:43:24",""
"24593","모두의 창업 2기, 1만명 확대…대학·청소년·글로벌 리그 신설","포스코기술투자, 신한스퀘어브릿지 대구, 더존비즈온, 대웅제약 등 대·중견 기업 및 벤처캐피탈(VC) 등이 참여 기관으로 이름을 올린다. 예산 규모도 1차(628억원) 대비 3배 수준인 2000억원으로 늘었다. 2차 투입 예산은...","모두의 창업 2기 1만명 확대 대학 청소년 글로벌 리그 신설","41732","","0","바이오","3","N","2026-06-16 15:43:24","2026-06-16 15:43:24","2026-06-16 15:43:24","2026-06-16 15:43:24"
"24594","모두의 창업 심사 강화…멘토 3인 공동평가 도입","포스코기술투자와 더존비즈온, 대웅제약 등 대·중견기업과 공공기관도 운영기관으로 새로 참여한다. 신청 대상은 예비창업자와 업력 7년 이내 창업기업으로 확대했다.","모두의 창업 심사 강화 멘토 3인 공동평가 도입","41733","","0","바이오","1","N","2026-06-16 15:43:24","2026-06-16 15:43:24","2026-06-16 15:43:24",""
"24595","아너스티성형외과 정동우 원장, 지방성형줄기세포연구회 워크샵서 '줄기...","대웅 CGBio를 비롯한 다수의 바이오 업계 관계자들이 참가해 성황을 이뤘다. 이날 워크샵에서는 지방줄기세포, 혈액줄기세포, PRP(자가혈소판풍부혈장) 치료법뿐만 아니라 정확한 세포수 카운트(계수) 방법까지 확인할 수...","아너스티성형외과 정동우 원장 지방성형줄기세포연구회 워크샵서 줄기","41734","","0","바이오","1","N","2026-06-16 15:43:24","2026-06-16 15:43:24","2026-06-16 15:43:24",""
"24596","약국엔 없고, 창고엔 있다?…의약품 유통 병목 해법은 '공급망 혁신'","대웅제약이 추진하는 '블록형 거점도매'는 거래처의 단순 확장을 지양하며, 수급 불안이나 물류 충격 발생 시 환자의 치료 공백 방지를 목표로 하는 모델이다. 권역별 재고 현황을 실시간으로 파악해 비수도권과 소규모...","약국엔 없고 창고엔 있다 의약품 유통 병목 해법은 공급망 혁신","41736","","0","바이오","1","N","2026-06-16 15:43:24","2026-06-16 15:43:24","2026-06-16 15:43:24",""
"24597","사고보다 예방…기업들 건강∙안전 투자 늘린다","사진=대웅 KT는 디지털 헬스케어 플랫폼 '웰다(Welda)'를 활용한 임직원 대상 혈당 관리 캠페인을 마무리했다. 약 2주간 진행된 이번 프로그램에는 190명이 참여했으며, 참가자의 절반이 혈당 개선 효과를 경험한 것으로...","사고보다 예방 기업들 건강 안전 투자 늘린다","41738","","0","","1","N","2026-06-16 15:43:24","2026-06-16 15:43:24","2026-06-16 15:43:24",""
"24598","씨어스, AI 입원환자 모니터링 확산…씽크 도입 병원 200곳 돌파","부정맥 환자의 진단과 치료 전 과정에 대한 이해를 바탕으로 주요 병원 의료진, 판매사인 대웅제약과 협업한 경험도 갖췄다. 국내 의료 현장에서는 고령화와 병상 운영 효율화 수요가 맞물리며 입원환자 모니터링과 AI...","씨어스 ai 입원환자 모니터링 확산 씽크 도입 병원 200곳 돌파","41739","","0","바이오","5","N","2026-06-16 15:43:25","2026-06-16 15:43:25","2026-06-16 15:43:25","2026-06-16 15:43:25"
"24599","대웅바이오, 이코사연질캡슐 일부 제조번호 회수…""성상 이상에 따른 영...","식품의약품안전처가 대웅바이오의 '이코사연질캡슐300밀리그램(이코사펜트산에틸)' 일부 제조번호에... 대상 제품은 대웅바이오가 판매하는 이코사연질캡슐300밀리그램이다. 위탁제조사는 알피바이오이며, 제품...","대웅바이오 이코사연질캡슐 일부 제조번호 회수 성상 이상에 따른 영","41740","","0","바이오,음식료","1","N","2026-06-16 15:43:25","2026-06-16 15:43:25","2026-06-16 15:43:25",""
"24600","[헤럴드비즈] 공급망 재편의 시대, 우즈베키스탄에서 답을 찾다","","헤럴드비즈 공급망 재편의 시대 우즈베키스탄에서 답을 찾다","41745","","0","","1","N","2026-06-16 15:43:25","2026-06-16 15:43:25","2026-06-16 15:43:25",""
"24601","[우분투칼럼] 아프리카 외교는 이제 산업정책이다","","우분투칼럼 아프리카 외교는 이제 산업정책이다","41746","","0","","1","N","2026-06-16 15:43:25","2026-06-16 15:43:25","2026-06-16 15:43:25",""
"24602","미국·이란 106일 만에 멈춘 포성…인천 제조·항만업계 환호성","","미국 이란 106일 만에 멈춘 포성 인천 제조 항만업계 환호성","41747","","0","","1","N","2026-06-16 15:43:25","2026-06-16 15:43:25","2026-06-16 15:43:25",""
"24603","[더벨]KR벤처스, 새 주인에 일성아이에스…HFR 인수 2년 반만","","더벨 kr벤처스 새 주인에 일성아이에스 hfr 인수 2년 반만","41749","","0","금융,코스닥,바이오","1","N","2026-06-16 15:43:25","2026-06-16 15:43:25","2026-06-16 15:43:25",""
"24604","‘미토스 수출통제’ AI 장벽 세운 미국…사이버보안 공동 대응 막힌 한...","","미토스 수출통제 ai 장벽 세운 미국 사이버보안 공동 대응 막힌 한","41751","","0","","1","N","2026-06-16 15:43:26","2026-06-16 15:43:26","2026-06-16 15:43:26",""
"24605","미 앤트로픽 AI 수출통제에 한국 ‘글래스윙 참여’도 제동…소버린 AI...","","미 앤트로픽 ai 수출통제에 한국 글래스윙 참여 도 제동 소버린 ai","41752","","0","","1","N","2026-06-16 15:43:26","2026-06-16 15:43:26","2026-06-16 15:43:26",""
"24606","[바이오스냅] 셀트리온제약, 간질환 국제학술대회서 강연 열어","▲ 대원제약은 자회사 에스디생명공학의 신임 대표로 김혜원 전 씨엠에스랩 상무를 영입했다고 16일 밝혔다. 김 대표는 앞서 아모레퍼시픽과 네오팜 등에서 일했다. 에스디생명공학은 김 대표 영입을 계기로 브랜드...","바이오스냅 셀트리온제약 간질환 국제학술대회서 강연 열어","41775","","0","바이오","2","N","2026-06-16 15:43:26","2026-06-16 15:43:36","2026-06-16 15:43:26",""
"24607","라면·스낵 2분기도 날개…글로벌 호실적 전망","","라면 스낵 2분기도 날개 글로벌 호실적 전망","41781","","0","음식료","10","N","2026-06-16 15:43:27","2026-06-16 15:43:59","2026-06-16 15:43:27","2026-06-16 15:43:27"
"24608","걷고·줍고·나눈다… 중견·생활기업 ‘생활밀착형 ESG’ 열풍","","걷고 줍고 나눈다 중견 생활기업 생활밀착형 esg 열풍","41782","","0","음식료","2","N","2026-06-16 15:43:27","2026-06-16 15:43:42","2026-06-16 15:43:27",""
"24609","식품업계 침체 속 라면 기업 성장세 지속","삼양식품은 역대 분기 최대인 매출 7459억 원을 기록할 전망이다. 영업이익도 1757억 원에 달할 것으로 보인다. 각각 전년 동기 대비 34.9%, 46.3% 급증한 규모다. 사진은 이날 서울 시내 대형마트에서 시민들이...","식품업계 침체 속 라면 기업 성장세 지속","41784","","0","음식료,환율,사료","5","N","2026-06-16 15:43:27","2026-06-16 15:43:59","2026-06-16 15:43:27","2026-06-16 15:43:59"
"24610","생활용품 2026년 6월 브랜드평판...다이소, 쿠팡, 이케아 順","6월 간편식 브랜드평판 순위는 1위 쿠팡, 2위 마켓컬리, 3위 롯데마트, 4위 이마트, 5위 CJ제일제당, 6위 본죽, 7위 삼양식품, 8위 GS25, 9위 세븐일레븐, 10위 CU, 11위 한솥, 12위 하림, 13위 농심, 14위 풀무원, 15위...","간편식 2026년 6월 브랜드평판 쿠팡 마켓컬리 롯데마트","42235","","0","음식료","10","N","2026-06-16 15:43:27","2026-06-16 15:43:58","2026-06-16 15:43:27","2026-06-16 15:43:51"
"24611","호르무즈 드디어 열린다… 식품업계, 공급망 숨통 트이나","","호르무즈 드디어 열린다 식품업계 공급망 숨통 트이나","41789","","0","사료,음식료","1","N","2026-06-16 15:43:27","2026-06-16 15:43:27","2026-06-16 15:43:27",""
"24612","글로벌 환경기업 베올리아, 18일 서울국제환경영화제 '고객 초청 특별 ...","","글로벌 환경기업 베올리아 18일 서울국제환경영화제 고객 초청 특별","41790","","0","바이오,음식료","1","N","2026-06-16 15:43:27","2026-06-16 15:43:27","2026-06-16 15:43:27",""
"24613","농심 신라면, 대만서 수입라면 '넘버원'…너구리 2위·오뚜기 치즈라면...","","농심 신라면 대만서 수입라면 넘버원 너구리 2위 오뚜기 치즈라면","41792","","0","음식료","1","N","2026-06-16 15:43:27","2026-06-16 15:43:27","2026-06-16 15:43:27",""
"24614","“돌파구는 동남아”…타이펙스 달군 K-식품 4사, ‘현지화’로 승부수...","","돌파구는 동남아 타이펙스 달군 k 식품 4사 현지화 로 승부수","41796","","0","음식료","1","N","2026-06-16 15:43:27","2026-06-16 15:43:27","2026-06-16 15:43:27",""
"24615","중동에 공들이던 식품업계, 밀렸던 수출 계획 서두른다","","중동에 공들이던 식품업계 밀렸던 수출 계획 서두른다","41797","","0","음식료","1","N","2026-06-16 15:43:27","2026-06-16 15:43:27","2026-06-16 15:43:27",""
"24616","[더벨][리츠AMC 리포트] 흥국리츠운용, 출범 1년만 AUM 1조 '고속 성장'","특히 태광산업은 흥국코어리츠 출자에 512억원을 투자했다. 코트야드 바이 메리어트 남대문 호텔을 편입할 때도 1000억원 규모의 투자를 계획했다. 지난해 말 자산 편입을 마무리한 덕분에 2개 자산 운용수수료 모두...","더벨 리츠amc 리포트 흥국리츠운용 출범 1년만 aum 1조 고속 성장","41801","","0","","1","N","2026-06-16 15:43:28","2026-06-16 15:43:28","2026-06-16 15:43:28",""
"24617","'글로벌 1위의 위엄' 효성티앤씨, 스판덱스 업황 회복 타고 실적 턴어라...","고가 섬유 제품을 생산하는 대한화섬과 태광산업도 강세를 나타내고 있다. 대한화섬은 특수 섬유 분야 경쟁력을 바탕으로 수익성 개선 기대를 받고 있으며, 태광산업은 석유화학과 섬유 사업을 동시에 보유한 사업 구조가...","글로벌 1위의 위엄 효성티앤씨 스판덱스 업황 회복 타고 실적 턴어라","41802","","0","화학","2","N","2026-06-16 15:43:28","2026-06-16 15:43:42","2026-06-16 15:43:28",""
"24618","태광의 잇단 공세에도 롯데 홈쇼핑 “정상 경영 흔들림 없다”","태광산업이 김재겸 롯데홈쇼핑 대표이사의 해임을 요구하는 소송을 제기하면서 양측의 오랜 긴장 관계가 새로운 국면을 맞고 있다. 롯데홈쇼핑 사옥 (사진=연합뉴스) 업계에 따르면 롯데홈쇼핑의 2대 주주인 태광산업은...","태광의 잇단 공세에도 롯데 홈쇼핑 정상 경영 흔들림 없다","41803","","0","","2","N","2026-06-16 15:43:28","2026-06-16 15:43:42","2026-06-16 15:43:28",""
"24619","[더벨][케이조선 인수 뛰어든 태광] 우협 탈락, FI 그린하버운용 컨소시...","태광산업 컨소시엄이 케이조선 인수에 난항을 겪고 있다. 유일한 인수 후보로 협상을 이어오며 우선협상대상자 선정이 유력하게 전망됐지만, 매도자인 KHI와 연합자산관리(유암코) 측은 끝내 손을 들어주지 않았다....","더벨 케이조선 인수 뛰어든 태광 우협 탈락 fi 그린하버운용 컨소시","41804","","0","조선","1","N","2026-06-16 15:43:28","2026-06-16 15:43:28","2026-06-16 15:43:28",""
"24620","10년 집념이 일군 TPC 국산화… 국내 넘어 해외 공급망 넘본다 [박신영의...","국내 아라미드 시장은 효성첨단소재, 코오롱인더스트리, 태광산업 등이 주도하고 있다. 현재는 국내 업체들에 시험용 제품을 공급하며 품질 검증 절차를 진행 중이다. 회사는 중장기적으로 해외 시장 진출 가능성도 높게...","10년 집념이 일군 tpc 국산화 국내 넘어 해외 공급망 넘본다 박신영의","41805","","0","","1","N","2026-06-16 15:43:28","2026-06-16 15:43:28","2026-06-16 15:43:28",""
"24621","롯데·태광 갈등 격화…롯데홈쇼핑 대표 해임 소송전","태광산업이 롯데홈쇼핑 김재겸 대표 해임을 요구하는 소송을 제기했다. 홈쇼핑 업계와 법조계에 따르면 태광산업은 지난 10일 서울남부지법에 김재겸 롯데홈쇼핑 대표 해임 청구 소송을 냈다. 태광산업은 롯데홈쇼핑 지분...","롯데 태광 갈등 격화 롯데홈쇼핑 대표 해임 소송전","41806","","0","","1","N","2026-06-16 15:43:28","2026-06-16 15:43:28","2026-06-16 15:43:28",""
"24622","호르무즈 열리나...한국증시 해운주 장중 흐름은?","","호르무즈 열리나 한국증시 해운주 장중 흐름은","41807","","0","조선","1","N","2026-06-16 15:43:28","2026-06-16 15:43:28","2026-06-16 15:43:28",""
"24623","이번 주엔 뭘 봐야 할까…극장 개봉작 5편 예매 리스트","","이번 주엔 뭘 봐야 할까 극장 개봉작 5편 예매 리스트","41809","","0","","1","N","2026-06-16 15:43:28","2026-06-16 15:43:28","2026-06-16 15:43:28",""
"24624","한일 엔터테크, 경쟁 넘어 공진화로…AI 시대 '다음 60년' 설계 나섰다","","한일 엔터테크 경쟁 넘어 공진화로 ai 시대 다음 60년 설계 나섰다","41810","","0","엔터테인먼트,음식료","6","N","2026-06-16 15:43:28","2026-06-16 15:43:29","2026-06-16 15:43:28","2026-06-16 15:43:29"
"24625","57년 연속 배당 이어간 한일홀딩스…밸류업 과제는 ‘예측 가능한 환원...","","57년 연속 배당 이어간 한일홀딩스 밸류업 과제는 예측 가능한 환원","41811","","0","건설","1","N","2026-06-16 15:43:28","2026-06-16 15:43:28","2026-06-16 15:43:28",""
"24626","한일홀딩스, 연세대 첨단물리연구관 건립 위해 건설자재 3억원 후원","","한일홀딩스 연세대 첨단물리연구관 건립 위해 건설자재 3억원 후원","41817","","0","건설","1","N","2026-06-16 15:43:29","2026-06-16 15:43:29","2026-06-16 15:43:29",""
"24627","신수출 성장산업 전초기지 유럽…현지 전략 재정비","","신수출 성장산업 전초기지 유럽 현지 전략 재정비","41818","","0","방산,달러,화장품","2","N","2026-06-16 15:43:29","2026-06-16 15:43:29","2026-06-16 15:43:29","2026-06-16 15:43:29"
"24628","[99.9MHz] 윤동한 한국콜마 회장, ""이순신 장군 정신 본받아 사회에 공헌...","","99 9mhz 윤동한 한국콜마 회장 이순신 장군 정신 본받아 사회에 공헌","41820","","0","화장품","1","N","2026-06-16 15:43:29","2026-06-16 15:43:29","2026-06-16 15:43:29",""
"24629","하림 더미식, 제값 주면 호구? ‘떨이전략’ 씁쓸한 이유 [푸드360]","","하림 더미식 제값 주면 호구 떨이전략 씁쓸한 이유 푸드360","41822","","0","","1","N","2026-06-16 15:43:29","2026-06-16 15:43:29","2026-06-16 15:43:29",""
"24630","홈플ㆍNS홈쇼핑보다 먼저 치고 나간다… GS리테일, 슈퍼ㆍ홈쇼핑 판매 ...","","홈플 ns홈쇼핑보다 먼저 치고 나간다 gs리테일 슈퍼 홈쇼핑 판매","41823","","0","음식료","1","N","2026-06-16 15:43:29","2026-06-16 15:43:29","2026-06-16 15:43:29",""
"24631","유바이오로직스, '레켐비 10% 가격' 치매 백신 조기 L/O '주목'…""기업가...","","유바이오로직스 레켐비 10 가격 치매 백신 조기 l o 주목 기업가","41824","","0","바이오,달러","1","N","2026-06-16 15:43:30","2026-06-16 15:43:30","2026-06-16 15:43:30",""
"24632","현대모비스 목표주가 87만원으로 상향","","현대모비스 목표주가 87만원으로 상향","41825","","0","","2","N","2026-06-16 15:43:30","2026-06-16 15:43:30","2026-06-16 15:43:30","2026-06-16 15:43:30"
"24633","[Invest]현대차 전망 갈린 한투證-유안타…기준은 보스턴다이내믹스 미...","","invest 현대차 전망 갈린 한투 유안타 기준은 보스턴다이내믹스 미","41826","","0","자동차","2","N","2026-06-16 15:43:30","2026-06-16 15:43:31","2026-06-16 15:43:30","2026-06-16 15:43:31"
"24634","현대차 “167조 가치” vs “본업과 분리해야”…보스턴 다이내믹스, 증...","","현대차 167조 가치 vs 본업과 분리해야 보스턴 다이내믹스 증","41827","","0","","1","N","2026-06-16 15:43:30","2026-06-16 15:43:30","2026-06-16 15:43:30",""
"24635","현대모비스, 자동차 부품주서 로봇 플랫폼株로… 목표가 87만원 - 유안타...","","현대모비스 자동차 부품주서 로봇 플랫폼 로 목표가 87만원 유안타","41828","","0","자동차","1","N","2026-06-16 15:43:30","2026-06-16 15:43:30","2026-06-16 15:43:30",""
"24636","“현대모비스, 보스턴다이내믹스 핵심 부품 공급사… 아틀라스 양산 수...","","현대모비스 보스턴다이내믹스 핵심 부품 공급사 아틀라스 양산 수","41829","","0","","1","N","2026-06-16 15:43:30","2026-06-16 15:43:30","2026-06-16 15:43:30",""
"24637","'삼전닉스' 다시 사는 외국인","","삼전닉스 다시 사는 외국인","41830","","0","","1","N","2026-06-16 15:43:30","2026-06-16 15:43:30","2026-06-16 15:43:30",""
"24638","225% 뛴 현대차, 이제는 숨 고르기?…증권가 '속도 조절론'","","225 뛴 현대차 이제는 숨 고르기 증권가 속도 조절론","41831","","0","자동차","1","N","2026-06-16 15:43:30","2026-06-16 15:43:30","2026-06-16 15:43:30",""
"24639","'배정 0주'에 출렁이는 미래에셋株…""코리아 패싱 너무해""[개미와글와글...","","배정 0주 에 출렁이는 미래에셋 코리아 패싱 너무해 개미와글와글","41832","","0","반도체","1","N","2026-06-16 15:43:30","2026-06-16 15:43:30","2026-06-16 15:43:30",""
"24640","현대차 로봇 기대감 선반영됐나…본업 감익에 밸류 부담[애널리스트의...","","현대차 로봇 기대감 선반영됐나 본업 감익에 밸류 부담 애널리스트의","41834","","0","","1","N","2026-06-16 15:43:30","2026-06-16 15:43:30","2026-06-16 15:43:30",""
"24641","""로봇 프리미엄 과도"" … 현대차 투자의견 '하향'","","로봇 프리미엄 과도 현대차 투자의견 하향","41835","","0","자동차","3","N","2026-06-16 15:43:30","2026-06-16 15:43:31","2026-06-16 15:43:30","2026-06-16 15:43:31"
"24642","[아침밥] 유안타증권 ""현대모비스, 로봇 하드웨어 핵심 공급사 도약""","","아침밥 유안타증권 현대모비스 로봇 하드웨어 핵심 공급사 도약","41836","","0","","2","N","2026-06-16 15:43:30","2026-06-16 15:43:31","2026-06-16 15:43:30","2026-06-16 15:43:31"
"24643","[애널픽] ""너무 올랐다""...현대차 밸류에이션 오류는?","","애널픽 너무 올랐다 현대차 밸류에이션 오류는","41837","","0","","1","N","2026-06-16 15:43:30","2026-06-16 15:43:30","2026-06-16 15:43:30",""
"24644","현대모비스, 주주환원 강화에 로봇 성장성까지···증권가 ""업종 최선호...","","현대모비스 주주환원 강화에 로봇 성장성까지 증권가 업종 최선호","41840","","0","","1","N","2026-06-16 15:43:31","2026-06-16 15:43:31","2026-06-16 15:43:31",""
"24645","현대모비스, 로봇 부품사로 탈바꿈…""87만원 간다""[애널리스트의 시각]","","현대모비스 로봇 부품사로 탈바꿈 87만원 간다 애널리스트의 시각","41843","","0","","1","N","2026-06-16 15:43:31","2026-06-16 15:43:31","2026-06-16 15:43:31",""
"24646","유안타證 “현대차, 목표가 69만원 상향…주가 급등 동력은 로봇”","","유안타 현대차 목표가 69만원 상향 주가 급등 동력은 로봇","41845","","0","","1","N","2026-06-16 15:43:31","2026-06-16 15:43:31","2026-06-16 15:43:31",""
"24647","[키-리포트] 유안타 ""현대차 주가 상승? 본업 아니라 BD 기대감 때문""","","키 리포트 유안타 현대차 주가 상승 본업 아니라 bd 기대감 때문","41846","","0","","1","N","2026-06-16 15:43:31","2026-06-16 15:43:31","2026-06-16 15:43:31",""
"24648","국제선 유류할증료 또 인하된다… 6월 대비 7월 최대 10만 7000원 인하","","국제선 유류할증료 또 인하된다 6월 대비 7월 최대 10만 7000원 인하","41847","","0","항공","2","N","2026-06-16 15:43:31","2026-06-16 15:43:31","2026-06-16 15:43:31","2026-06-16 15:43:31"
"24649","고객 참여형 ESG로… 대한항공 '마일리지 친환경 모델' 안착","","고객 참여형 esg로 대한항공 마일리지 친환경 모델 안착","41850","","0","항공","1","N","2026-06-16 15:43:31","2026-06-16 15:43:31","2026-06-16 15:43:31",""
"24650","7년 만에 넓어진 하늘길…항공가에 퍼지는 '중국 특수' 기대감","대한항공부터 LCC까지…수익성 강화 기대 16일 국토교통부에 따르면 지난달 서울에서 열린 한·중 항공회담에서 양국은 여객 및 화물 운수권을 확대하기로 했다. 이에 따라 여객 운수권은 기존 주 608회에서 664회로 56회...","7년 만에 넓어진 하늘길 항공가에 퍼지는 중국 특수 기대감","41856","","0","항공","1","N","2026-06-16 15:43:32","2026-06-16 15:43:32","2026-06-16 15:43:32",""
"24651","[신사업 청사진] 현대카드, 1등 브랜드 묶은 PLCC 기반 '데이터 동맹'","대한항공, 스타벅스, 배달의민족, 애플 등 각 분야 시장 선도 기업(챔피언 브랜드)들이 합류해 방대한 데이터 풀을 형성했다. 기존 범용 신용카드(GPCC) 라인업과 PLCC가 균형을 이루며 거대한 데이터 생태계가...","신사업 청사진 현대카드 1등 브랜드 묶은 plcc 기반 데이터 동맹","41857","","0","항공","1","N","2026-06-16 15:43:32","2026-06-16 15:43:32","2026-06-16 15:43:32",""
"24652","'억대 설치비' 스타링크, 항공사가 소비자에게 요금 전가 못 하는 이유","대한항공을 비롯한 글로벌 항공사들이 기내 와이파이 전면 무료화를 선언하면서 위성 인터넷 '스타링크'가 화제의 중심에 섰다. 항공기 한 대당 설치 비용이 수억 원에 달함에도 승객에게 요금을 받지 않는 독특한...","억대 설치비 스타링크 항공사가 소비자에게 요금 전가 못 하는 이유","41864","","0","항공","1","N","2026-06-16 15:43:32","2026-06-16 15:43:32","2026-06-16 15:43:32",""
"24653","펠루비 제네릭 시장 확대되나…동구바이오 '펠비펜정' 품목허가","","펠루비 제네릭 시장 확대되나 동구바이오 펠비펜정 품목허가","41865","","0","바이오","1","N","2026-06-16 15:43:32","2026-06-16 15:43:32","2026-06-16 15:43:32",""
"24654","대신증권 삼성E&A 목표가 7만3000원 성장 축은 수주","","대신증권 삼성e a 목표가 7만3000원 성장 축은 수주","41884","","0","","1","N","2026-06-16 15:43:33","2026-06-16 15:43:33","2026-06-16 15:43:33",""
"24655","대신증권 GS건설 수익성 개선 기대 목표가 3만9000원","대신증권,GS건설 대신증권은 16일 GS건설의 목표주가를 3만9000원으로 제시했다. 사진=GS건설 대신증권은 16일 GS건설에 대해 투자의견 '매수'와 목표주가 3만9000원을 제시하며 커버리지를 개시했다. 이혜진 대신증권...","대신증권 gs건설 수익성 개선 기대 목표가 3만9000원","41885","","0","건설,원전","2","N","2026-06-16 15:43:33","2026-06-16 15:43:33","2026-06-16 15:43:33","2026-06-16 15:43:33"
"24656","한화솔루션 주가, 급등세... 대규모 유상증자 일정은?","","한화솔루션 주가 급등세 대규모 유상증자 일정은","41886","","0","","1","N","2026-06-16 15:43:33","2026-06-16 15:43:33","2026-06-16 15:43:33",""
"24657","""6월 하반기 증시 숨고르기 전망…통화정책 변화가 핵심 변수""","문남중 대신증권 수석연구위원은 16일 구독자 49만명 경제 유튜브 채널 '경제 읽어주는 남자'에 출연해 6월 상반기 증시에 대해 ""마라톤을 뛰어야 하는데 100m를 질주하듯 달려왔다""며 상승 속도가 과도하게 빨랐다고...","6월 하반기 증시 숨고르기 전망 통화정책 변화가 핵심 변수","41889","","0","금리","2","N","2026-06-16 15:43:33","2026-06-16 15:43:33","2026-06-16 15:43:33","2026-06-16 15:43:33"
"24658","비에이치 주가 9%↑ ""애플 폴더블폰·로봇 신사업 수혜""","이날 대신증권은 비에이치에 대해 투자의견 '매수(BUY)'와 목표주가 5만2000원을 유지했다. 올해 2분기 영업이익은 151억원으로 시장 컨센서스를 웃돌 것으로 전망됐다. 3분기 매출과 영업이익은 각각 6684억원...","비에이치 주가 9 애플 폴더블폰 로봇 신사업 수혜","41890","","0","","1","N","2026-06-16 15:43:33","2026-06-16 15:43:33","2026-06-16 15:43:33",""
"24659","외국인 관광객 밀려든다...신세계·현대백화점 '장중 급등'","유정현 대신증권 애널리스트는 ""국내 백화점 업계는 내수 소비 회복과 인바운드(외국인 여행객) 매출 급증으로 새로운 성장 국면을 맞이하고 있다""면서 ""외국인 매출 증가 추세는 K컬처 인기와 원화가치 약세 트렌드를...","외국인 관광객 밀려든다 신세계 현대백화점 장중 급등","41893","","0","","1","N","2026-06-16 15:43:33","2026-06-16 15:43:33","2026-06-16 15:43:33",""
"24660","두산·한화·효성 등 지주사 주가 강세 이유는?","이날 대신증권은 7월 중복상장 규제 시행을 앞두고 지주사가 수혜를 입을 것으로 내다봤다. 이경연 대신증권 연구원은 ""중복상장 규제는 자회사 상장을 '원칙적 금지, 예외적 허용'으로 전환하고, 예외 허용의...","두산 한화 효성 등 지주사 주가 강세 이유는","41895","","0","","1","N","2026-06-16 15:43:33","2026-06-16 15:43:33","2026-06-16 15:43:33",""
"24661","""지금 주가의 두배 뛴다"" DL이앤씨, 미·이란 종전 최대 수혜… 삼성E&A...","삼성E&A, 중동 재건·뉴에너지에 반도체 관계사 물량까지 건설 업종 최선호주로 (대신증권) ◆ 삼성E&A (028050) ― 대신증권 / 이해진 연구원 - 목표주가: 7만3000원 (신규) ㅣ 전일 종가: 5만2100원 - 투자의견: 매수 (신규)...","지금 주가의 두배 뛴다 dl이앤씨 미 이란 종전 최대 수혜 삼성e a","41897","","0","반도체,건설","1","N","2026-06-16 15:43:33","2026-06-16 15:43:33","2026-06-16 15:43:33",""
"24662","비에이치 주가 장중 7%대 상승, 증권가 2분기 실적 시장 기대치 상회 전...","박강호 대신증권 연구원은 이날 보고서에서 비에이치가 1분기에 이어 2분기에도 시장 기대치를 웃도는 실적을 낼 것으로 예상했다. 비에이치는 2분기 연결기준 매출 4156억 원, 영업이익 151억 원을 낼 것으로...","비에이치 주가 장중 7 대 상승 증권가 2분기 실적 시장 기대치 상회 전","41898","","0","","1","N","2026-06-16 15:43:33","2026-06-16 15:43:33","2026-06-16 15:43:33",""
"24663","콘텐트리중앙 디폴트 며칠 전까지 '매수'…주주 울린 증권사 보고서","16일 금융투자업계에 따르면, 지난 5월 초 이후 콘텐트리중앙에 대한 분석 보고서를 발간한 IBK투자증권, 메리츠증권, 대신증권 등 주요 증권사들은 일제히 투자의견 '매수(Buy)'를 유지했다. IBK투자증권은 지난달 22일...","콘텐트리중앙 디폴트 며칠 전까지 매수 주주 울린 증권사 보고서","41899","","0","금융","1","N","2026-06-16 15:43:33","2026-06-16 15:43:33","2026-06-16 15:43:33",""
"24664","마이크론 11% 뛰고 낸드 급등…메모리 슈퍼사이클 오나 [칩칩폭폭]","- 대신증권은 엔비디아의 SOCAMM 양산 확대와 비메모리 패키지 기판 매출 증가에 힘입어 심텍의 실적 개선세가 본격화될 것으로 전망했다. 심텍은 삼성전자와 SK하이닉스, 마이크론 등 메모리 3사의 SOCAMM...","마이크론 11 뛰고 낸드 급등 메모리 슈퍼사이클 오나 칩칩폭폭","41900","","0","","1","N","2026-06-16 15:43:33","2026-06-16 15:43:33","2026-06-16 15:43:33",""
"24665","세월이 지나도 꾸준한…김진성, 최고령 800경기 출전 코앞","","세월이 지나도 꾸준한 김진성 최고령 800경기 출전 코앞","41901","","0","","1","N","2026-06-16 15:43:34","2026-06-16 15:43:34","2026-06-16 15:43:34",""
"24666","'헌신의 아이콘' 김진성, 오늘(16일) 韓 최고령 기록 세울까? 800G 등판 '...","","헌신의 아이콘 김진성 오늘 16일 최고령 기록 세울까 800g 등판","41903","","0","","1","N","2026-06-16 15:43:34","2026-06-16 15:43:34","2026-06-16 15:43:34",""
"24667","김명수, 강민아와 ♥핑크빛 호흡 맞춘다…톱스타와 상담가의 만남 ('공...","새 드라마 '공감세포'(극본 정연, 김성래 / 연출 김칠봉 / 제공 A+E Global Media / 제작 위매드, LG U+, MBC C&I)는... 한편, 새 드라마 '공감세포'는 오는 7월 4일 밤 10시 50분 라이프타임과 LG U+tv모바일, 디즈니+에서...","김명수 강민아와 핑크빛 호흡 맞춘다 톱스타와 상담가의 만남 공","41905","","0","","1","N","2026-06-16 15:43:34","2026-06-16 15:43:34","2026-06-16 15:43:34",""
"24668","KIA, 호국 보훈 달 맞아 군 장병 2000명 초청","16일 KIA는 오는 18일 광주-기아챔피언스필드에서 열리는 LG와의 홈경기에 광주 전남 지역 군 장병 2000명을 초청해 경기 관람과 간식 등을 지원한다고 밝혔다. 지난 2022년부터 사회 공헌 활동의 일환으로 군 장병 초청...","kia 호국 보훈 달 맞아 군 장병 2000명 초청","41907","","0","","1","N","2026-06-16 15:43:34","2026-06-16 15:43:34","2026-06-16 15:43:34",""
"24669","LG생활건강, 고출력 LED 적용한 'LG 프라엘 멜라빔 토닝' 출시","LG생활건강은 뷰티 디바이스 브랜드 'LG 프라엘(Pra.L)'에서 고출력 LED 기술을 적용해 멜라닌 색소 관리 기능을 강화한 신제품 '멜라빔 토닝'을 출시했다. [LG생활건강] LG생활건강은 뷰티 디바이스 브랜드 'LG 프라엘(Pra....","lg생활건강 고출력 led 적용한 lg 프라엘 멜라빔 토닝 출시","41909","","0","화장품","2","N","2026-06-16 15:43:34","2026-06-16 15:43:34","2026-06-16 15:43:34","2026-06-16 15:43:34"
"24670","[유통 브리핑] 아웃백·교촌치킨·맘스터치","◇아웃백, LG유플러스 멤버십 대상 6월 '유플투쁠' 프로모션 진행 아웃백 스테이크하우스(이하 아웃백)가 LG유플러스 멤버십 고객을 위한 6월 '유플투쁠' 프로모션을 6월 16일부터 30일까지 진행한다고 16일 밝혔다. 이번...","유통 브리핑 아웃백 교촌치킨 맘스터치","41910","","0","통신","1","N","2026-06-16 15:43:34","2026-06-16 15:43:34","2026-06-16 15:43:34",""
"24671","[AT 현장]도요타 6세대 신형 RAV4 상륙…""SUV 넘어 라이프스타일 플랫폼...","도요타 커넥트 첫 적용…SDV 시대 본격 시동 한국토요타는 LG유플러스, LG전자와 협력해 한국 시장에 최적화된 서비스를 개발했다. (사진=박시하 기자) 신형 RAV4에는 도요타 차세대 소프트웨어 플랫폼 '아린(Arene)'을...","at 현장 도요타 6세대 신형 rav4 상륙 suv 넘어 라이프스타일 플랫폼","41911","","0","통신,IT","1","N","2026-06-16 15:43:34","2026-06-16 15:43:34","2026-06-16 15:43:34",""
"24672","[포토뉴스] AI 에이전트, 혼자 잘난 척 금물 “밑천 없으면 헤맨다”","주민식 LG CNS AI선행기술연구소장은 에이전틱 AI(Agentic AI), 데이터 패브릭(Data Fabric), 지식 기반의 현재·한계를 짚었다. AI 에이전트가 산업 현장에서 작동하기 위해 필요한 데이터와 지식 구조가 핵심...","포토뉴스 ai 에이전트 혼자 잘난 척 금물 밑천 없으면 헤맨다","41912","","0","","1","N","2026-06-16 15:43:34","2026-06-16 15:43:34","2026-06-16 15:43:34",""
"24673","[LG화학 PRS 명암]④ 수수료 챙긴 증권사, '오버행' 떠안은 주주","LG화학의 LG에너지솔루션 지분 유동화가 자금 조달과 오버행 우려라는 상반된 효과를 낳고 있다. LG화학은 PRS 구조를 활용해 약 2조원의 현금을 확보하고 증권사단은 수수료 수익과 셀다운을 통해 위험을 분산하는...","lg화학 prs 명암 수수료 챙긴 증권사 오버행 떠안은 주주","41914","","0","화학","1","N","2026-06-16 15:43:34","2026-06-16 15:43:34","2026-06-16 15:43:34",""
"24674","[산업계 동향] 삼성전자ㆍLG전자ㆍ고려아연(6.16)","■ LG전자, 무선청소기 '컴팩트타워' 출시...거치대 부피 40% 줄여 공간 활용도 강화 - A7·A5 라인업으로 생활 맞춤 선택 확대 LG전자 무선청소기 '컴팩트타워' 이미지 (사진=LG전자) LG전자가 청소 성능은 유지하면서...","산업계 동향 삼성전자 lg전자 고려아연 6 16","41916","","0","","1","N","2026-06-16 15:43:34","2026-06-16 15:43:34","2026-06-16 15:43:34",""
"24675","SNT다이내믹스, 특허·논문 확대로 ‘K-방산’ 기술 선점","","snt다이내믹스 특허 논문 확대로 k 방산 기술 선점","41917","","0","방산","12","N","2026-06-16 15:43:34","2026-06-16 15:43:35","2026-06-16 15:43:34","2026-06-16 15:43:35"
"24676","SNT다이내믹스, 군사기술학회서 논문 22편 발표","SNT다이내믹스는 10∼12일 제주 국제컨벤션센터에서 열린 ‘2026 한국군사과학기술학회 종합학술대회’에서 총 22편의 연구개발(R&D) 논문을 발표했다고 15일 밝혔다. 발표 논문에는 ‘HILS 시스템(변속제어장치(TCU)...","snt다이내믹스 군사기술학회서 논문 22편 발표","41919","","0","","7","N","2026-06-16 15:43:34","2026-06-16 15:43:35","2026-06-16 15:43:34","2026-06-16 15:43:35"
"24677","글로벌 탑 엔지니어링' 가속… SNT다이내믹스, R&D 영토 넓힌다","","글로벌 탑 엔지니어링 가속 snt다이내믹스 r d 영토 넓힌다","41929","","0","","1","N","2026-06-16 15:43:35","2026-06-16 15:43:35","2026-06-16 15:43:35",""
"24678","SNT다이내믹스 연구논문·특허출원 확대 R&D 경쟁력 강화","","snt다이내믹스 연구논문 특허출원 확대 r d 경쟁력 강화","41930","","0","","1","N","2026-06-16 15:43:35","2026-06-16 15:43:35","2026-06-16 15:43:35",""
"24679","[더벨][AI 시대 선박엔진산업의 변신] 새 주인 찾는 STX엔진, 'AIDC 엔진'...","","더벨 ai 시대 선박엔진산업의 변신 새 주인 찾는 stx엔진 aidc 엔진","41934","","0","방산","1","N","2026-06-16 15:43:35","2026-06-16 15:43:35","2026-06-16 15:43:35",""
"24680","7월 말 FDA 허가 앞둔 HLB…블랙록 지분 확대 vs 4400억 공매도 승자는?","국내 바이오 기업 중 블랙록이 5% 이상 지분을 취득해 공시한 사례는 HLB가 처음이다. 블랙록은 글로벌 운용자산(AUM)이 10조 달러를 상회하며 대다수 자금이 모건스탠리캐피털인터내셔널(MSCI) 등 글로벌 지수를...","7월 말 fda 허가 앞둔 hlb 블랙록 지분 확대 vs 4400억 공매도 승자는","41944","","0","바이오,달러","1","N","2026-06-16 15:43:36","2026-06-16 15:43:36","2026-06-16 15:43:36",""
"24681","[TOP's Pick] [제약] 대웅바이오, 혈액 기반 알츠하이머병 진단 기술 도...","행사 중에는 다양한 세션 발표를 통해 글로벌 CDMO 생산능력 홍보 및 사업 확장 전략을 알리며 고객과의 접점을 확대할 예정. ◆HLB 자회사 이뮤노믹, 일본삼나무 알레르기 백신 일본 임상 1상 승인 ​ HLB의 미국...","top s pick 제약 대웅바이오 혈액 기반 알츠하이머병 진단 기술 도","41957","","0","바이오","1","N","2026-06-16 15:43:36","2026-06-16 15:43:36","2026-06-16 15:43:36",""
"24682","미국 문 두드리는 HLB, 일본도 흔든다…일본서 K바이오 영토 확장","HLB펩의 정밀 펩타이드 제조 기술을 글로벌 시장으로 확장하는 디딤돌을 놓은 셈이다. 이와 함께 일본이 보유한 세포치료제 및 재생치료 부문 시장에서도 경쟁력을 높인다. 일본 세포치료 전문기업 '리프로셀'과...","미국 문 두드리는 hlb 일본도 흔든다 일본서 k바이오 영토 확장","41958","","0","바이오","1","N","2026-06-16 15:43:36","2026-06-16 15:43:36","2026-06-16 15:43:36",""
"24683","HLB 자회사 이뮤노믹, saRNA 기반 알레르기 치료백신 일본 임상 진입","| 이코노미사이언스 유나경 기자 | HLB의 미국 자회사 이뮤노믹 테라퓨틱스가 일본삼나무 꽃가루... 본격적인 임상 검증 단계에 들어섰다는 점에서 글로벌 면역치료 시장의 새로운 가능성을 제시할 것으로 평가된다.","hlb 자회사 이뮤노믹 sarna 기반 알레르기 치료백신 일본 임상 진입","41961","","0","","1","N","2026-06-16 15:43:37","2026-06-16 15:43:37","2026-06-16 15:43:37",""
"24684","경찰, 광주 건설사 '100억 사기 의혹' 보완수사…'무혐의'에 검찰 제동","","경찰 광주 건설사 100억 사기 의혹 보완수사 무혐의 에 검찰 제동","41962","","0","건설","8","N","2026-06-16 15:43:37","2026-06-16 15:43:37","2026-06-16 15:43:37","2026-06-16 15:43:37"
"24685","광주 도시철도 2호선 1단계 역명 확정 하반기로 연기","","광주 도시철도 2호선 1단계 역명 확정 하반기로 연기","41967","","0","","1","N","2026-06-16 15:43:37","2026-06-16 15:43:37","2026-06-16 15:43:37",""
"24686","고된 노동 버텨준 그날의 공부…쉰에도 여든에도 꿈은 그대로","","고된 노동 버텨준 그날의 공부 쉰에도 여든에도 꿈은 그대로","41968","","0","","1","N","2026-06-16 15:43:37","2026-06-16 15:43:37","2026-06-16 15:43:37",""
"24687","[간추린 단신] “‘탱크데이’ 조사 결과 공개해야”…“전직원 역사교...","","간추린 단신 탱크데이 조사 결과 공개해야 전직원 역사교","41973","","0","","1","N","2026-06-16 15:43:37","2026-06-16 15:43:37","2026-06-16 15:43:37",""
"24688","대한노인회 강원 평창군지회, 제3회 지회장기 파크골프대회 개최","대관령 최종복, 3위는 용평면 조한목 선수가 차지했다. 여자부 1위에는 평창읍 강순자, 2위는 용평면 임정자, 3위는 대화면 심상례 선수가 올랐다. 포썸 경기에서 1위는 대화면, 2위는 용평면, 3위는 방림면에서 차지했다.","대한노인회 강원 평창군지회 제3회 지회장기 파크골프대회 개최","41974","","0","","1","N","2026-06-16 15:43:37","2026-06-16 15:43:37","2026-06-16 15:43:37",""
"24689","“감사보고서 읽는 법 바꿔야”… ‘적정’만 보면 위험","","감사보고서 읽는 법 바꿔야 적정 만 보면 위험","41975","","0","자동차","1","N","2026-06-16 15:43:38","2026-06-16 15:43:38","2026-06-16 15:43:38",""
"24690","바이오수소 인증, 국제 기준과 간극···제도 개선 필요성 제기","","바이오수소 인증 국제 기준과 간극 제도 개선 필요성 제기","41976","","0","바이오","1","N","2026-06-16 15:43:38","2026-06-16 15:43:38","2026-06-16 15:43:38",""
"24691","포드·르노, '주행거리 연장형 전기차'로 선회…현대차·기아는 EREV 개발...","","포드 르노 주행거리 연장형 전기차 로 선회 현대차 기아는 erev 개발","41977","","0","자동차","1","N","2026-06-16 15:43:38","2026-06-16 15:43:38","2026-06-16 15:43:38",""
"24692","[기업들] 맞춤형 서비스·전기차 생태계·사회공헌 확대...소비자 접점 ...","","기업들 맞춤형 서비스 전기차 생태계 사회공헌 확대 소비자 접점","41978","","0","","1","N","2026-06-16 15:43:38","2026-06-16 15:43:38","2026-06-16 15:43:38",""
"24693","[팀장칼럼] ""왜 저평가될까"" 곽재선 KG그룹 회장이 던진 질문","","팀장칼럼 왜 저평가될까 곽재선 kg그룹 회장이 던진 질문","41979","","0","","1","N","2026-06-16 15:43:38","2026-06-16 15:43:38","2026-06-16 15:43:38",""
"24694","반도체 강세 속, 실적 앞세운 제이엘케이·디티앤씨알오↑ [바이오맥짚...","","반도체 강세 속 실적 앞세운 제이엘케이 디티앤씨알오 바이오맥짚","41980","","0","반도체,바이오","1","N","2026-06-16 15:43:38","2026-06-16 15:43:38","2026-06-16 15:43:38",""
"24695","“아우디 Q5, 이달 사면 6.5% 싸다”…엔카 6월 중고차 시세 분석","","아우디 q5 이달 사면 6 5 싸다 엔카 6월 중고차 시세 분석","41981","","0","","1","N","2026-06-16 15:43:38","2026-06-16 15:43:38","2026-06-16 15:43:38",""
"24696","휴가철인데 왜 네 가격이 떨어져···심지어 프리미엄 일수록 더?","","휴가철인데 왜 네 가격이 떨어져 심지어 프리미엄 일수록 더","41982","","0","","1","N","2026-06-16 15:43:38","2026-06-16 15:43:38","2026-06-16 15:43:38",""
"24697","KGM, 전국서 '여름 맞이 차량 점검' 돌입","","kgm 전국서 여름 맞이 차량 점검 돌입","41983","","0","","1","N","2026-06-16 15:43:38","2026-06-16 15:43:38","2026-06-16 15:43:38",""
"24698","‘주행 1000㎞’ 차량 몰려오나… 글로벌 EREV 경쟁 본격화","","주행 1000 차량 몰려오나 글로벌 erev 경쟁 본격화","41984","","0","","1","N","2026-06-16 15:43:38","2026-06-16 15:43:38","2026-06-16 15:43:38",""
"24699","KGM, 여름철 차량 점검 서비스 시행","","kgm 여름철 차량 점검 서비스 시행","41985","","0","","5","N","2026-06-16 15:43:38","2026-06-16 15:43:39","2026-06-16 15:43:38","2026-06-16 15:43:39"
"24700","콘텐트리중앙, 거래재개는 언제…법원 회생절차 개시 여부에 달려","","콘텐트리중앙 거래재개는 언제 법원 회생절차 개시 여부에 달려","41987","","0","자동차","1","N","2026-06-16 15:43:38","2026-06-16 15:43:38","2026-06-16 15:43:38",""
"24701","[Car 리포트] 현대차그룹, 청년 직무 교육 프로그램 가동 등","","car 리포트 현대차그룹 청년 직무 교육 프로그램 가동 등","41988","","0","","1","N","2026-06-16 15:43:38","2026-06-16 15:43:38","2026-06-16 15:43:38",""
"24702","미국-이란, 106일만에 종식…한숨돌린 韓 산업계","","미국 이란 106일만에 종식 한숨돌린 산업계","41989","","0","환율","1","N","2026-06-16 15:43:38","2026-06-16 15:43:38","2026-06-16 15:43:38",""
"24703","6월 중고차 시세 일제히 하락… 전기차는 가격 방어","","6월 중고차 시세 일제히 하락 전기차는 가격 방어","41990","","0","","1","N","2026-06-16 15:43:38","2026-06-16 15:43:38","2026-06-16 15:43:38",""
"24704","100여일 만에 총성 멎은 중동…車업계, 유가 등 '전략 계산' 분주 [김수...","","100여일 만에 총성 멎은 중동 업계 유가 등 전략 계산 분주 김수","41991","","0","","1","N","2026-06-16 15:43:39","2026-06-16 15:43:39","2026-06-16 15:43:39",""
"24705","여름휴가 앞둔 중고차 시장…국산·수입 인기 차종 시세 하락","","여름휴가 앞둔 중고차 시장 국산 수입 인기 차종 시세 하락","41992","","0","","1","N","2026-06-16 15:43:39","2026-06-16 15:43:39","2026-06-16 15:43:39",""
"24706","폭염 오기 전에 점검하세요…KGM, 여름철 무상 점검 나선다","","폭염 오기 전에 점검하세요 kgm 여름철 무상 점검 나선다","41993","","0","","1","N","2026-06-16 15:43:39","2026-06-16 15:43:39","2026-06-16 15:43:39",""
"24707","KGM, 여름철 무상 점검 캠페인 실시…전국 328개 서비스망 운영","","kgm 여름철 무상 점검 캠페인 실시 전국 328개 서비스망 운영","41994","","0","","1","N","2026-06-16 15:43:39","2026-06-16 15:43:39","2026-06-16 15:43:39",""
"24708","폭염 앞둔 차량 건강관리… KGM, 여름 안전점검 '쿨 서머 리프레시' 운영","","폭염 앞둔 차량 건강관리 kgm 여름 안전점검 쿨 서머 리프레시 운영","41995","","0","","1","N","2026-06-16 15:43:39","2026-06-16 15:43:39","2026-06-16 15:43:39",""
"24709","폭염 맞춤형 점검… KGM, '안전한 여름 주행' 선제 대응","","폭염 맞춤형 점검 kgm 안전한 여름 주행 선제 대응","41998","","0","","1","N","2026-06-16 15:43:39","2026-06-16 15:43:39","2026-06-16 15:43:39",""
"24710","KG모빌리티, 무더위 대비 차량 점검...""전기차 안전 캠페인도 병행""","","kg모빌리티 무더위 대비 차량 점검 전기차 안전 캠페인도 병행","42000","","0","","1","N","2026-06-16 15:43:39","2026-06-16 15:43:39","2026-06-16 15:43:39",""
"24711","전기료 폭등에 제조업 ‘비상’…전기로 효율 높이는 기술 개발","","전기료 폭등에 제조업 비상 전기로 효율 높이는 기술 개발","42001","","0","","1","N","2026-06-16 15:43:39","2026-06-16 15:43:39","2026-06-16 15:43:39",""
"24712","포스코퓨처엠, '세계 헌혈자의 날' 대한적십자사 표창 유공자 배출","","포스코퓨처엠 세계 헌혈자의 날 대한적십자사 표창 유공자 배출","42002","","0","","1","N","2026-06-16 15:43:39","2026-06-16 15:43:39","2026-06-16 15:43:39",""
"24713","[사설] 지표 착시 속 퇴보 경북 2대 경제 축, 자립형 산업 생태계 구축 ...","","사설 지표 착시 속 퇴보 경북 2대 경제 축 자립형 산업 생태계 구축","42004","","0","2차전지","1","N","2026-06-16 15:43:39","2026-06-16 15:43:39","2026-06-16 15:43:39",""
"24714","포스코그룹, 생명나눔 실천 빛났다…대한적십자사 회장 표창 잇따라","포스코퓨처엠 강병진 사원이 지난 13일 '세계 헌혈자의 날(6월 14일)'을 맞이해 생명나눔 운동에 적극 동참하고 헌혈문화 확산에 기여한 공로를 인정받아 대한적십자사 회장 표창을 받았다. 강 사원은 2000년부터 26년간...","포스코그룹 생명나눔 실천 빛났다 대한적십자사 회장 표창 잇따라","42006","","0","","1","N","2026-06-16 15:43:40","2026-06-16 15:43:40","2026-06-16 15:43:40",""
"24715","케이로드로보틱스, 전력 소모 50% 줄인 ‘레이저 연속식 전기로’ 개발...","이에 따라 포스코퓨처엠, KAIST 등 국내 최고 수준의 산학연 7개 기관과 컨소시엄을 구성해, 총 167억 1,700만 원 규모의 ‘이차전지 음극재용 인조흑연 생산 에너지 저감 고효율 연속 전기로 시스템 개발’ 과제를 이끈다....","케이로드로보틱스 전력 소모 50 줄인 레이저 연속식 전기로 개발","42007","","0","","1","N","2026-06-16 15:43:40","2026-06-16 15:43:40","2026-06-16 15:43:40",""
"24716","케이로드로보틱스, 167억 규모 인조흑연 에너지 저감 국책과제 주관기관...","이번 과제에는 포스코퓨처엠을 비롯해 KAIST, 한국기계연구원, UNIST, 한국화학융합시험연구원 등 산학연 기관이 참여한다. 수요기업으로 참여하는 포스코퓨처엠과는 향후 실증 및 양산 적용 가능성을 검토할 예정이다....","케이로드로보틱스 167억 규모 인조흑연 에너지 저감 국책과제 주관기관","42008","","0","화학","1","N","2026-06-16 15:43:40","2026-06-16 15:43:40","2026-06-16 15:43:40",""
"24717","LG엔솔 김동명 CEO, 배터리 혁신 인재 찾아 미국행","이상영 교수는 올해부터 포스코퓨처엠 사외이사로 활동하는 등 국내 배터리 업계에서 목소리를 내고 있는 대표적인 석학이다. 초청 인재들의 포스터 발표와 자유 네트워킹 세션도 이어졌다. 참석자들은 상호 연구...","lg엔솔 김동명 ceo 배터리 혁신 인재 찾아 미국행","42009","","0","","1","N","2026-06-16 15:43:40","2026-06-16 15:43:40","2026-06-16 15:43:40",""
"24718","에코프로·LG에너지솔루션·포스코퓨처엠 강세…리튬주 전반 상승세","이날 시장에서는 에코프로가 4%대 상승세를 기록했고, LG에너지솔루션과 POSCO홀딩스, 포스코퓨처엠도 나란히 강세를 나타냈다. 후성과 리튬포어스, 하이드로리튬, 강원에너지 등 리튬 관련 종목들도 상승 흐름에 동참했다....","에코프로 lg에너지솔루션 포스코퓨처엠 강세 리튬주 전반 상승세","42010","","0","","1","N","2026-06-16 15:43:40","2026-06-16 15:43:40","2026-06-16 15:43:40",""
"24719","이차전지 미래 밝힐 꿈나무의 산실, ‘2026 K-배터리 청소년 아카데미’...","영일만·블루밸리 산단 일대가 국가 첨단전략산업 이차전지 특화단지로 지정된 데다 포스코퓨처엠, 에코프로 등 글로벌 앵커 기업과 포스텍 등 명문 교육·연구 기관이 밀집해 있다. ● 일정: 7월 1∼31일(온라인...","이차전지 미래 밝힐 꿈나무의 산실 2026 k 배터리 청소년 아카데미","42011","","0","","1","N","2026-06-16 15:43:40","2026-06-16 15:43:40","2026-06-16 15:43:40",""
"24720","""출장 가서도 헌혈부터… 아들에게도 추천"" 313회 헌혈한 직장인의 사연","""헌혈 때문에 좋아했던 야식도 멀리합니다."" 전남 광양 포스코퓨처엠 양극재 공장 사원 강병진(43)씨의 주말 필수 일정은 헌혈이다. 강씨는 지난 9일 본보와의 인터뷰에서 ""2주마다 헌혈의 집에 간다""며 ""주말은 헌혈로...","출장 가서도 헌혈부터 아들에게도 추천 313회 헌혈한 직장인의 사연","42012","","0","","1","N","2026-06-16 15:43:40","2026-06-16 15:43:40","2026-06-16 15:43:40",""
"24721","배터리 캐즘에도…“無水수산화리튬 생산량 3배 늘릴 것”","강원에너지는 에코프로, 포스코퓨처엠 등 주요 양극재 업체에 생산 설비를 공급하며 무수수산화리튬 공정 기술을 확보했다. 신 대표는 “무수수산화리튬 생산은 건조·분쇄·분급 등 양극재 공정과 겹치는 부분이...","배터리 캐즘에도 수산화리튬 생산량 3배 늘릴 것","42013","","0","","1","N","2026-06-16 15:43:40","2026-06-16 15:43:40","2026-06-16 15:43:40",""
"24722","'구원투수' ESS·휴머노이드 등판 … K배터리株 다시 뛴다","이 밖에도 엘앤에프, 양극재 업체 에코프로비엠과 포스코퓨처엠, 동박 업체 SKC 등 다양한 소재 기업들이 국내 배터리 밸류체인을 구성하고 있다. ◆ LG엔솔 2분기 흑자 전환 기대 최근 증권가에서는 배터리 업종...","구원투수 ess 휴머노이드 등판 k배터리 다시 뛴다","42014","","0","","1","N","2026-06-16 15:43:40","2026-06-16 15:43:40","2026-06-16 15:43:40",""
"24723","[무너지는 포항 경제] 지역 이끌던 철강·2차전지 동력 뚝…인구 줄고 ...","에코프로 5조원, 포스코퓨처엠 4조원 등 대부분 2차전지에 치중된 투자는 전기차 캐즘과 맞물려 이렇다 할 수익이나 고용세수가 지역에 적용되진 않았다. 포항상의 한 관계자는 ""철강업과 2차전지 산업이 시너지...","무너지는 포항 경제 지역 이끌던 철강 2차전지 동력 뚝 인구 줄고","42015","","0","2차전지,철강","1","N","2026-06-16 15:43:40","2026-06-16 15:43:40","2026-06-16 15:43:40",""
"24724","[호르무즈 보험전쟁⑨] '평화의 봄' 오나…선박보험계는 여전히 냉랭","","호르무즈 보험전쟁 평화의 봄 오나 선박보험계는 여전히 냉랭","42016","","0","조선","1","N","2026-06-16 15:43:40","2026-06-16 15:43:40","2026-06-16 15:43:40",""
"24725","생명보험주 동반 강세…미래에셋생명 14% 급등에 업종 주목","","생명보험주 동반 강세 미래에셋생명 14 급등에 업종 주목","42017","","0","금융","1","N","2026-06-16 15:43:40","2026-06-16 15:43:40","2026-06-16 15:43:40",""
"24726","코리안리 해외사업 '온기'…미국 손실 축소에 수익 안정","","코리안리 해외사업 온기 미국 손실 축소에 수익 안정","42018","","0","","1","N","2026-06-16 15:43:40","2026-06-16 15:43:40","2026-06-16 15:43:40",""
"24727","3달만에 3.7조원 늘어난 보험사 '해약환급금준비금'…배당·건전성 발목","","3달만에 3 7조원 늘어난 보험사 해약환급금준비금 배당 건전성 발목","42019","","0","","1","N","2026-06-16 15:43:41","2026-06-16 15:43:41","2026-06-16 15:43:41",""
"24728","[기획특집] 살기좋은 경북 (100) 영주시 봉현면","","기획특집 살기좋은 경북 100 영주시 봉현면","42020","","0","","1","N","2026-06-16 15:43:41","2026-06-16 15:43:41","2026-06-16 15:43:41",""
"24729","교실 악순환 끊을 열쇠…강삼영 ""교사 자존감 회복이 출발점""","","교실 악순환 끊을 열쇠 강삼영 교사 자존감 회복이 출발점","42021","","0","","1","N","2026-06-16 15:43:41","2026-06-16 15:43:41","2026-06-16 15:43:41",""
"24730","[2026 교육감터뷰] 지역소멸 시대 '학력 승부수'…강삼영 ""강원교육 새 ...","","2026 교육감터뷰 지역소멸 시대 학력 승부수 강삼영 강원교육 새","42022","","0","","1","N","2026-06-16 15:43:41","2026-06-16 15:43:41","2026-06-16 15:43:41",""
"24731","[경영레이다] 삼영전자 주총 표 대결, 법정 2라운드로…차파트너스 '절...","","경영레이다 삼영전자 주총 표 대결 법정 2라운드로 차파트너스 절","42023","","0","코스피","1","N","2026-06-16 15:43:41","2026-06-16 15:43:41","2026-06-16 15:43:41",""
"24732","‘Cool·쿨’…가구·침구업계 ‘냉감 경쟁’","","cool 쿨 가구 침구업계 냉감 경쟁","42024","","0","","1","N","2026-06-16 15:43:41","2026-06-16 15:43:41","2026-06-16 15:43:41",""
"24733","""원자재 가격 폭등""... 씰리침대 등 가구업계 제품가격 인상 분위기","","원자재 가격 폭등 씰리침대 등 가구업계 제품가격 인상 분위기","42025","","0","","1","N","2026-06-16 15:43:41","2026-06-16 15:43:41","2026-06-16 15:43:41",""
"24734","[단독]씰리침대, 전 품목 8% 인상…6개월 만에 추가 조정","","단독 씰리침대 전 품목 8 인상 6개월 만에 추가 조정","42026","","0","","1","N","2026-06-16 15:43:41","2026-06-16 15:43:41","2026-06-16 15:43:41",""
"24735","때 이른 더위에 냉감 침구 판매 증가","","때 이른 더위에 냉감 침구 판매 증가","42027","","0","","1","N","2026-06-16 15:43:41","2026-06-16 15:43:41","2026-06-16 15:43:41",""
"24736","충남경찰청, ‘공공기관 실적 조작’ 고발 사건 부실 수사 논란에 감찰...","","충남경찰청 공공기관 실적 조작 고발 사건 부실 수사 논란에 감찰","42028","","0","","1","N","2026-06-16 15:43:42","2026-06-16 15:43:42","2026-06-16 15:43:42",""
"24737","충남 어업인들, 폐어구 1964t 수거한다…어선 681척 투입","","충남 어업인들 폐어구 1964t 수거한다 어선 681척 투입","42029","","0","","1","N","2026-06-16 15:43:42","2026-06-16 15:43:42","2026-06-16 15:43:42",""
"24738","보령 대영루, 지역 어르신 120명 초청 짜장면 무료 대접","","보령 대영루 지역 어르신 120명 초청 짜장면 무료 대접","42030","","0","","1","N","2026-06-16 15:43:42","2026-06-16 15:43:42","2026-06-16 15:43:42",""
"24739","충남 어업인, 폐어구 수거 앞장","","충남 어업인 폐어구 수거 앞장","42031","","0","","4","N","2026-06-16 15:43:42","2026-06-16 15:43:58","2026-06-16 15:43:42","2026-06-16 15:43:42"
"24740","충남도, 폐어구 수거사업 참여 어업인단체 13곳 선정","","충남도 폐어구 수거사업 참여 어업인단체 13곳 선정","42033","","0","","2","N","2026-06-16 15:43:42","2026-06-16 15:43:58","2026-06-16 15:43:42",""
"24741","부여여중, 2026 상상이룸 나눔마당서 울림과 창의","","부여여중 2026 상상이룸 나눔마당서 울림과 창의","42034","","0","","1","N","2026-06-16 15:43:42","2026-06-16 15:43:42","2026-06-16 15:43:42",""
"24742","보령시, 범죄 취약지역에 태양광 LED 도로명판 설치","","보령시 범죄 취약지역에 태양광 led 도로명판 설치","42035","","0","","2","N","2026-06-16 15:43:42","2026-06-16 15:43:42","2026-06-16 15:43:42","2026-06-16 15:43:42"
"24743","장르의 경계를 허물다… 모산조형미술관, '공기해열ㅁ' 4인전","","장르의 경계를 허물다 모산조형미술관 공기해열 4인전","42036","","0","","1","N","2026-06-16 15:43:42","2026-06-16 15:43:42","2026-06-16 15:43:42",""
"24744","보령교육지원청, 장애학생 취업의 길 넓힌다","","보령교육지원청 장애학생 취업의 길 넓힌다","42038","","0","","1","N","2026-06-16 15:43:42","2026-06-16 15:43:42","2026-06-16 15:43:42",""
"24745","금강유역환경청, 보령호 녹조 현장점검","▲ 금강유역환경청 제공 금강유역환경청이 충남 보령호의 먹는 물 안전 확보에 나섰다. 마재정 금강환경청장은 보령호를 찾아 대책 마련을 위한 녹조 대응 상황을 점검했다. 보령호 취수탑 주변의 녹조발생 현황을...","금강유역환경청 보령호 녹조 현장점검","42041","","0","","1","N","2026-06-16 15:43:42","2026-06-16 15:43:42","2026-06-16 15:43:42",""
"24746","보령시, 어린이 맞춤형 '구강보건 뮤지컬' 공연 성료","이빨이 빠졌어요' (사진제공= 보령시보건소) 충남 보령시는 제81회 구강보건의 날(6월 9일)을 맞아 16일 보령문화예술회관에서 관내 어린이집 및 유치원 어린이 600여 명을 대상으로 어린이 구강건강 인형극 '사자님! 이빨이...","보령시 어린이 맞춤형 구강보건 뮤지컬 공연 성료","42042","","0","","1","N","2026-06-16 15:43:43","2026-06-16 15:43:43","2026-06-16 15:43:43",""
"24747","울진예술제, 문화 불모지에서 예향의 도시로 변화","충남 보령예총과의 교류 공연도 함께 열렸다. 김경하 울진예총 지회장은 문화예술이 도시 매력을 결정하는 자산이라며 이번 성과를 바탕으로 예향 울진 브랜드를 정립하겠다고 밝혔다.","울진예술제 문화 불모지에서 예향의 도시로 변화","42043","","0","","1","N","2026-06-16 15:43:43","2026-06-16 15:43:43","2026-06-16 15:43:43",""
"24748","공주교육대, 2026 상상이룸 나눔마당(4권역) AI꿈놀이터 체험 운영","'상상 이음, 꿈의 피움'과 '펼치는 상상, 별이 되는 우리의 꿈'이 주제로 부여·보령·서천 지역 학생과... 이 밖에 '피지컬 AI 우리 지역 특산품 분류하기' 부스에서 부여, 보령, 서천 지역의 대표 특산품을 활용해...","공주교육대 2026 상상이룸 나눔마당 4권역 ai꿈놀이터 체험 운영","42044","","0","","1","N","2026-06-16 15:43:43","2026-06-16 15:43:43","2026-06-16 15:43:43",""
"24749","[동정] 김동일 보령시장, 만세보령장학회 장학기금 전달식","김동일 보령시장. 김동일 충남 보령시장은 17일 오전 10시 시장실에서 진행되는 만세보령장학회 장학기금 전달식에 참석.","동정 김동일 보령시장 만세보령장학회 장학기금 전달식","42045","","0","","1","N","2026-06-16 15:43:43","2026-06-16 15:43:43","2026-06-16 15:43:43",""
"24750","보령교육지원청, 특수교육 진로·직업 협의회 개최","충남 보령교육지원청이 장애학생의 진로·직업교육 지원 강화를 위해 지역사회 유관기관과 협력체계 구축에 나섰다. 보령교육지원청은 지난 15일 특수교육지원센터 연수실에서 특수교육 진로·직업 유관기관 협의체...","보령교육지원청 특수교육 진로 직업 협의회 개최","42048","","0","","1","N","2026-06-16 15:43:43","2026-06-16 15:43:43","2026-06-16 15:43:43",""
"24751","박수현 충남지사 당선인 ""외화내빈 경제 구조 극복해야""","계속해서 박 당선인은 ""보령·당진·태안의 대규모 발전시설은 대한민국 전력 공급의 핵심 축이고, 멜론·오이·토마토·들깨·양송이·구기자 등 다수의 농산물도 전국 생산량 1위를 차지하고 있다""며 ""인구 순유입도...","박수현 충남지사 당선인 외화내빈 경제 구조 극복해야","42049","","0","","1","N","2026-06-16 15:43:43","2026-06-16 15:43:43","2026-06-16 15:43:43",""
"24752","[단독] 하나투어 장기보유 대비하는 IMM…‘집행임원제’ 도입","","단독 하나투어 장기보유 대비하는 imm 집행임원제 도입","42050","","0","","1","N","2026-06-16 15:43:43","2026-06-16 15:43:43","2026-06-16 15:43:43",""
"24753","[유통/식음료] 남양유업 윤리경영 CP 지원기업 선정 / 롯데칠성음료 국...","","유통 식음료 남양유업 윤리경영 cp 지원기업 선정 롯데칠성음료 국","42051","","0","","6","N","2026-06-16 15:43:43","2026-06-16 15:43:59","2026-06-16 15:43:43","2026-06-16 15:43:45"
"24754","""우유 안 마시는 시대, 원유 쿼터는 그대로""","","우유 안 마시는 시대 원유 쿼터는 그대로","42052","","0","유가","1","N","2026-06-16 15:43:43","2026-06-16 15:43:43","2026-06-16 15:43:43",""
"24755","흑자 전환·지배구조 개편 남양유업, 권익위 ‘윤리경영 CP’ 10개사에 선...","","흑자 전환 지배구조 개편 남양유업 권익위 윤리경영 cp 10개사에 선","42053","","0","","1","N","2026-06-16 15:43:43","2026-06-16 15:43:43","2026-06-16 15:43:43",""
"24756","남양유업, 권익위 '윤리경영 지원사업' 선정…동아오츠카, 부산·대구서...","","남양유업 권익위 윤리경영 지원사업 선정 동아오츠카 부산 대구서","42054","","0","","7","N","2026-06-16 15:43:43","2026-06-16 15:43:45","2026-06-16 15:43:43","2026-06-16 15:43:45"
"24757","오너경영 뗀 남양유업 '청렴 DNA' 심는다 : 국민권익위 '윤리경영 프로...","","오너경영 뗀 남양유업 청렴 dna 심는다 국민권익위 윤리경영 프로","42056","","0","","1","N","2026-06-16 15:43:43","2026-06-16 15:43:43","2026-06-16 15:43:43",""
"24758","[더벨][매일유업 체질전환] 현금 3000억 육박…재무 안정성에 방점","","더벨 매일유업 체질전환 현금 3000억 육박 재무 안정성에 방점","42058","","0","","1","N","2026-06-16 15:43:44","2026-06-16 15:43:44","2026-06-16 15:43:44",""
"24759","경영쇄신 2년차 남양유업... 권익위 윤리경영 컨설팅 받는다","","경영쇄신 2년차 남양유업 권익위 윤리경영 컨설팅 받는다","42060","","0","","2","N","2026-06-16 15:43:44","2026-06-16 15:43:45","2026-06-16 15:43:44","2026-06-16 15:43:45"
"24760","[유아동브랜드 트렌드] 부가부, 콩제슬래드와 두 번째 협업 '체리 컬렉...","","유아동브랜드 트렌드 부가부 콩제슬래드와 두 번째 협업 체리 컬렉","42061","","0","","1","N","2026-06-16 15:43:44","2026-06-16 15:43:44","2026-06-16 15:43:44",""
"24761","""8000억 시장되자, 고함량서 원료로""…식품업계, 단백질 영토 확장 나선...","","8000억 시장되자 고함량서 원료로 식품업계 단백질 영토 확장 나선","42063","","0","음식료","1","N","2026-06-16 15:43:44","2026-06-16 15:43:44","2026-06-16 15:43:44",""
"24762","시몬스·외식·플랫폼 업계, 일상 속 ESG 접점 강화","","시몬스 외식 플랫폼 업계 일상 속 esg 접점 강화","42064","","0","","1","N","2026-06-16 15:43:44","2026-06-16 15:43:44","2026-06-16 15:43:44",""
"24763","우유 안 팔리고 수입산 밀려온다…유업계, 글로벌·B2B로 돌파구","","우유 안 팔리고 수입산 밀려온다 유업계 글로벌 b2b로 돌파구","42065","","0","유가","1","N","2026-06-16 15:43:44","2026-06-16 15:43:44","2026-06-16 15:43:44",""
"24764","[POP!유통가] 롯데리아, 서울경찰청과 어린이 교통안전 문화 확산 협약...","","pop 유통가 롯데리아 서울경찰청과 어린이 교통안전 문화 확산 협약","42066","","0","","2","N","2026-06-16 15:43:44","2026-06-16 15:43:59","2026-06-16 15:43:44",""
"24765","""신상 자가비 여기 있네""…편의점 제치고 테스트베드된 '올다무'","","신상 자가비 여기 있네 편의점 제치고 테스트베드된 올다무","42067","","0","음식료","1","N","2026-06-16 15:43:44","2026-06-16 15:43:44","2026-06-16 15:43:44",""
"24766","""빙수도 1인용 시대"" 여름 카페 시장 달구는 '컵빙수' 경쟁","","빙수도 1인용 시대 여름 카페 시장 달구는 컵빙수 경쟁","42068","","0","","1","N","2026-06-16 15:43:44","2026-06-16 15:43:44","2026-06-16 15:43:44",""
"24767","남양유업, 권익위 윤리경영 자율준수 프로그램 선정…준법·윤리경영 강...","","남양유업 권익위 윤리경영 자율준수 프로그램 선정 준법 윤리경영 강","42071","","0","","1","N","2026-06-16 15:43:44","2026-06-16 15:43:44","2026-06-16 15:43:44",""
"24768","ESG 경영 강화 나선 유통업계…지속가능 성장 모색","","esg 경영 강화 나선 유통업계 지속가능 성장 모색","42072","","0","","1","N","2026-06-16 15:43:44","2026-06-16 15:43:44","2026-06-16 15:43:44",""
"24769","던킨 CJ제일제당 현대백 外(유통家 이모저모)","","던킨 cj제일제당 현대백 유통 이모저모","42075","","0","","1","N","2026-06-16 15:43:45","2026-06-16 15:43:45","2026-06-16 15:43:45",""
"24770","[오늘의식탁] 롯데웰푸드ㆍ대상ㆍ풀무원샘물ㆍ농심ㆍ남양유업ㆍ오뚜기...","","오늘의식탁 롯데웰푸드 대상 풀무원샘물 농심 남양유업 오뚜기","42078","","0","","1","N","2026-06-16 15:43:45","2026-06-16 15:43:45","2026-06-16 15:43:45",""
"24771","동원F&B, 진천에 수산 단백질·냉동식품 수출 거점 구축","고단백 제품과 해외 생산·수출 기반을 강화하고 있다. CJ제일제당은 비비고 만두와 냉동 간편식의 해외 생산시설을 확대하고 있으며, 대상과 사조대림도 어묵·맛살과 냉동식품을 중심으로 수출 제품군을 넓히고 있다.","동원f b 진천에 수산 단백질 냉동식품 수출 거점 구축","42080","","0","음식료","1","N","2026-06-16 15:43:45","2026-06-16 15:43:45","2026-06-16 15:43:45",""
"24772","[창간20주년 기획] 스노보드로 주목받은 롯데 ESG, 사회공헌·친환경까지...","","창간20주년 기획 스노보드로 주목받은 롯데 esg 사회공헌 친환경까지","42081","","0","화학,조선","1","N","2026-06-16 15:43:45","2026-06-16 15:43:45","2026-06-16 15:43:45",""
"24773","[특징주] 트럼프 김정은 사진에 남북경협주 급등","","특징주 트럼프 김정은 사진에 남북경협주 급등","42082","","0","화학","1","N","2026-06-16 15:43:45","2026-06-16 15:43:45","2026-06-16 15:43:45",""
"24774","경북도, 제23회 가정위탁의 날 기념식 개최","","경북도 제23회 가정위탁의 날 기념식 개최","42083","","0","철강","1","N","2026-06-16 15:43:45","2026-06-16 15:43:45","2026-06-16 15:43:45",""
"24775","지노위 ""하청 조리·경비원도 원청과 교섭""…현대차 노란봉투법으로 첫...","","지노위 하청 조리 경비원도 원청과 교섭 현대차 노란봉투법으로 첫","42084","","0","조선,철강","2","N","2026-06-16 15:43:45","2026-06-16 15:43:46","2026-06-16 15:43:45","2026-06-16 15:43:46"
"24776","현대제철 양궁팀, 회장기 휩쓸었다…전국체전 기대감","","현대제철 양궁팀 회장기 휩쓸었다 전국체전 기대감","42085","","0","철강","1","N","2026-06-16 15:43:45","2026-06-16 15:43:45","2026-06-16 15:43:45",""
"24777","협력사 8500곳 현대차 사용자성 인정…제조업 전체 몰아친다","기아 노조는 최근 현대차와 현대모비스, 현대위아, 현대트랜시스, 현대제철, 현대글로비스 등 현대차그룹 계열사 노조 38곳에 ‘2026년 투쟁 승리를 위한 그룹사 노동조합 10만 투쟁’ 추진 공문을 보낸 뒤 1차 회의를 연...","협력사 8500곳 현대차 사용자성 인정 제조업 전체 몰아친다","42089","","0","조선,철강,자동차","5","N","2026-06-16 15:43:46","2026-06-16 15:43:46","2026-06-16 15:43:46","2026-06-16 15:43:46"
"24778","포스코·현대제철 수소 제철, 속도 2배 빨라진다","포스코가 독자 개발 중인 수소 환원 제철 기술 '하이렉스(HyREX)'와 현대제철의 미국 루이지애나 수소 대응 제철소 계획이 맞물리는 시점에 나온 연구여서, 국내 철강업계의 그린 스틸 전환 비용과 시점에 영향을 줄 수...","포스코 현대제철 수소 제철 속도 2배 빨라진다","42091","","0","철강","2","N","2026-06-16 15:43:46","2026-06-16 15:43:46","2026-06-16 15:43:46","2026-06-16 15:43:46"
"24779","보안·조리 간접업무까지 원청 교섭…'교섭 대란'에 빠진 기업들","특히 현대차를 필두로 현대제철, 현대모비스, 현대글로비스, 현대위아 등 그룹사 전반으로 하청 노조의 교섭 요구가 힘을 얻을 것으로 예상된다. 중앙노동위원회도 금속노조가 한화오션을 상대로 제기한 교섭요구 노조...","보안 조리 간접업무까지 원청 교섭 교섭 대란 에 빠진 기업들","42093","","0","조선,철강","1","N","2026-06-16 15:43:46","2026-06-16 15:43:46","2026-06-16 15:43:46",""
"24780","中 인프라·부동산 건설 붐 종말…원자재 슈퍼사이클 끝나나","","인프라 부동산 건설 붐 종말 원자재 슈퍼사이클 끝나나","42100","","0","건설","1","N","2026-06-16 15:43:46","2026-06-16 15:43:46","2026-06-16 15:43:46",""
"24781","제주지역경제교육센터, 신흥2리 경로당서 '우리는 New-Senior' 운영","","제주지역경제교육센터 신흥2리 경로당서 우리는 new senior 운영","42101","","0","금융","1","N","2026-06-16 15:43:46","2026-06-16 15:43:46","2026-06-16 15:43:46",""
"24782","포항 신흥중, 새학년 100일 축하 사제동행 행사 개최","","포항 신흥중 새학년 100일 축하 사제동행 행사 개최","42102","","0","","2","N","2026-06-16 15:43:46","2026-06-16 15:43:47","2026-06-16 15:43:46","2026-06-16 15:43:47"
"24783","부산 스타트업 5社, 몽골 정부와 ‘ODA 연계’ 해외진출 시동","","부산 스타트업 5 몽골 정부와 oda 연계 해외진출 시동","42103","","0","","1","N","2026-06-16 15:43:47","2026-06-16 15:43:47","2026-06-16 15:43:47",""
"24784","“‘거제 야호’ 리센느 세계로”…‘중소돌’ 10팀 글로벌 활동 팍팍 ...","","거제 야호 리센느 세계로 중소돌 10팀 글로벌 활동 팍팍","42105","","0","","1","N","2026-06-16 15:43:47","2026-06-16 15:43:47","2026-06-16 15:43:47",""
"24785","일본 금리 1% 시대…부산 경제계 ""엔화 강세·해운시장 변화 주목""","미국이나 신흥국 시장에서 일부 회수될 경우 글로벌 금융시장의 변동성이 확대될 수 있다""고 말했다. 다만 ""약간의 차이로는 자금이 크게 움직이지는 않을 수 있다""며 ""미국-이란 전쟁이 마무리되고 있는 만큼 추가적인...","일본 금리 1 시대 부산 경제계 엔화 강세 해운시장 변화 주목","42108","","0","금융,금리,조선","1","N","2026-06-16 15:43:47","2026-06-16 15:43:47","2026-06-16 15:43:47",""
"24786","[단독] KB부동산신탁, 인천물류센터 1500억대 피소","KB부동산신탁은 2019년 시행사 굿윌로지스와 선매매 양해각서(MOU)를 체결하고 2020년 인천 중구 신흥동 3가 인천항 남항 배후 준공업지역에 지하 1층~지상 8층, 연면적 16만4519㎡ 규모의 상온·저온 복합물류센터를...","단독 kb부동산신탁 인천물류센터 1500억대 피소","42109","","0","","1","N","2026-06-16 15:43:47","2026-06-16 15:43:47","2026-06-16 15:43:47",""
"24787","제주 동백마을·일본 미야마, 주민 주도 농촌관광 모델 만든다","제주관광공사는 지난 15일 일본 교토 난탄시 미야마에서 제주 서귀포시 남원읍 신흥2리 동백마을과 미야마 그리고 제주관광공사 간 '최우수관광마을 인증 이후 지속 가능한 농촌관광 공동 실천'을 위한 업무협약을...","제주 동백마을 일본 미야마 주민 주도 농촌관광 모델 만든다","42110","","0","","1","N","2026-06-16 15:43:47","2026-06-16 15:43:47","2026-06-16 15:43:47",""
"24788","건설기계 팽창의 숨은 주역… 스페코, 초정밀 산업 설비 기술력 부각","최근 에티오피아 도로청과 약 46억 원 규모의 아스팔트 배처플랜트 공급 계약을 체결하는 등 아시아와 중동을 넘어 아프리카 신흥국 시장까지 공급 영토를 성공적으로 넓혀가고 있다. 강점은 폐아스콘을 재활용해 원가를...","건설기계 팽창의 숨은 주역 스페코 초정밀 산업 설비 기술력 부각","42111","","0","건설,기계","1","N","2026-06-16 15:43:47","2026-06-16 15:43:47","2026-06-16 15:43:47",""
"24789","특구재단, 국제 사회에 K-혁신 클러스터 '연구개발특구' 알렸다","이번 총회 기간에는 신흥기술의 발전과 산업 확산을 뒷받침하는 혁신 생태계 정책을 논의하기 위해 'Orchestrating Uncertainty : Frontier Tech Ecosystem Policy in Practice'를 주제로 특별 세미나가 마련됐다. 특구...","특구재단 국제 사회에 k 혁신 클러스터 연구개발특구 알렸다","42112","","0","","1","N","2026-06-16 15:43:47","2026-06-16 15:43:47","2026-06-16 15:43:47",""
"24790","성남시, 수진1 재개발 관리처분인가…5060세대 대단지 조성","수진1구역은 신흥1·신흥3·수진2구역 등과 함께 성남 원도심 재정비 사업의 핵심 입지로 사업이 완료되면 5000세대가 넘는 대규모 주거단지가 들어서 원도심 인구 유입과 지역경제 활성화, 주택 공급 확대에도 긍정적...","성남시 수진1 재개발 관리처분인가 5060세대 대단지 조성","42113","","0","","1","N","2026-06-16 15:43:47","2026-06-16 15:43:47","2026-06-16 15:43:47",""
"24791","한국석유, 고려대와 인재양성 협력…발전기금 2억5000만원 기부","","한국석유 고려대와 인재양성 협력 발전기금 2억5000만원 기부","42114","","0","","1","N","2026-06-16 15:43:47","2026-06-16 15:43:47","2026-06-16 15:43:47",""
"24792","""ESG 인재 키운다""… 한국석유공업, 고려대에 2억5000만원 통 큰 기부","고려대(총장 김동원)가 6월 16일 오전 11시 본관 제1회의실에서 한국석유공업(대표이사 강승모/송상호)의 지속가능원 체인지메이커스 운영기금 및 경영대학 발전기금 2억 5천만원 기부협약식을 열었다. 이번 기부는...","esg 인재 키운다 한국석유공업 고려대에 2억5000만원 통 큰 기부","42115","","0","","2","N","2026-06-16 15:43:47","2026-06-16 15:43:47","2026-06-16 15:43:47","2026-06-16 15:43:47"
"24793","[6월 21일] 동방정사의 오늘의 운세","","6월 21일 동방정사의 오늘의 운세","42117","","0","","1","N","2026-06-16 15:43:47","2026-06-16 15:43:47","2026-06-16 15:43:47",""
"24794","단꿈아이, ‘설민석의 세계사 대모험 29’ 출간","설쌤의 추리를 바탕으로 성물의 주인을 찾기 위해 네덜란드 암스테르담에 도착한 원정대는 동방으로 향한다는 한 청년을 만나게 된다. 그러나 청년은 돌연 성물을 훔쳐 달아나고, 원정대는 사건의 진상을 밝히기 위해...","단꿈아이 설민석의 세계사 대모험 29 출간","42118","","0","","3","N","2026-06-16 15:43:47","2026-06-16 15:43:48","2026-06-16 15:43:47","2026-06-16 15:43:48"
"24795","""학교 안 모든 노동자에 대한 폭염 보호대책 마련하라""","","학교 안 모든 노동자에 대한 폭염 보호대책 마련하라","42119","","0","","1","N","2026-06-16 15:43:47","2026-06-16 15:43:47","2026-06-16 15:43:47",""
"24796","허권수의 한자로 보는 세상 (1131) 율기과과(律己寡過)","","허권수의 한자로 보는 세상 1131 율기과과","42120","","0","","1","N","2026-06-16 15:43:47","2026-06-16 15:43:47","2026-06-16 15:43:47",""
"24797","우크라이나 천년 수도원 공격받아 10명 사망·유네스코 유산 심각 훼손","","우크라이나 천년 수도원 공격받아 10명 사망 유네스코 유산 심각 훼손","42121","","0","","1","N","2026-06-16 15:43:47","2026-06-16 15:43:47","2026-06-16 15:43:47",""
"24798","기빙트리 네트워크, 네팔 룸비니 휴먼스쿨 ‘교육-경제자립 통합 프로그...","","기빙트리 네트워크 네팔 룸비니 휴먼스쿨 교육 경제자립 통합 프로그","42122","","0","","1","N","2026-06-16 15:43:47","2026-06-16 15:43:47","2026-06-16 15:43:47",""
"24799","남해어업관리단, 고흥 해상서 '새우사각틀망' 불법조업 어선 검거","","남해어업관리단 고흥 해상서 새우사각틀망 불법조업 어선 검거","42124","","0","","1","N","2026-06-16 15:43:47","2026-06-16 15:43:47","2026-06-16 15:43:47",""
"24800","[이은진의 ‘에스파냐 이야기’] (47회) 스페인 사람들의 삶이 흐르는 공...","","이은진의 에스파냐 이야기 47회 스페인 사람들의 삶이 흐르는 공","42125","","0","","1","N","2026-06-16 15:43:47","2026-06-16 15:43:47","2026-06-16 15:43:47",""
"24801","보기만 해도 배부른 풍년 부르는 나무 [천연기념물 나무 김해 천곡리 이...","","보기만 해도 배부른 풍년 부르는 나무 천연기념물 나무 김해 천곡리 이","42126","","0","","1","N","2026-06-16 15:43:47","2026-06-16 15:43:47","2026-06-16 15:43:47",""
"24802","[민병두의 job史 (30)] 바다를 지휘한 사람들 — 고대 해군과 나우아르쿠...","","민병두의 job 30 바다를 지휘한 사람들 고대 해군과 나우아르쿠","42127","","0","","1","N","2026-06-16 15:43:47","2026-06-16 15:43:47","2026-06-16 15:43:47",""
"24803","아시리아 점토판, 몽골 비석 두 언어… 인류가 다른 세계를 이해한 방식...","","아시리아 점토판 몽골 비석 두 언어 인류가 다른 세계를 이해한 방식","42128","","0","","1","N","2026-06-16 15:43:47","2026-06-16 15:43:47","2026-06-16 15:43:47",""
"24804","""러 공습에 유네스코 유산 우크라 수도원 손상""…문화시설 큰 피해(종합...","","러 공습에 유네스코 유산 우크라 수도원 손상 문화시설 큰 피해 종합","42130","","0","","2","N","2026-06-16 15:43:47","2026-06-16 15:43:47","2026-06-16 15:43:47","2026-06-16 15:43:47"
"24805","세계문화유산도 폭격 맞아…러 맹공에 우크라 최소 9명 숨져","","세계문화유산도 폭격 맞아 러 맹공에 우크라 최소 9명 숨져","42132","","0","","1","N","2026-06-16 15:43:47","2026-06-16 15:43:47","2026-06-16 15:43:47",""
"24806","우크라 전역에 러시아 대규모 공습…세계문화유산 수도원 화재, 4명 사망","","우크라 전역에 러시아 대규모 공습 세계문화유산 수도원 화재 4명 사망","42133","","0","","2","N","2026-06-16 15:43:47","2026-06-16 15:43:47","2026-06-16 15:43:47","2026-06-16 15:43:47"
"24807","욕망의 이중 구조를 드러내는 알레고리 서사","","욕망의 이중 구조를 드러내는 알레고리 서사","42134","","0","","1","N","2026-06-16 15:43:47","2026-06-16 15:43:47","2026-06-16 15:43:47",""
"24808","[김명옥의 동아시아 신화에서 역사로] 중원의 동이족 국가들 (1) 서국과...","","김명옥의 동아시아 신화에서 역사로 중원의 동이족 국가들 1 서국과","42136","","0","","1","N","2026-06-16 15:43:48","2026-06-16 15:43:48","2026-06-16 15:43:48",""
"24809","말레이시아 공무원, 한국 인공지능 기반 행정혁신 정책 배운다","","말레이시아 공무원 한국 인공지능 기반 행정혁신 정책 배운다","42137","","0","","3","N","2026-06-16 15:43:48","2026-06-16 15:43:48","2026-06-16 15:43:48","2026-06-16 15:43:48"
"24810","제국공화주의: 현대중국 100년을 보는 눈[민교협의 시선]","","제국공화주의 현대중국 100년을 보는 눈 민교협의 시선","42140","","0","","1","N","2026-06-16 15:43:48","2026-06-16 15:43:48","2026-06-16 15:43:48",""
"24811","'2026 세계人제주' 참가 외국인들, 제주에 남긴 메시지는?","","2026 세계 제주 참가 외국인들 제주에 남긴 메시지는","42141","","0","","1","N","2026-06-16 15:43:48","2026-06-16 15:43:48","2026-06-16 15:43:48",""
"24812","부산 BTS노믹스에 유통가 함박웃음…외국인 매출 3배 '껑충'","","부산 bts노믹스에 유통가 함박웃음 외국인 매출 3배 껑충","42143","","0","","1","N","2026-06-16 15:43:48","2026-06-16 15:43:48","2026-06-16 15:43:48",""
"24813","[포토]광주신세계, 시리즈XGTO 콜라보 제품 선봬","","포토 광주신세계 시리즈xgto 콜라보 제품 선봬","42144","","0","","1","N","2026-06-16 15:43:48","2026-06-16 15:43:48","2026-06-16 15:43:48",""
"24814","라이프자산운용·이화여대, MOU 체결…여성 거버넌스 전문인력 양성","","라이프자산운용 이화여대 mou 체결 여성 거버넌스 전문인력 양성","42145","","0","금융","3","N","2026-06-16 15:43:48","2026-06-16 15:43:48","2026-06-16 15:43:48","2026-06-16 15:43:48"
"24815","주시은 아나, 임지연과 손하트 투샷⋯'멋진 신세계' 애청자 인증","","주시은 아나 임지연과 손하트 투샷 멋진 신세계 애청자 인증","42147","","0","","1","N","2026-06-16 15:43:48","2026-06-16 15:43:48","2026-06-16 15:43:48",""
"24816","누크 더캐시미어, 신세계백화점 대구점 신규 오픈","한섬의 라이프스타일 셀렉샵 '누크 더캐시미어(nooc the cashmere)'가 신세계백화점 센텀시티점에 이어 영남권 핵심 거점인 신세계백화점 대구점에 정규 매장 오픈했다고 16일 밝혔다. 누크 더캐시미어는 이번 대구점 오픈을...","누크 더캐시미어 신세계백화점 대구점 신규 오픈","42148","","0","","6","N","2026-06-16 15:43:48","2026-06-16 15:43:48","2026-06-16 15:43:48","2026-06-16 15:43:48"
"24817","교촌치킨, 이색 조합 '치막' 민다","","교촌치킨 이색 조합 치막 민다","42150","","0","","1","N","2026-06-16 15:43:48","2026-06-16 15:43:48","2026-06-16 15:43:48",""
"24818","사상 첫 '전 매장 조기 종료'…스타벅스 신뢰 회복 승부수","","사상 첫 전 매장 조기 종료 스타벅스 신뢰 회복 승부수","42151","","0","","1","N","2026-06-16 15:43:48","2026-06-16 15:43:48","2026-06-16 15:43:48",""
"24819","트레이더스로 들어온 전문점 디저트…신세계푸드, '픽베이크' 에그타르...","","트레이더스로 들어온 전문점 디저트 신세계푸드 픽베이크 에그타르","42154","","0","","1","N","2026-06-16 15:43:48","2026-06-16 15:43:48","2026-06-16 15:43:48",""
"24820","백화점 문턱 넘은 풀무원 가전…온라인 강자에서 오프라인 공략 본격화","","백화점 문턱 넘은 풀무원 가전 온라인 강자에서 오프라인 공략 본격화","42156","","0","","1","N","2026-06-16 15:43:48","2026-06-16 15:43:48","2026-06-16 15:43:48",""
"24821","르셉템버, 신세계 대구점 오픈…광역 상권 공략 확대","","르셉템버 신세계 대구점 오픈 광역 상권 공략 확대","42157","","0","","1","N","2026-06-16 15:43:48","2026-06-16 15:43:48","2026-06-16 15:43:48",""
"24822","풀무원 가전, 국내 5대 백화점 입점…프리미엄 가치 쌓는다","","풀무원 가전 국내 5대 백화점 입점 프리미엄 가치 쌓는다","42160","","0","","1","N","2026-06-16 15:43:48","2026-06-16 15:43:48","2026-06-16 15:43:48",""
"24823","[단독] 현직 국회의원 보좌관 사칭 '양주 주문 사기' 도내 음식점 노렸...","","단독 현직 국회의원 보좌관 사칭 양주 주문 사기 도내 음식점 노렸","42165","","0","","1","N","2026-06-16 15:43:49","2026-06-16 15:43:49","2026-06-16 15:43:49",""
"24824","순천시의회 첫 여성의장 넘보는 ‘조국당’ 비책 뭐길래","","순천시의회 첫 여성의장 넘보는 조국당 비책 뭐길래","42166","","0","","1","N","2026-06-16 15:43:49","2026-06-16 15:43:49","2026-06-16 15:43:49",""
"24825","대학의 다양성 확대와 리더십의 역사","","대학의 다양성 확대와 리더십의 역사","42167","","0","","1","N","2026-06-16 15:43:49","2026-06-16 15:43:49","2026-06-16 15:43:49",""
"24826","골프존커머스, 5월 골프클럽 판매 집계…남성은 테일러메이드·여성은 ...","","골프존커머스 5월 골프클럽 판매 집계 남성은 테일러메이드 여성은","42168","","0","","1","N","2026-06-16 15:43:49","2026-06-16 15:43:49","2026-06-16 15:43:49",""
"24827","[여성과학자로 산다는 것] 경력단절 아닌 행복한 성장, 그 쉼표가 만든...","","여성과학자로 산다는 것 경력단절 아닌 행복한 성장 그 쉼표가 만든","42169","","0","","1","N","2026-06-16 15:43:49","2026-06-16 15:43:49","2026-06-16 15:43:49",""
"24828","[신아일보tv] 감성 동반자 로봇 등장?! 183cm 남자 로봇 얼마길래","","신아일보tv 감성 동반자 로봇 등장 183cm 남자 로봇 얼마길래","42170","","0","","1","N","2026-06-16 15:43:49","2026-06-16 15:43:49","2026-06-16 15:43:49",""
"24829","피검사로 찾는 전립선암, 남성암 1위인데 국가검진엔 없다","","피검사로 찾는 전립선암 남성암 1위인데 국가검진엔 없다","42171","","0","","1","N","2026-06-16 15:43:49","2026-06-16 15:43:49","2026-06-16 15:43:49",""
"24830","새벽 주택 침입해 여성 살해…'복면 남성' 아직 못 찾았다","","새벽 주택 침입해 여성 살해 복면 남성 아직 못 찾았다","42172","","0","","1","N","2026-06-16 15:43:49","2026-06-16 15:43:49","2026-06-16 15:43:49",""
"24831","혈뇨 보면 이미 '말기'…남성암 1위 '이 암' 환자, 10년새 2배 급증","","혈뇨 보면 이미 말기 남성암 1위 이 암 환자 10년새 2배 급증","42173","","0","","1","N","2026-06-16 15:43:49","2026-06-16 15:43:49","2026-06-16 15:43:49",""
"24832","검체검사 보상? 필수과 연간 4517억 손실...'검체판단료' 신설 필수","","검체검사 보상 필수과 연간 4517억 손실 검체판단료 신설 필수","42174","","0","","1","N","2026-06-16 15:43:49","2026-06-16 15:43:49","2026-06-16 15:43:49",""
"24833","유산·기억·정체성…인도네시아 작가 5인의 다층적 서사","","유산 기억 정체성 인도네시아 작가 5인의 다층적 서사","42175","","0","","1","N","2026-06-16 15:43:49","2026-06-16 15:43:49","2026-06-16 15:43:49",""
"24834","이른 무더위에 물놀이 사고 속출···제주 해수욕장 조기 개장·안전요...","","이른 무더위에 물놀이 사고 속출 제주 해수욕장 조기 개장 안전요","42176","","0","","1","N","2026-06-16 15:43:49","2026-06-16 15:43:49","2026-06-16 15:43:49",""
"24835","여성 부시장 카드 꺼낼까…민형배 통합특별시 권력지형 '시험대'","","여성 부시장 카드 꺼낼까 민형배 통합특별시 권력지형 시험대","42177","","0","","1","N","2026-06-16 15:43:49","2026-06-16 15:43:49","2026-06-16 15:43:49",""
"24836","'월 500'에 캄보디아 범죄조직 돈세탁 도운 40대, 실형","","월 500 에 캄보디아 범죄조직 돈세탁 도운 40대 실형","42178","","0","","1","N","2026-06-16 15:43:49","2026-06-16 15:43:49","2026-06-16 15:43:49",""
"24837","피의자 앞에 두고 뭐하나…전북경찰, 또 유치 관리 '구멍'","","피의자 앞에 두고 뭐하나 전북경찰 또 유치 관리 구멍","42179","","0","","1","N","2026-06-16 15:43:49","2026-06-16 15:43:49","2026-06-16 15:43:49",""
"24838","보이스피싱 피해금 가상화폐로 빼돌린 남성, 국민참여재판서 징역 1년 ...","","보이스피싱 피해금 가상화폐로 빼돌린 남성 국민참여재판서 징역 1년","42180","","0","","1","N","2026-06-16 15:43:49","2026-06-16 15:43:49","2026-06-16 15:43:49",""
"24839","교실 침입해 여교사 텀블러에 체액 테러.. 한 달여 뒤 같은 장소에 소변...","","교실 침입해 여교사 텀블러에 체액 테러 한 달여 뒤 같은 장소에 소변","42181","","0","","1","N","2026-06-16 15:43:49","2026-06-16 15:43:49","2026-06-16 15:43:49",""
"24840","제주 드림타워 한컬렉션, 키즈 매장 10배 확장…'패밀리 쇼핑' 강화","남성·여성 패션을 비롯해 캐주얼, 슈즈, 가방, 주얼리 등 14개 카테고리로 구성돼 있다. 최근 K콘텐츠 인기에 힘입어 해외 관광객들의 K패션 수요가 증가하면서 한컬렉션 역시 쇼핑 공간을 넘어 K패션을 소개하는 쇼룸...","제주 드림타워 한컬렉션 키즈 매장 10배 확장 패밀리 쇼핑 강화","42182","","0","","1","N","2026-06-16 15:43:49","2026-06-16 15:43:49","2026-06-16 15:43:49",""
"24841","현대약품 주가, 힘찬 괴성... 호재는?","","현대약품 주가 힘찬 괴성 호재는","42183","","0","","1","N","2026-06-16 15:43:49","2026-06-16 15:43:49","2026-06-16 15:43:49",""
"24842","[속보] 현대약품 VI 수차례 발동, 주가 껑충…장중 17%대 급등","","속보 현대약품 vi 수차례 발동 주가 껑충 장중 17 대 급등","42184","","0","","1","N","2026-06-16 15:43:49","2026-06-16 15:43:49","2026-06-16 15:43:49",""
"24843","탈모주, 주가 엇갈려…TS트릴리온 '오르고' 이노진 '내리고'[특징주]","","탈모주 주가 엇갈려 ts트릴리온 오르고 이노진 내리고 특징주","42186","","0","바이오","1","N","2026-06-16 15:43:49","2026-06-16 15:43:49","2026-06-16 15:43:49",""
"24844","현대약품, '아트엠콘서트' 피아니스트 김도현 리사이틀 개최","","현대약품 아트엠콘서트 피아니스트 김도현 리사이틀 개최","42187","","0","","2","N","2026-06-16 15:43:49","2026-06-16 15:43:49","2026-06-16 15:43:49","2026-06-16 15:43:49"
"24845","탈모약 처방환자 5년새 60% 증가…건보 급여화로 시장 더 커진다","","탈모약 처방환자 5년새 60 증가 건보 급여화로 시장 더 커진다","42189","","0","","1","N","2026-06-16 15:43:49","2026-06-16 15:43:49","2026-06-16 15:43:49",""
"24846","외국인 1조원대 주식 순매수","정부가 청년층 탈모치료제의 건강보험 적용을 검토한다는 소식에 관련 주식인 현대약품과 TS트릴리온이 상한가를 기록했다. 코스닥지수는 전 거래일보다 4.98포인트(0.48%) 오른 1034.03으로 마감했다. 코스닥...","외국인 1조원대 주식 순매수","42191","","0","코스닥","1","N","2026-06-16 15:43:49","2026-06-16 15:43:49","2026-06-16 15:43:49",""
"24847","세방전지, '북미 전력망 핵심' ESS 배터리 모듈·팩 본격 생산…상방으...","","세방전지 북미 전력망 핵심 ess 배터리 모듈 팩 본격 생산 상방으","42199","","0","","2","N","2026-06-16 15:43:49","2026-06-16 15:43:51","2026-06-16 15:43:49",""
"24848","[속보] 세방전지, 美 배터리 손자회사에 1,069억원 추가 출자… 북미 ES...","","속보 세방전지 배터리 손자회사에 1 069억원 추가 출자 북미 es","42200","","0","IT","2","N","2026-06-16 15:43:49","2026-06-16 15:43:51","2026-06-16 15:43:49",""
"24849","[특징주] 세방전지, 美 오하이오 ESS 공장 투자에 ↑…LG엔솔 1.8조 장기...","","특징주 세방전지 오하이오 ess 공장 투자에 lg엔솔 1 8조 장기","42201","","0","","2","N","2026-06-16 15:43:50","2026-06-16 15:43:51","2026-06-16 15:43:50",""
"24850","서일대 '개교 51주년 기념식' 성료.. 교직원/졸업생 시상식 등","","서일대 개교 51주년 기념식 성료 교직원 졸업생 시상식 등","42202","","0","","2","N","2026-06-16 15:43:50","2026-06-16 15:43:50","2026-06-16 15:43:50","2026-06-16 15:43:50"
"24851","세방리튬배터리, LG엔솔과 1.8조원 북미 ESS 공급 협력","","세방리튬배터리 lg엔솔과 1 8조원 북미 ess 공급 협력","42203","","0","","2","N","2026-06-16 15:43:50","2026-06-16 15:43:51","2026-06-16 15:43:50",""
"24852","농심, ‘포테토칩 엽떡로제맛’ 선보여","","농심 포테토칩 엽떡로제맛 선보여","42205","","0","","3","N","2026-06-16 15:43:50","2026-06-16 15:43:50","2026-06-16 15:43:50","2026-06-16 15:43:50"
"24853","농협경기본부, 과수 농가 일손돕기 구슬땀","","농협경기본부 과수 농가 일손돕기 구슬땀","42206","","0","","1","N","2026-06-16 15:43:50","2026-06-16 15:43:50","2026-06-16 15:43:50",""
"24854","농심, '파워오투 망고향' 출시","","농심 파워오투 망고향 출시","42207","","0","","1","N","2026-06-16 15:43:50","2026-06-16 15:43:50","2026-06-16 15:43:50",""
"24855","전북농가주부모임, 완주서 양파장아찌 200통 만들어 취약계층 전달","","전북농가주부모임 완주서 양파장아찌 200통 만들어 취약계층 전달","42208","","0","","1","N","2026-06-16 15:43:50","2026-06-16 15:43:50","2026-06-16 15:43:50",""
"24856","[A 현장] ""신라면, 오늘 좀 새롭다?""...성수에 문 연 농심 '신라면 분식...","","a 현장 신라면 오늘 좀 새롭다 성수에 문 연 농심 신라면 분식","42209","","0","","2","N","2026-06-16 15:43:50","2026-06-16 15:43:50","2026-06-16 15:43:50","2026-06-16 15:43:50"
"24857","‘여심’으로 농심천심 실천…‘사랑의 양파지’ 나눔 봉사","","여심 으로 농심천심 실천 사랑의 양파지 나눔 봉사","42210","","0","","1","N","2026-06-16 15:43:50","2026-06-16 15:43:50","2026-06-16 15:43:50",""
"24858","농심, 동대문엽기떡볶이와 협업한 '포테토칩 엽떡로제맛' 출시 내용은?","","농심 동대문엽기떡볶이와 협업한 포테토칩 엽떡로제맛 출시 내용은","42213","","0","","1","N","2026-06-16 15:43:50","2026-06-16 15:43:50","2026-06-16 15:43:50",""
"24859","[유통가 오늘] LFㆍ교촌치킨ㆍ농심ㆍ대상","","유통가 오늘 lf 교촌치킨 농심 대상","42214","","0","","1","N","2026-06-16 15:43:50","2026-06-16 15:43:50","2026-06-16 15:43:50",""
"24860","동래구, 내달 10일 청년 채용설명회…공공·민간 16개 기관 참여","","동래구 내달 10일 청년 채용설명회 공공 민간 16개 기관 참여","42215","","0","","1","N","2026-06-16 15:43:50","2026-06-16 15:43:50","2026-06-16 15:43:50",""
"24861","농협서산시지부, 농협충남세종본부와 마늘농가 일손 돕기","","농협서산시지부 농협충남세종본부와 마늘농가 일손 돕기","42216","","0","사료","2","N","2026-06-16 15:43:50","2026-06-16 15:43:50","2026-06-16 15:43:50","2026-06-16 15:43:50"
"24862","농협 광명시지부, 풍년기원제서 농심천심 운동 홍보","","농협 광명시지부 풍년기원제서 농심천심 운동 홍보","42217","","0","","1","N","2026-06-16 15:43:50","2026-06-16 15:43:50","2026-06-16 15:43:50",""
"24863","농협 괴산군지부·군자농협, 농심천심 행복나눔 훈훈","","농협 괴산군지부 군자농협 농심천심 행복나눔 훈훈","42218","","0","","1","N","2026-06-16 15:43:50","2026-06-16 15:43:50","2026-06-16 15:43:50",""
"24864","NH농협 공주시지부, 사곡농협 농심천심 일손돕기 실시","","nh농협 공주시지부 사곡농협 농심천심 일손돕기 실시","42219","","0","","1","N","2026-06-16 15:43:50","2026-06-16 15:43:50","2026-06-16 15:43:50",""
"24865","농협중앙회, 호국보훈의 달 맞아 제3보병사단에 위문금 전달","","농협중앙회 호국보훈의 달 맞아 제3보병사단에 위문금 전달","42222","","0","","1","N","2026-06-16 15:43:50","2026-06-16 15:43:50","2026-06-16 15:43:50",""
"24866","막 올린 K푸드쇼","","막 올린 k푸드쇼","42223","","0","음식료","1","N","2026-06-16 15:43:50","2026-06-16 15:43:50","2026-06-16 15:43:50",""
"24867","붐비는 농심 부스","","붐비는 농심 부스","42224","","0","음식료","1","N","2026-06-16 15:43:50","2026-06-16 15:43:50","2026-06-16 15:43:50",""
"24868","농협 하남시지부·서하남농협, 복지 사각지대 고령 농업인에 온정","","농협 하남시지부 서하남농협 복지 사각지대 고령 농업인에 온정","42225","","0","사료","1","N","2026-06-16 15:43:50","2026-06-16 15:43:50","2026-06-16 15:43:50",""
"24869","농협, 장기연체채권 8876억원 소각·감면···5년간 포용금융 15조원 공...","전국 1109개 농축협에서 농업인과 청년농업인을 대상으로 2%대 저금리 상품인 '농심천심 희망대출'을 판매하며, 고령층과 장애인 등의 금융 접근성을 높이기 위한 '포용금융 동행창구'도 운영할 계획이다. 이를 위해...","농협 장기연체채권 8876억원 소각 감면 5년간 포용금융 15조원 공","42226","","0","금융,금리,사료","1","N","2026-06-16 15:43:50","2026-06-16 15:43:50","2026-06-16 15:43:50",""
"24870","백판지 원재료 98.5% 국내 순환 원료로…깨끗한나라, 자원순환 확대","","백판지 원재료 98 5 국내 순환 원료로 깨끗한나라 자원순환 확대","42229","","0","","1","N","2026-06-16 15:43:51","2026-06-16 15:43:51","2026-06-16 15:43:51",""
"24871","김재중 ""안 풀릴 때 굿판도""…연기부터 완전체 활동까지 [인터뷰+]","","김재중 안 풀릴 때 굿판도 연기부터 완전체 활동까지 인터뷰","42230","","0","","1","N","2026-06-16 15:43:51","2026-06-16 15:43:51","2026-06-16 15:43:51",""
"24872","최현수 제지연합회장 “제지산업 구조 전환 시급…AI·친환경이 해법”","","최현수 제지연합회장 제지산업 구조 전환 시급 ai 친환경이 해법","42231","","0","","1","N","2026-06-16 15:43:51","2026-06-16 15:43:51","2026-06-16 15:43:51",""
"24873","최현수 깨끗한나라 회장 ""공정혁신 속도…아프리카·태국서 기회 찾는다...","","최현수 깨끗한나라 회장 공정혁신 속도 아프리카 태국서 기회 찾는다","42232","","0","","1","N","2026-06-16 15:43:51","2026-06-16 15:43:51","2026-06-16 15:43:51",""
"24874","""AI 스마트공장·고부가가치 제품으로 제지 경쟁력 높여야""","","ai 스마트공장 고부가가치 제품으로 제지 경쟁력 높여야","42233","","0","","1","N","2026-06-16 15:43:51","2026-06-16 15:43:51","2026-06-16 15:43:51",""
"24875","[16일 인천 연수구] 해돋이도서관 ‘길 위의 인문학·지혜학교’ 공모 ...","","16일 인천 연수구 해돋이도서관 길 위의 인문학 지혜학교 공모","42234","","0","","1","N","2026-06-16 15:43:51","2026-06-16 15:43:51","2026-06-16 15:43:51",""
"24876","최현수 회장 ""'제지산업, 양이 아닌 '질'로 접근해야""","","최현수 회장 제지산업 양이 아닌 질 로 접근해야","42236","","0","","1","N","2026-06-16 15:43:51","2026-06-16 15:43:51","2026-06-16 15:43:51",""
"24877","전쟁이 키운 ‘종이의 시간’… “끝이 아니라 이제 시작이다”","","전쟁이 키운 종이의 시간 끝이 아니라 이제 시작이다","42237","","0","","1","N","2026-06-16 15:43:51","2026-06-16 15:43:51","2026-06-16 15:43:51",""
"24878","생맥주처럼 받은 세제, 가격 듣고 깜짝 놀랐습니다","다음 세대에게 좀 더 깨끗한 세상을 물려주기 위해 플라스틱 없고, 포장재 없는 판매와 소비를 지향하고... 한편, 우리나라도 리필의 날을 맞아 행사가 진행된다. 한국환경산업기술원과 은평구가 특별한 '용기 내는 날'을...","생맥주처럼 받은 세제 가격 듣고 깜짝 놀랐습니다","42239","","0","","1","N","2026-06-16 15:43:51","2026-06-16 15:43:51","2026-06-16 15:43:51",""
"24879","깨끗한나라, 재활용 종이 원료 비중 98.5%…수출도 확대","깨끗한나라가 종이자원을 활용한 원료 체계를 기반으로 패키징 사업을 운영하고 있다고 밝혔다. 종이의 날을 맞아 관련 자원 활용 현황과 시장 흐름을 함께 제시했다. 회사에 따르면 백판지 제품 원재료의 98.5% 이상을...","깨끗한나라 재활용 종이 원료 비중 98 5 수출도 확대","42240","","0","","1","N","2026-06-16 15:43:51","2026-06-16 15:43:51","2026-06-16 15:43:51",""
"24880","박소영 시인 첫 산문집, 지난 시간과 오늘의 내가 다시 만나 흐르는 말...","그 기도는 울타리를 넘어 동네 이웃과 나라의 평안과 나라님의 안녕까지 아우르고 있었다. 할머니의... - 「여심이」에서 박소영 시인은 ""용담 사람들은 맑고 깨끗한 물과 수려한 경관을 뒤에 두고 마을을 떠났다. 삶의...","박소영 시인 첫 산문집 지난 시간과 오늘의 내가 다시 만나 흐르는 말","42242","","0","","1","N","2026-06-16 15:43:51","2026-06-16 15:43:51","2026-06-16 15:43:51",""
"24881","깨끗한나라 ""종이자원, 공급망 안정성 높이는 전략 자산""","깨끗한나라는 종이의 날(6월 16일)을 맞아 종이자원의 산업적 가치가 재조명되는 가운데, 자원순환 기반 원료 확보 체계와 친환경 패키징 경쟁력 강화에 나서고 있다고 16일 밝혔다. 종이의 날을 맞아 업계에서는...","깨끗한나라 종이자원 공급망 안정성 높이는 전략 자산","42243","","0","","1","N","2026-06-16 15:43:51","2026-06-16 15:43:51","2026-06-16 15:43:51",""
"24882","600억 들인 '서울로 7017', 야경 명소 아닌 '바퀴벌레 소굴' 전락","외국인 관광객들에게 안전하고 깨끗한 나라로 호평받고 있는 한국의 관광 이미지에 예상치 못한 균열이 생겼다. 서울의 대표적인 야경 명소이자 도시재생의 상징으로 꼽히는 '서울로 7017'에 최근 바퀴벌레 떼가 출몰해...","600억 들인 서울로 7017 야경 명소 아닌 바퀴벌레 소굴 전락","42244","","0","","1","N","2026-06-16 15:43:51","2026-06-16 15:43:51","2026-06-16 15:43:51",""
"24883","[유통갤러리] NS홈쇼핑, 농가 상생 방송 '팔도장터' 확대 外","◆깨끗한나라, 국내 자원순환 기반 패키징 경쟁력 강화 깨끗한나라(대표 이동열)가 종이자원(폐지)의 산업적 가치와 자원순환 기반 패키징 경쟁력을 강화하고 있다. 깨끗한나라는 최근 롯데글로벌로지스 등 물류...","유통갤러리 ns홈쇼핑 농가 상생 방송 팔도장터 확대","42245","","0","","1","N","2026-06-16 15:43:51","2026-06-16 15:43:51","2026-06-16 15:43:51",""
"24884","""포장재 공급 위기에 종이포장 주목""…깨끗한나라, 패키징 경쟁력 강화","깨끗한나라(004540)가 '종이자원'(폐지) 기반 패키징으로 원가와 수급 안정성을 동시에 확보하며 국내외 시장 공략에 속도를 내고 있다. 중동 지역 정세 불안과 국제 유가·해상 운임 급등으로 비닐 등 석유화학계 포장재...","포장재 공급 위기에 종이포장 주목 깨끗한나라 패키징 경쟁력 강화","42246","","0","화학,유가","1","N","2026-06-16 15:43:51","2026-06-16 15:43:51","2026-06-16 15:43:51",""
"24885","쿠팡, 이케아 다 아니다…압도적인 점수로 생활용품 브랜드평판 1위 차...","6월 생활용품 브랜드평판의 전체적인 순위는 다이소, 쿠팡, 이케아, 롯데마트, 올리브영에 이어 오늘의집, 이마트, 락앤락, 한샘, LG생활건강, 아로마티카, 애경산업, 깨끗한나라, 퍼실, 유한킴벌리, 생활공작소, 바디럽...","쿠팡 이케아 다 아니다 압도적인 점수로 생활용품 브랜드평판 1위 차","42247","","0","","1","N","2026-06-16 15:43:51","2026-06-16 15:43:51","2026-06-16 15:43:51",""
"24886","깨끗한나라, 연 30만톤 종이자원 순환 활용…패키징 경쟁력 확대","자료=깨끗한나라 깨끗한나라가 종이의 날을 맞아 종이자원 기반의 자원순환 패키징 경쟁력 강화에 나선다. 깨끗한나라는 공급망 불확실성이 확대되는 가운데 종이자원 활용도를 높이고 친환경 패키징 시장 대응력을...","깨끗한나라 연 30만톤 종이자원 순환 활용 패키징 경쟁력 확대","42252","","0","","1","N","2026-06-16 15:43:51","2026-06-16 15:43:51","2026-06-16 15:43:51",""
"24887","대한상의, 노동제도 대응 논의..'제31차 중견기업위원회' 개최","한편 최현수 깨끗한나라 회장·박용필 중일 대표이사·양승철 탑코글로벌 대표이사·조만현 동우씨엠 회장·이용원 베니스에프앤비 대표·윤준찬 다지트 이사 등은 신규 위원으로 위촉됐다.","대한상의 노동제도 대응 논의 제31차 중견기업위원회 개최","42254","","0","","1","N","2026-06-16 15:43:51","2026-06-16 15:43:51","2026-06-16 15:43:51",""
"24888","올리브영 155% 폭발적 성장…생활용품 시장 판도가 뒤집혔다","이어 오늘의집, 이마트, 락앤락, 한샘, LG생활건강, 아로마티카, 애경산업, 깨끗한나라, 퍼실, 유한킴벌리, 생활공작소, 바디럽, 피죤, 자이글, 피앤지, 에코버, 브리오신, 라이온 등이 순위에 포함됐다....","올리브영 155 폭발적 성장 생활용품 시장 판도가 뒤집혔다","42255","","0","","1","N","2026-06-16 15:43:51","2026-06-16 15:43:51","2026-06-16 15:43:51",""
"24889","[인터뷰] 이주성 아키스케치 대표 ""공간 데이터는 미래 핵심 인프라…자...","◇공간 AI 생태계 확장…미국·일본 시장도 노크 아키스케치는 한국가구산업협회와 가구 데이터 표준화 작업을 추진하고 있다. 표준화의 첫 단계는 3D 모델링 데이터 정리다. 가구와 자재, 공간 객체가 AI와 3D 설계...","인터뷰 이주성 아키스케치 대표 공간 데이터는 미래 핵심 인프라 자","42256","","0","","1","N","2026-06-16 15:43:52","2026-06-16 15:43:52","2026-06-16 15:43:52",""
"24890","삼천리 모터스, 제7회 어린이 그림대회 성료","삼천리 모터스 제7회 어린이 그림대회 시상식이 13일 중구 BMW 드라이빙 센터에서 열렸다. (사진=삼천리 모터스) BMW 공식 딜러사 삼천리 모터스가 지난 13일 인천 중구에 위치한 BMW 드라이빙 센터에서 '제7회 온라인...","삼천리 모터스 제7회 어린이 그림대회 성료","42257","","0","자동차","8","N","2026-06-16 15:43:52","2026-06-16 15:43:52","2026-06-16 15:43:52","2026-06-16 15:43:52"
"24891","삼천리, 신에너지·친환경·모빌리티 스타트업 발굴 콘텐스트 '에스투게...","삼천리가 주최하는 투자연계형 스타트업 발굴 콘테스트 'S-Together(에스투게더)'가 올해 제3회 공모전을... 삼천리는 창의적이고 기술력이 뛰어난 스타트업을 발굴하고 육성하는 데 이 프로그램의 목적을 두고 있다....","삼천리 신에너지 친환경 모빌리티 스타트업 발굴 콘텐스트 에스투게","42260","","0","","2","N","2026-06-16 15:43:52","2026-06-16 15:43:52","2026-06-16 15:43:52","2026-06-16 15:43:52"
"24892","삼천리, 기후테크 스타트업 발굴…에스투게더 3기 모집","","삼천리 기후테크 스타트업 발굴 에스투게더 3기 모집","42261","","0","","1","N","2026-06-16 15:43:52","2026-06-16 15:43:52","2026-06-16 15:43:52",""
"24893","KLPGA 시즌 13번째 승부… 안산 대부도 더헤븐CC서 19일 개막","김민선7(23·대방건설), 서교림(20·삼천리), 이예원(23·메디힐), 방신실(22·KB금융그룹), 유현조(21·롯데), 임진영(23·대방건설)도 시즌 2승을 노린다. 더헤븐 마스터즈 초대 챔피언 배소현(33·메디힐)과 지난해 노승희와...","klpga 시즌 13번째 승부 안산 대부도 더헤븐cc서 19일 개막","42263","","0","금융,건설,바이오","1","N","2026-06-16 15:43:52","2026-06-16 15:43:52","2026-06-16 15:43:52",""
"24894","삼천리, 스타트업 공모전…에기평·KETI 손잡고 딥테크 발굴","삼천리가 투자 연계형 스타트업 공모전 ‘S-Together(에스투게더)’를 개최한다. 지난 2024년 제1회 공모전... 삼천리는 16일부터 다음 달 10일까지 4주간 ‘S-Together’ 제3회 공모전 참가 기업을 모집한다고 16일 밝혔다....","삼천리 스타트업 공모전 에기평 keti 손잡고 딥테크 발굴","42275","","0","","1","N","2026-06-16 15:43:52","2026-06-16 15:43:52","2026-06-16 15:43:52",""
"24895","세탁기도, 미래차도 선 없이 툭… LG전자 무선충전 기술 가치 '눈길'","","세탁기도 미래차도 선 없이 툭 lg전자 무선충전 기술 가치 눈길","42280","","0","IT","1","N","2026-06-16 15:43:52","2026-06-16 15:43:52","2026-06-16 15:43:52",""
"24896","한국가스안전공사, 몽골 고위 공무원 초청…'K-가스안전' 기술 전수","(앞줄 왼쪽 다섯번째부터 박경국 한국가스안전공사 사장, 히식딜라이 몽골 산업광물자원부 실장) 컨슈머타임스=안성렬 기자 | 부탄캔 제조업체인 대륙제관과 E1의 LPG 인수기지, 한국가스공사의 LNG 터미널 등 국내 가스...","한국가스안전공사 몽골 고위 공무원 초청 k 가스안전 기술 전수","42281","","0","","11","N","2026-06-16 15:43:53","2026-06-16 15:43:53","2026-06-16 15:43:53","2026-06-16 15:43:53"
"24897","가스안전공사, 몽골에 가스안전 관리체계 공유","","가스안전공사 몽골에 가스안전 관리체계 공유","42283","","0","","2","N","2026-06-16 15:43:53","2026-06-16 15:43:53","2026-06-16 15:43:53","2026-06-16 15:43:53"
"24898","가스안전공사, 몽골 가스 산업 · 경제 발전 지원","","가스안전공사 몽골 가스 산업 경제 발전 지원","42285","","0","","1","N","2026-06-16 15:43:53","2026-06-16 15:43:53","2026-06-16 15:43:53",""
"24899","가스안전公, 몽골 공무원 대상으로 'K-가스안전관리' 노하우 전수","","가스안전 몽골 공무원 대상으로 k 가스안전관리 노하우 전수","42286","","0","","2","N","2026-06-16 15:43:53","2026-06-16 15:43:53","2026-06-16 15:43:53","2026-06-16 15:43:53"
"24900","가스안전공사, ‘K-가스안전’ 브랜드화 선언… 글로벌 표준 선도한다","","가스안전공사 k 가스안전 브랜드화 선언 글로벌 표준 선도한다","42296","","0","","1","N","2026-06-16 15:43:53","2026-06-16 15:43:53","2026-06-16 15:43:53",""
"24901","생산적 금융 늘리는 5대 은행…기업 부실채권 관리 격차 커졌다","","생산적 금융 늘리는 5대 은행 기업 부실채권 관리 격차 커졌다","42298","","0","금융,건설","1","N","2026-06-16 15:43:53","2026-06-16 15:43:53","2026-06-16 15:43:53",""
"24902","우리은행, 효성그룹에 5년간 2조원 금융지원…첨단전략산업 투자 뒷받침","","우리은행 효성그룹에 5년간 2조원 금융지원 첨단전략산업 투자 뒷받침","42299","","0","금융","1","N","2026-06-16 15:43:53","2026-06-16 15:43:53","2026-06-16 15:43:53",""
"24903","전효성, 3년간 출연료 못 받았던 과거 고백..“아침에 기도했다”(‘김...","전효성을 만나 함께 방송하던 시절을 떠올렸다. 지난 15일 유튜브 채널 ‘김숙티비’에는 “별안간 솥 밥 먹다 우는 여자 둘과 시크릿 완전체 만남”이라는 제목의 영상이 게재됐다. 공개된 영상 속 김숙은 전효성을...","전효성 3년간 출연료 못 받았던 과거 고백 아침에 기도했다 김","42305","","0","","1","N","2026-06-16 15:43:53","2026-06-16 15:43:53","2026-06-16 15:43:53",""
"24904","아이더, 여름철 겨냥 냉감 니트 '아이스 스웨터' 시리즈 출시","이 제품은 안팎으로 적용된 효성 냉감 원사와 고슬고슬한 소재가 즉각적인 시원함을 주고 360도 벤틸레이션 구조로 한여름에도 답답함 없는 쾌적함을 선사한다. '아이스 스웨터 시리즈'는 출근룩과 일상복으로 좋은 폴로(목...","아이더 여름철 겨냥 냉감 니트 아이스 스웨터 시리즈 출시","42307","","0","","1","N","2026-06-16 15:43:53","2026-06-16 15:43:53","2026-06-16 15:43:53",""
"24905","전효성 “3년 일했는데 출연료 한 푼도” 눈물로 인생 공부, 미지급 폭...","전효성이 과거 3년 동안 출연료를 받지 못했다고 털어놨다. 15일 공개된 유튜브 채널 '김숙티비'에는 '[밥친구] 별안간 솥밥 먹다 우는 여자 둘과 시크릿 완전체 만남'이라는 제목의 영상이 올라왔다. 이날 영상서 전효성을...","전효성 3년 일했는데 출연료 한 푼도 눈물로 인생 공부 미지급 폭","42308","","0","","1","N","2026-06-16 15:43:53","2026-06-16 15:43:53","2026-06-16 15:43:53",""
"24906","'플리츠·니트에 선풍기까지' 아웃도어, 쿨링 기술 업그레이드 속속","피부에 직접 닿는 안쪽면에는 효성의 냉감 원사를 적용해 입는 순간 즉각적인 시원함을 주고 겉면에는 고슬고슬한 질감의 소재로 산뜻함을 더했다. 여기에 통기성이 우수한 짜임 구조와 360도 바람이 내외부로 통과하는...","플리츠 니트에 선풍기까지 아웃도어 쿨링 기술 업그레이드 속속","42309","","0","","1","N","2026-06-16 15:43:53","2026-06-16 15:43:53","2026-06-16 15:43:53",""
"24907","""단 30초만이라도…"" 전효성, '12년 만' 시크릿 컴백 앞두고…간절한 부...","전효성이 12년 만의 컴백을 앞두고 팀을 위해 자존심을 내려놓았던 눈물겨운 비화를 공개해 뭉클함을 안겼다. 지난 15일 채널 '김숙티비'에 공개된 영상에서는 오랜 공백을 깨고 완전체로 돌아온 시크릿 전효성, 징거, 새...","단 30초만이라도 전효성 12년 만 시크릿 컴백 앞두고 간절한 부","42310","","0","","1","N","2026-06-16 15:43:53","2026-06-16 15:43:53","2026-06-16 15:43:53",""
"24908","454조원 이란 재건시장 열린다…한국 기업도 '전후 특수' 노린다","전력 인프라 분야에서는 두산에너빌리티, LS일렉트릭, 효성중공업 등의 참여 가능성도 제기된다. 특히 전쟁과 제재로 노후화된 전력망 교체와 발전설비 확충이 시급한 과제로 꼽히는 만큼, 중동 시장에서 풍부한 사업...","454조원 이란 재건시장 열린다 한국 기업도 전후 특수 노린다","42311","","0","","1","N","2026-06-16 15:43:53","2026-06-16 15:43:53","2026-06-16 15:43:53",""
"24909","장동혁·오세훈 주도권 갈등 수면 위로…국민의힘 ‘선거소청 의결’에...","","장동혁 오세훈 주도권 갈등 수면 위로 국민의힘 선거소청 의결 에","42312","","0","","1","N","2026-06-16 15:43:54","2026-06-16 15:43:54","2026-06-16 15:43:54",""
"24910","21개 대학의 입학사정관이 직접 참여...중랑구, '2027학년도 대학별 입시...","","21개 대학의 입학사정관이 직접 참여 중랑구 2027학년도 대학별 입시","42313","","0","","2","N","2026-06-16 15:43:54","2026-06-16 15:43:54","2026-06-16 15:43:54","2026-06-16 15:43:54"
"24911","[남양주 24시] 남양주시 민선 9기 시민주권위원회, 시정 계획·공약 이행...","","남양주 24시 남양주시 민선 9기 시민주권위원회 시정 계획 공약 이행","42314","","0","","1","N","2026-06-16 15:43:54","2026-06-16 15:43:54","2026-06-16 15:43:54",""
"24912","남양주시, 7월 대학별 입시설명회 참가자 모집","","남양주시 7월 대학별 입시설명회 참가자 모집","42315","","0","","5","N","2026-06-16 15:43:54","2026-06-16 15:43:54","2026-06-16 15:43:54","2026-06-16 15:43:54"
"24913","가족 모습 달라진 시대…정부, 가족센터 지원체계 손본다","","가족 모습 달라진 시대 정부 가족센터 지원체계 손본다","42316","","0","","1","N","2026-06-16 15:43:54","2026-06-16 15:43:54","2026-06-16 15:43:54",""
"24914","성평등부, '가족센터 발전 방향' 현장 소통 간담회","","성평등부 가족센터 발전 방향 현장 소통 간담회","42317","","0","","3","N","2026-06-16 15:43:54","2026-06-16 15:43:54","2026-06-16 15:43:54","2026-06-16 15:43:54"
"24915","[리얼푸드] 마늘·양파의 기능성 성분, 자르는 방식 따라 달라진다","","리얼푸드 마늘 양파의 기능성 성분 자르는 방식 따라 달라진다","42320","","0","음식료","1","N","2026-06-16 15:43:54","2026-06-16 15:43:54","2026-06-16 15:43:54",""
"24916","[기고] AI, 미래 학교 변화를 주도…인간성 교육의 필요성 대두","","기고 ai 미래 학교 변화를 주도 인간성 교육의 필요성 대두","42321","","0","","1","N","2026-06-16 15:43:54","2026-06-16 15:43:54","2026-06-16 15:43:54",""
"24917","[손병관의 뉴스프레소] 종편 최초로 기업회생 신청한 JTBC","","손병관의 뉴스프레소 종편 최초로 기업회생 신청한 jtbc","42323","","0","","1","N","2026-06-16 15:43:54","2026-06-16 15:43:54","2026-06-16 15:43:54",""
"24918","[김용태 교수의 관세 이야기] 반덤핑관세 부과대상 '아크릴산 부틸' 품...","","김용태 교수의 관세 이야기 반덤핑관세 부과대상 아크릴산 부틸 품","42326","","0","","1","N","2026-06-16 15:43:54","2026-06-16 15:43:54","2026-06-16 15:43:54",""
"24919","동양대 일반대학원 유아교육학과, 연구 역량 강화·전문 인재 양성 '박차...","","동양대 일반대학원 유아교육학과 연구 역량 강화 전문 인재 양성 박차","42327","","0","","1","N","2026-06-16 15:43:54","2026-06-16 15:43:54","2026-06-16 15:43:54",""
"24920","[WIKI 이슈] 최태원·노소영 '재산분할 파기환송심' 조정 불성립…다시...","","wiki 이슈 최태원 노소영 재산분할 파기환송심 조정 불성립 다시","42328","","0","","2","N","2026-06-16 15:43:54","2026-06-16 15:43:54","2026-06-16 15:43:54","2026-06-16 15:43:54"
"24921","조사 방식 따라 국민의힘 지지율 15%p차... 샤이보수 결집인가 착시인가","","조사 방식 따라 국민의힘 지지율 15 p차 샤이보수 결집인가 착시인가","42329","","0","","1","N","2026-06-16 15:43:54","2026-06-16 15:43:54","2026-06-16 15:43:54",""
"24922","‘샤이보수’ 결집에 국힘 지지율 첫 역전…“당분간 혼조세 예상”","","샤이보수 결집에 국힘 지지율 첫 역전 당분간 혼조세 예상","42333","","0","","1","N","2026-06-16 15:43:54","2026-06-16 15:43:54","2026-06-16 15:43:54",""
"24923","국내 최장 최대 규모의 시리즈 민음사 세계문학전집 500번째 책 펴내","","국내 최장 최대 규모의 시리즈 민음사 세계문학전집 500번째 책 펴내","42334","","0","","1","N","2026-06-16 15:43:54","2026-06-16 15:43:54","2026-06-16 15:43:54",""
"24924","동양대 유아교육 대학원, AI 시대 교육 패러다임 탐색… 지역 연구 중추...","","동양대 유아교육 대학원 ai 시대 교육 패러다임 탐색 지역 연구 중추","42335","","0","","1","N","2026-06-16 15:43:54","2026-06-16 15:43:54","2026-06-16 15:43:54",""
"24925","동양대 일반대학원, 한국어린이미디어학회 참가","","동양대 일반대학원 한국어린이미디어학회 참가","42336","","0","","1","N","2026-06-16 15:43:54","2026-06-16 15:43:54","2026-06-16 15:43:54",""
"24926","""호르무즈 뚫린다""…종전 기대감에 한숨 돌린 중기","","호르무즈 뚫린다 종전 기대감에 한숨 돌린 중기","42337","","0","","1","N","2026-06-16 15:43:54","2026-06-16 15:43:54","2026-06-16 15:43:54",""
"24927","제25회 '한어교' 세계중국어대회 한국지역 결선전 성료","","제25회 한어교 세계중국어대회 한국지역 결선전 성료","42338","","0","","1","N","2026-06-16 15:43:54","2026-06-16 15:43:54","2026-06-16 15:43:54",""
"24928","""한중 잇는 최대 중국어 축제 '한어교' 성료""…국민대 이서연 대상","주한중국대사관 다이빙 대사를 비롯해 더불어민주당 김태년, 박정 국회의원, 이채익 전 행정안전위원회 위원장, 민재홍 덕성여대 총장, 김지연 서울시립한성백제박물관 관장 등이 대거 참석해 자리를 빛냈다. 행사를...","한중 잇는 최대 중국어 축제 한어교 성료 국민대 이서연 대상","42339","","0","","1","N","2026-06-16 15:43:54","2026-06-16 15:43:54","2026-06-16 15:43:54",""
"24929","방산·건설·항공주 강세…퍼스텍·상지건설 上 이탈에 투자자 관심 집...","","방산 건설 항공주 강세 퍼스텍 상지건설 이탈에 투자자 관심 집","42340","","0","방산,건설,항공","1","N","2026-06-16 15:43:54","2026-06-16 15:43:54","2026-06-16 15:43:54",""
"24930","[퇴근길 7분 뉴스] 종전·JTBC·미래에셋증권·최태원·노소영","이날 티웨이홀딩스(+29.75%)가 상한가를 기록했고 대한항공(+12.78%), 아시아나항공(+13.86%), 제주항공(+18.66%), 진에어(+12.52%) 등이 일제히 급등세를 보였다. 반면 △국제 유가가 국내 가격에 반영되기까지 통상 2~3주가...","퇴근길 7분 뉴스 종전 jtbc 미래에셋증권 최태원 노소영","42344","","0","항공,유가","1","N","2026-06-16 15:43:54","2026-06-16 15:43:54","2026-06-16 15:43:54",""
"24931","[EBN 데이터센터] 코스피, 하루 만에 8500선 돌파…외국인·기관 동반 순...","코스피 시장 상승률 상위에는 현대약품, 삼화전자, 티웨이홀딩스가 나란히 상한가를 기록했고, 한온시스템, 제주항공, 후성, 국도화학, LG이노텍, 삼성전기, LS ELECTRIC 등이 두 자릿수 상승률을 나타냈다. 특히...","ebn 데이터센터 코스피 하루 만에 8500선 돌파 외국인 기관 동반 순","42346","","0","코스피,화학,항공","1","N","2026-06-16 15:43:55","2026-06-16 15:43:55","2026-06-16 15:43:55",""
"24932","K항공, 호르무즈 정상화에 '재비상' 채비…""성수기에 유가·환율 동반 하...","티웨이홀딩스(24.37%), 제주항공(22.81%), 진에어(15.79%), 에어부산(15.18%), 아시아나항공(12.45%), 한진칼(10.43%) 등도 동반 강세를 보였다. 업계 관계자는 ""성수기와 맞물려 유가, 환율, 유류할증료가 하락하며, 해외 여행...","k항공 호르무즈 정상화에 재비상 채비 성수기에 유가 환율 동반 하","42352","","0","환율,항공","1","N","2026-06-16 15:43:55","2026-06-16 15:43:55","2026-06-16 15:43:55",""
"24933","[테마주] ""호르무즈 열린다""...항공/LCC 테마 9개 전 종목 상승","티웨이홀딩스(004870)는 전일 대비 83원(+29.75%) 오른 362원에 거래되며 가장 높은 상승률을 기록 중이다. 제주항공(089590)은 1,150원(+26.50%) 상승한 5,490원에, 트리니티항공은 167원(+21.17%) 상승한 956원에 거래되고...","테마주 호르무즈 열린다 항공 lcc 테마 9개 전 종목 상승","42353","","0","항공","1","N","2026-06-16 15:43:55","2026-06-16 15:43:55","2026-06-16 15:43:55",""
"24934","충청권 주택사업 경기 전망 엇갈려…충남↑·세종·대전 ↓","","충청권 주택사업 경기 전망 엇갈려 충남 세종 대전","42356","","0","환율,달러","1","N","2026-06-16 15:43:55","2026-06-16 15:43:55","2026-06-16 15:43:55",""
"24935","한계기업 비중 높을수록 정상기업도 '피해'···소규모 기업일수록 영...","","한계기업 비중 높을수록 정상기업도 피해 소규모 기업일수록 영","42357","","0","","2","N","2026-06-16 15:43:55","2026-06-16 15:43:55","2026-06-16 15:43:55","2026-06-16 15:43:55"
"24936","한계기업 25% 퇴출 시 부가가치 0.35%↑… 소규모 기업 피해 커","","한계기업 25 퇴출 시 부가가치 0 35 소규모 기업 피해 커","42358","","0","","1","N","2026-06-16 15:43:55","2026-06-16 15:43:55","2026-06-16 15:43:55",""
"24937","""큰 한계기업, 작은 피해기업 만든다""…한은, 혼잡효과 경고","","큰 한계기업 작은 피해기업 만든다 한은 혼잡효과 경고","42359","","0","","1","N","2026-06-16 15:43:55","2026-06-16 15:43:55","2026-06-16 15:43:55",""
"24938","[봇규의 헬로BOT] 로봇 스케일업 ① | 시제품 만든 뒤 맞닥뜨린 ‘10억 ...","","봇규의 헬로bot 로봇 스케일업 시제품 만든 뒤 맞닥뜨린 10억","42360","","0","","1","N","2026-06-16 15:43:55","2026-06-16 15:43:55","2026-06-16 15:43:55",""
"24939","""좀비기업 빚, 정상기업에도 타격""","","좀비기업 빚 정상기업에도 타격","42361","","0","","1","N","2026-06-16 15:43:55","2026-06-16 15:43:55","2026-06-16 15:43:55",""
"24940","좀비기업이 정상기업 좀먹어…""퇴출 땐 생산성·부가가치 개선""","","좀비기업이 정상기업 좀먹어 퇴출 땐 생산성 부가가치 개선","42362","","0","","1","N","2026-06-16 15:43:55","2026-06-16 15:43:55","2026-06-16 15:43:55",""
"24941","좀비기업 짐은 중소기업이 진다…한은 ""한계기업 적시 퇴출해야""","","좀비기업 짐은 중소기업이 진다 한은 한계기업 적시 퇴출해야","42363","","0","","1","N","2026-06-16 15:43:55","2026-06-16 15:43:55","2026-06-16 15:43:55",""
"24942","벌어도 이자 못 갚는데…'대형 한계기업' 버티자 중소기업 '휘청'","","벌어도 이자 못 갚는데 대형 한계기업 버티자 중소기업 휘청","42364","","0","","1","N","2026-06-16 15:43:55","2026-06-16 15:43:55","2026-06-16 15:43:55",""
"24943","한은 ""한계기업 1%p 늘면 기업 투자·고용 성장률 0.18% 저하""","특히 산업 내 한계기업 비중이 1%포인트(p) 상승할 경우 동일 산업 정상기업의 투자·고용·성장률은 약 0.14~0.18%p 낮아지는 것으로 추정됐다. 이 같은 부정적 효과는 2~3년가량 지속되는 것으로 나타났다. 눈에 띄는 점은...","한은 한계기업 1 p 늘면 기업 투자 고용 성장률 0 18 저하","42365","","0","","2","N","2026-06-16 15:43:55","2026-06-16 15:43:55","2026-06-16 15:43:55","2026-06-16 15:43:55"
"24944","""퇴출 안 된 좀비기업, 정상기업 갉아먹어…소규모 비외감기업 큰 타격...","","퇴출 안 된 좀비기업 정상기업 갉아먹어 소규모 비외감기업 큰 타격","42366","","0","","1","N","2026-06-16 15:43:55","2026-06-16 15:43:55","2026-06-16 15:43:55",""
"24945","[건설톡] 기술형입찰 복병으로 떠오른 강산건설","","건설톡 기술형입찰 복병으로 떠오른 강산건설","42369","","0","건설","1","N","2026-06-16 15:43:55","2026-06-16 15:43:55","2026-06-16 15:43:55",""
"24946","3분기 청약시장, '대단지'가 주도…전국 5만4000여가구 분양","대표적으로 한신공영은 7월 경상남도 창원특례시 마산회원구 회원2동 일원 회원2구역 주택재개발 정비사업을 통해 ‘창원 한신더휴 메가센텀’을 분양할 예정이다. 단지는 총 2016세대 규모로 조성된다. GS건설...","3분기 청약시장 대단지 가 주도 전국 5만4000여가구 분양","42370","","0","건설","2","N","2026-06-16 15:43:56","2026-06-16 15:43:56","2026-06-16 15:43:56","2026-06-16 15:43:56"
"24947","단양군, 8월 29일 '달빛레이스 마라톤' 개최… 선착순 5천 명 모집","10km 구간은 단양생태체육공원을 출발해 별곡3교차로, 삼봉대교, 도담삼봉을 지나 성신양회 후문 교차로까지 달린 뒤 출발지로 돌아오는 코스다. 군은 참가자들이 안전하고 쾌적하게 레이스를 즐길 수 있도록 교통 통제...","단양군 8월 29일 달빛레이스 마라톤 개최 선착순 5천 명 모집","42372","","0","","2","N","2026-06-16 15:43:56","2026-06-16 15:43:56","2026-06-16 15:43:56","2026-06-16 15:43:56"
"24948","단양군, 달빛레이스로 여름밤을 달리다","10km 코스는 단양생태체육공원에서 출발해 별곡3교차로와 삼봉대교, 도담삼봉을 지나 성신양회 후문 교차로까지 이동한 뒤 다시 출발지로 복귀하는 방식으로 운영된다. 단양군은 참가자 안전 확보를 위해 교통 통제와...","단양군 달빛레이스로 여름밤을 달리다","42376","","0","","1","N","2026-06-16 15:43:56","2026-06-16 15:43:56","2026-06-16 15:43:56",""
"24949","신동빈 회장 “인공지능 전환, 생존 걸린 최우선 과제…변화 지원할 것...","신동빈 롯데그룹 회장.(사진=롯데) 16일 롯데지주에 따르면 신 회장은 지난 5~6일 진행된 'CEO AI 아카데미'에 직접 참여해 바이브 코딩(자연어로 요구 사항을 입력하면 AI가 코드를 구현하는 방식) 기반 AI 서비스 제작을...","신동빈 회장 인공지능 전환 생존 걸린 최우선 과제 변화 지원할 것","42382","","0","","2","N","2026-06-16 15:43:56","2026-06-16 15:43:56","2026-06-16 15:43:56","2026-06-16 15:43:56"
"24950","'AI 개발자' 된 신동빈 회장…롯데, AX 전환 가속","","ai 개발자 된 신동빈 회장 롯데 ax 전환 가속","42383","","0","","1","N","2026-06-16 15:43:56","2026-06-16 15:43:56","2026-06-16 15:43:56",""
"24951","롯데 신동빈 회장 “AI 전환 없이 기업 생존 어렵다”","","롯데 신동빈 회장 ai 전환 없이 기업 생존 어렵다","42384","","0","","2","N","2026-06-16 15:43:56","2026-06-16 15:43:56","2026-06-16 15:43:56","2026-06-16 15:43:56"
"24952","신동빈 롯데 회장 “AX에 그룹 생존 걸렸다…혁신적 변화 지원할 것”","16일 롯데지주에 따르면 신 회장은 지난 5일과 6일 이틀간 ‘CEO AI 아카데미’에 직접 참여했다. CEO AI 교육은 AI 혁신 드라이브를 위한 CEO의 인식 변화를 주제로 지난 1일부터 매주 주말 계열사 CEO 50여 명을 대상으로...","신동빈 롯데 회장 ax에 그룹 생존 걸렸다 혁신적 변화 지원할 것","42385","","0","","3","N","2026-06-16 15:43:56","2026-06-16 15:43:56","2026-06-16 15:43:56","2026-06-16 15:43:56"
"24953","자연어로 AI서비스 만든 신동빈회장 ""전 임직원 'AI에이전트 개발역량'...","","자연어로 ai서비스 만든 신동빈회장 전 임직원 ai에이전트 개발역량","42386","","0","","1","N","2026-06-16 15:43:56","2026-06-16 15:43:56","2026-06-16 15:43:56",""
"24954","결국 회생 간 메가박스, 롯데시네마와 합병 불발…매물로 나오나","","결국 회생 간 메가박스 롯데시네마와 합병 불발 매물로 나오나","42387","","0","","1","N","2026-06-16 15:43:56","2026-06-16 15:43:56","2026-06-16 15:43:56",""
"24955","롯데그룹 회장 신동빈 ""AI 전환은 생존 걸린 과제"" 강조 : 관리자 평가 ...","","롯데그룹 회장 신동빈 ai 전환은 생존 걸린 과제 강조 관리자 평가","42388","","0","","1","N","2026-06-16 15:43:56","2026-06-16 15:43:56","2026-06-16 15:43:56",""
"24956","신동빈 회장도 직접 코딩한다…롯데그룹, AI 전환 속도","","신동빈 회장도 직접 코딩한다 롯데그룹 ai 전환 속도","42391","","0","","1","N","2026-06-16 15:43:56","2026-06-16 15:43:56","2026-06-16 15:43:56",""
"24957","신동빈 롯데 회장 ""그룹 생존에 AX 최우선 과제""","","신동빈 롯데 회장 그룹 생존에 ax 최우선 과제","42392","","0","","1","N","2026-06-16 15:43:56","2026-06-16 15:43:56","2026-06-16 15:43:56",""
"24958","롯데, 신동빈 회장 주도로 AI 전환 가속…전 임직원 실무 교육 추진","","롯데 신동빈 회장 주도로 ai 전환 가속 전 임직원 실무 교육 추진","42393","","0","","1","N","2026-06-16 15:43:56","2026-06-16 15:43:56","2026-06-16 15:43:56",""
"24959","롯데, 전사 AI 전환 속도전… CEO부터 실무진까지 'AI 에이전트' 역량 강...","","롯데 전사 ai 전환 속도전 ceo부터 실무진까지 ai 에이전트 역량 강","42394","","0","","1","N","2026-06-16 15:43:56","2026-06-16 15:43:56","2026-06-16 15:43:56",""
"24960","롯데, 전사적 AI 전환(AX) 가속페달…연내 전 임직원 'AI 실무 교육'","","롯데 전사적 ai 전환 ax 가속페달 연내 전 임직원 ai 실무 교육","42395","","0","","1","N","2026-06-16 15:43:56","2026-06-16 15:43:56","2026-06-16 15:43:56",""
"24961","롯데온, 또 희망퇴직 카드 꺼냈다…적자 탈출 총력전","","롯데온 또 희망퇴직 카드 꺼냈다 적자 탈출 총력전","42396","","0","","1","N","2026-06-16 15:43:56","2026-06-16 15:43:56","2026-06-16 15:43:56",""
"24962","회장이 직접 코딩까지…롯데, AI로 일하는 방식 확 바꾼다","","회장이 직접 코딩까지 롯데 ai로 일하는 방식 확 바꾼다","42397","","0","","1","N","2026-06-16 15:43:56","2026-06-16 15:43:56","2026-06-16 15:43:56",""
"24963","직접 바이브 코딩 나선 롯데 신동빈…""전 임직원 AI 역량 갖춰야""","신동빈 롯데 회장 (사진=롯데지주) 롯데는 신 회장이 지난 5~6일 이틀간 ‘CEO AI 아카데미’에 참석해 실무 기반 AI 교육을 받고 그룹의 AI 추진 방향을 논의했다고 16일 밝혔다. 이번 교육은 AI 혁신을 위한...","직접 바이브 코딩 나선 롯데 신동빈 전 임직원 ai 역량 갖춰야","42402","","0","","1","N","2026-06-16 15:43:57","2026-06-16 15:43:57","2026-06-16 15:43:57",""
"24964","세계적 친환경 전력 대란의 돌파구…SK오션플랜트, 해상풍력 인프라 확...","","세계적 친환경 전력 대란의 돌파구 sk오션플랜트 해상풍력 인프라 확","42403","","0","철강","1","N","2026-06-16 15:43:57","2026-06-16 15:43:57","2026-06-16 15:43:57",""
"24965","휴스틸 박훈 대표, '제27회 철의 날' 은탑산업훈장 수훈","산업통상부는 15일 휴스틸 박훈 대표이사가 서울 롯데호텔에서 개최된 '제27회 철의 날 기념행사'에서... 박 대표이사는 지난 24년간 휴스틸에 재직하며 생산기반 확대와 해외시장 개척 등을 추진해왔다. 특히...","휴스틸 박훈 대표 제27회 철의 날 은탑산업훈장 수훈","42404","","0","철강","1","N","2026-06-16 15:43:57","2026-06-16 15:43:57","2026-06-16 15:43:57",""
"24966","2030 커피 대신 이 음료 찾더니…5개월 만에 300만병 팔렸다","","2030 커피 대신 이 음료 찾더니 5개월 만에 300만병 팔렸다","42405","","0","음식료","5","N","2026-06-16 15:43:57","2026-06-16 15:43:57","2026-06-16 15:43:57","2026-06-16 15:43:57"
"24967","[F&B핫이슈] 배스킨라빈스 '그래이맛' 수상작·오리온 햇감자 감자칩 外","","f b핫이슈 배스킨라빈스 그래이맛 수상작 오리온 햇감자 감자칩","42411","","0","음식료","1","N","2026-06-16 15:43:57","2026-06-16 15:43:57","2026-06-16 15:43:57",""
"24968","오리온·웅진식품·맥캘란·오레오·크라운제과...스페셜 에디션으로 소...","웅진식품은 브랜드 헤리티지를 새로운 시각으로 풀어낸 리버스콘셉트의 한정판 신제품 '꿀밤햇살'과 '붉은매실'을 선보였다. '꿀밤햇살'은 대표 브랜드 '아침햇살'에서 착안한 제품이다. '아침'의 반대인 '밤'을 콘셉트로...","오리온 웅진식품 맥캘란 오레오 크라운제과 스페셜 에디션으로 소","42413","","0","음식료","1","N","2026-06-16 15:43:57","2026-06-16 15:43:57","2026-06-16 15:43:57",""
"24969","'반도체 일극 체제' 벗어난 산업 다변화에 달렸다","","반도체 일극 체제 벗어난 산업 다변화에 달렸다","42414","","0","반도체","1","N","2026-06-16 15:43:57","2026-06-16 15:43:57","2026-06-16 15:43:57",""
"24970","SGC에너지, 군산 AI DC 빅테크 고객사 확보…올해 60MW 규모 첫 삽","","sgc에너지 군산 ai dc 빅테크 고객사 확보 올해 60mw 규모 첫 삽","42415","","0","","1","N","2026-06-16 15:43:57","2026-06-16 15:43:57","2026-06-16 15:43:57",""
"24971","[스타워즈] KB증권 금메달팀, 누적 수익률 41%로 1위 사수","","스타워즈 kb증권 금메달팀 누적 수익률 41 로 1위 사수","42416","","0","","1","N","2026-06-16 15:43:57","2026-06-16 15:43:57","2026-06-16 15:43:57",""
"24972","[더벨]제네시스PE, SGC에너지 QT사업부 품는다","","더벨 제네시스pe sgc에너지 qt사업부 품는다","42417","","0","반도체","1","N","2026-06-16 15:43:57","2026-06-16 15:43:57","2026-06-16 15:43:57",""
"24973","[더벨]SGC그린파워 자산 매각 시동…'알짜' 군산 발전소만 팔기로","","더벨 sgc그린파워 자산 매각 시동 알짜 군산 발전소만 팔기로","42418","","0","바이오","1","N","2026-06-16 15:43:57","2026-06-16 15:43:57","2026-06-16 15:43:57",""
"24974","'복귀 선언' 김민석 때리는 친청계...'반명' 프레임 거부하며 송영길 견...","","복귀 선언 김민석 때리는 친청계 반명 프레임 거부하며 송영길 견","42419","","0","","1","N","2026-06-16 15:43:58","2026-06-16 15:43:58","2026-06-16 15:43:58",""
"24975","인천 부평 미쓰비시 줄사택, 상반기 국가유산 지정 '난항'","","인천 부평 미쓰비시 줄사택 상반기 국가유산 지정 난항","42420","","0","","1","N","2026-06-16 15:43:58","2026-06-16 15:43:58","2026-06-16 15:43:58",""
"24976","조종사들과 국산 전투기 성능 주제로 대화하는 공군참모총장","","조종사들과 국산 전투기 성능 주제로 대화하는 공군참모총장","42421","","0","","1","N","2026-06-16 15:43:58","2026-06-16 15:43:58","2026-06-16 15:43:58",""
"24977","폴란드 바르토쉬 구와 중령 격려하는 손석락 참모총장","","폴란드 바르토쉬 구와 중령 격려하는 손석락 참모총장","42422","","0","","3","N","2026-06-16 15:43:58","2026-06-16 15:43:58","2026-06-16 15:43:58","2026-06-16 15:43:58"
"24978","이륙 앞둔 국산 전투기 FA-50 편대","= 공군은 16일 손석락 참모총장이 '소링 이글(Soaring Eagle)' 훈련이 한창인 공군 청주기지를 찾아 조종사들과 비행 후 외국군 참관단을 격려했다고 밝혔다. 사진은 이륙 준비중인 국산 전투기 FA-50 편대 모습....","이륙 앞둔 국산 전투기 fa 50 편대","42427","","0","","1","N","2026-06-16 15:43:58","2026-06-16 15:43:58","2026-06-16 15:43:58",""
"24979","'6시내고향' 해남 홍감자, 붉은 빛깔 속에 담긴 초여름의 풍요","6월 16일 저녁 방영 예정인 KBS1 '6시 내고향'에서는 전라남도 해남군에서 수확이 한창인 홍감자를 소개한다. 넓은 들녘을 붉게 물들이며 여름을 알리는 홍감자와 이를 정성껏 재배하는 농부들의 이야기가 방송을 통해...","6시내고향 해남 홍감자 붉은 빛깔 속에 담긴 초여름의 풍요","42428","","0","","1","N","2026-06-16 15:43:58","2026-06-16 15:43:58","2026-06-16 15:43:58",""
"24980","한국전쟁 ‘크리스마스의 기적’ 재조명 공간 거제에 문 연다","흥남철수작전은 한국전쟁이 한창이던 1950년 12월, 중국군 개입으로 전황이 불리해지자 북진했던 미군과 한국군이 함경남도 흥남항에서 피란민과 함께 선박으로 탈출한 작전이다. 당시 연합군 함대 193척이 동원돼 한국...","한국전쟁 크리스마스의 기적 재조명 공간 거제에 문 연다","42429","","0","","1","N","2026-06-16 15:43:58","2026-06-16 15:43:58","2026-06-16 15:43:58",""
"24981","피싱범죄 '무과실 배상제'…금융권 '반발' 기류","여기에 국회에서도 입법 움직임이 한창이다. 강준현 ·조인철 더불어민주당 의원은 지난해 12월 해당 법률을 발의해 국회 등 안팎에서 토론을 거치고 있다. 무과실 배상제는 보이스피싱 피해가 발생할 경우 금융회사의 과실...","피싱범죄 무과실 배상제 금융권 반발 기류","42431","","0","금융","1","N","2026-06-16 15:43:58","2026-06-16 15:43:58","2026-06-16 15:43:58",""
"24982","[청년발언대] AI가 바꾸는 대학생활…""이제는 활용 능력이 경쟁력""","기술의 변화가 아니라 생각하는 방식의 변화, 그게 지금 대학생활이 마주한 진짜 과제다. 【 청년서포터즈 9기 신유민 】 청년서포터즈 9기 신유민 [동국대학교 산업시스템공학과 3학년]","청년발언대 ai가 바꾸는 대학생활 이제는 활용 능력이 경쟁력","42433","","0","","1","N","2026-06-16 15:43:58","2026-06-16 15:43:58","2026-06-16 15:43:58",""
"24983","롯데웰푸드, 돼지바 활용 오프라인 팝업 전개","","롯데웰푸드 돼지바 활용 오프라인 팝업 전개","42434","","0","","1","N","2026-06-16 15:43:58","2026-06-16 15:43:58","2026-06-16 15:43:58",""
"24984","빙그레, 전통문화유산 계승·지역사회 지원···ESG 경영 확대","","빙그레 전통문화유산 계승 지역사회 지원 esg 경영 확대","42435","","0","","1","N","2026-06-16 15:43:58","2026-06-16 15:43:58","2026-06-16 15:43:58",""
"24985","“메로나부터 돼지바까지”⋯ 수출 효자된 K아이스크림","","메로나부터 돼지바까지 수출 효자된 k아이스크림","42436","","0","","1","N","2026-06-16 15:43:58","2026-06-16 15:43:58","2026-06-16 15:43:58",""
"24986","K-트렌드, 베트남에 알린다…K-TREND VINA EXPO 2026, 호치민서 개최","","k 트렌드 베트남에 알린다 k trend vina expo 2026 호치민서 개최","42437","","0","음식료","1","N","2026-06-16 15:43:58","2026-06-16 15:43:58","2026-06-16 15:43:58",""
"24987","[더벨][빙그레 승계구도 점검] 차남 성과 입증 필요성, 해외사업 현황은","","더벨 빙그레 승계구도 점검 차남 성과 입증 필요성 해외사업 현황은","42438","","0","","1","N","2026-06-16 15:43:58","2026-06-16 15:43:58","2026-06-16 15:43:58",""
"24988","[빙그레 형제경영] 장남 이끄는 내수사업, 안정적 캐시카우 역할 관건","","빙그레 형제경영 장남 이끄는 내수사업 안정적 캐시카우 역할 관건","42439","","0","","1","N","2026-06-16 15:43:58","2026-06-16 15:43:58","2026-06-16 15:43:58",""
"24989","“맛에 영양까지 듬뿍” 영올드 사로잡은 건강식 ‘똑똑한 변신’","","맛에 영양까지 듬뿍 영올드 사로잡은 건강식 똑똑한 변신","42440","","0","","1","N","2026-06-16 15:43:58","2026-06-16 15:43:58","2026-06-16 15:43:58",""
"24990","김구 탄생 150주년…독립운동가 넘어 '문화 사상가' 재조명","","김구 탄생 150주년 독립운동가 넘어 문화 사상가 재조명","42441","","0","","1","N","2026-06-16 15:43:58","2026-06-16 15:43:58","2026-06-16 15:43:58",""
"24991","""유제품·치즈 40여종 1+1"" 롯데마트, 이달17일까지 식료품 정기할인 '월...","","유제품 치즈 40여종 1 1 롯데마트 이달17일까지 식료품 정기할인 월","42442","","0","바이오","1","N","2026-06-16 15:43:58","2026-06-16 15:43:58","2026-06-16 15:43:58",""
"24992","신선식품, 생필품 300종 최대 50% 할인...롯데마트 '월간제타' 진행","'BBQ 후라이드 순살치킨(300g)'과 '동원 퀴진 크리스피 모짜렐라 치즈 돈까스(300g)' 등 인기 간식류를 비롯해 '매일 바이오 요거트 백도(85g*4입)', '빙그레 요플레 라이트 딸기(80g*4입)' 등 유제품·치즈 40여 종은 '1+1...","신선식품 생필품 300종 최대 50 할인 롯데마트 월간제타 진행","42443","","0","바이오,음식료","4","N","2026-06-16 15:43:58","2026-06-16 15:43:58","2026-06-16 15:43:58","2026-06-16 15:43:58"
"24993","미국 넘어 유럽 시장서 돌파구 찾는 빙과업계","","미국 넘어 유럽 시장서 돌파구 찾는 빙과업계","42444","","0","","1","N","2026-06-16 15:43:58","2026-06-16 15:43:58","2026-06-16 15:43:58",""
"24994","[단독] 빙그레, 설탕 뺀 '저당 붕어싸만코' 6월 출시","","단독 빙그레 설탕 뺀 저당 붕어싸만코 6월 출시","42445","","0","","1","N","2026-06-16 15:43:58","2026-06-16 15:43:58","2026-06-16 15:43:58",""
"24995","서울보훈청, 마포구·대학 동아리와 호국보훈의 달 보훈체험행사","","서울보훈청 마포구 대학 동아리와 호국보훈의 달 보훈체험행사","42446","","0","","1","N","2026-06-16 15:43:58","2026-06-16 15:43:58","2026-06-16 15:43:58",""
"24996","라면·만두 다음은 디저트…K푸드 해외 확장 공식 바뀐다","","라면 만두 다음은 디저트 k푸드 해외 확장 공식 바뀐다","42447","","0","","1","N","2026-06-16 15:43:58","2026-06-16 15:43:58","2026-06-16 15:43:58",""
"24997","서울보훈청, 호국보훈의 달 맞아 보훈체험존 '보훈 ON THE STREET' 운영","","서울보훈청 호국보훈의 달 맞아 보훈체험존 보훈 on the street 운영","42448","","0","","1","N","2026-06-16 15:43:58","2026-06-16 15:43:58","2026-06-16 15:43:58",""
"24998","사소한 일도 최선을 다해…또한 사랑을 다해","어른 스님이 빙그레 웃는다. 대답 대신 선재에게 자기 손을 잡아보라고 한다. 선재는 어른 스님의 손을 잡는다. 이리저리 쓰다듬고 체온을 느끼고 어루만져도 본다, 어른 스님은 선재를 향해 눈으로 말한다. 내 손이 어때요?...","사소한 일도 최선을 다해 또한 사랑을 다해","42454","","0","","1","N","2026-06-16 15:43:58","2026-06-16 15:43:58","2026-06-16 15:43:58",""
"24999","[빙그레 형제경영] '오너 3세' 형제 나란히 사장 올라…성과 경쟁 본격...","①해태아이스크림 흡수하며 차남 사장 합류…한 지붕 아래 국내·해외사업 역할 분리 빙그레 오너 3세... 빙그레는 올해 4월 자회사인 해태아이스크림을 흡수합병했다. 이 과정에서 해태아이스크림 경영을 총괄하던...","빙그레 형제경영 오너 3세 형제 나란히 사장 올라 성과 경쟁 본격","42455","","0","","1","N","2026-06-16 15:43:58","2026-06-16 15:43:58","2026-06-16 15:43:58",""
"25000","무언지설과 이심전심","석가모니가 제자들 앞에서 말없이 연꽃을 들어 올렸을 때, 오직 가섭존자만이 그 깊은 뜻을 헤아려 빙그레 미소를 지었다. 이는 석가모니의 말 없는 가르침이 가섭의 마음으로 전해진 이심전심을 말한다. 글 쓰는 수사법인...","무언지설과 이심전심","42458","","0","","1","N","2026-06-16 15:43:58","2026-06-16 15:43:58","2026-06-16 15:43:58",""
"25001","[오너 경영 명과 암] GC녹십자 '알리글로' 美 시장 뚫다…큐레보 매각 성...","이후 선대회장과 현 허일섭 GC녹십자홀딩스 회장이 함께 경영하며 GC녹십자를 성장시켰다. 지난 2009년 선대회장 별세 후 허 회장과 허영섭 회장의 차남 허은철 GC녹십자 대표가 경영 전면에 나서며 현재의 경영 체제를...","오너 경영 명과 암 gc녹십자 알리글로 시장 뚫다 큐레보 매각 성","42459","","0","","1","N","2026-06-16 15:43:59","2026-06-16 15:43:59","2026-06-16 15:43:59",""
"25002","대상, 저당 홍초 3종…발효음료 시장 공략","","대상 저당 홍초 3종 발효음료 시장 공략","42462","","0","","1","N","2026-06-16 15:43:59","2026-06-16 15:43:59","2026-06-16 15:43:59",""
"25003","롯데칠성음료, 국가유공자 1620명에 아이시스 정기배송…“보훈문화 확...","롯데칠성음료가 보훈문화 확산을 위한 사회공헌 활동을 이어나가고 있다. 15일 롯데칠성음료에 따르면 오는 10월까지 5개월간 국가유공자 1620명을 대상으로 아이시스 1.0L 페트병 12개를 매월 1회씩 각 가정에 전달한다....","롯데칠성음료 국가유공자 1620명에 아이시스 정기배송 보훈문화 확","42463","","0","","10","N","2026-06-16 15:43:59","2026-06-16 15:43:59","2026-06-16 15:43:59","2026-06-16 15:43:59"
"25004","롯데칠성, 지난해 온실가스 6400톤 줄였다","","롯데칠성 지난해 온실가스 6400톤 줄였다","42464","","0","","1","N","2026-06-16 15:43:59","2026-06-16 15:43:59","2026-06-16 15:43:59",""
"25005","“요즘 누가 부어라 마셔라 해요?” 진짜였다…술 입에도 안 대는 사람...","","요즘 누가 부어라 마셔라 해요 진짜였다 술 입에도 안 대는 사람","42467","","0","","1","N","2026-06-16 15:43:59","2026-06-16 15:43:59","2026-06-16 15:43:59",""
"25006","[단독] '땅값만 4조' 물류센터 부지 놓고 롯데-서초구 세금전쟁","","단독 땅값만 4조 물류센터 부지 놓고 롯데 서초구 세금전쟁","42468","","0","","1","N","2026-06-16 15:43:59","2026-06-16 15:43:59","2026-06-16 15:43:59",""
"25007","워터파크도 소주도 접수했다…유통가, 이유 있는 이수지 러브콜","","워터파크도 소주도 접수했다 유통가 이유 있는 이수지 러브콜","42469","","0","음식료","1","N","2026-06-16 15:43:59","2026-06-16 15:43:59","2026-06-16 15:43:59",""
"25008","진짜 적은 환율·원자재값··· '종전'에도 소비재 가격 '고공 행진'","","진짜 적은 환율 원자재값 종전 에도 소비재 가격 고공 행진","42472","","0","환율","1","N","2026-06-16 15:43:59","2026-06-16 15:43:59","2026-06-16 15:43:59",""
"25009","롯데칠성음료, 생수 지원 사업으로 보훈문화 확산","","롯데칠성음료 생수 지원 사업으로 보훈문화 확산","42475","","0","","1","N","2026-06-16 15:43:59","2026-06-16 15:43:59","2026-06-16 15:43:59",""
"25010","""국가유공자 생수 지원 7년째 이어가""... 보훈 문화 확산 힘쓰는 롯데칠...","","국가유공자 생수 지원 7년째 이어가 보훈 문화 확산 힘쓰는 롯데칠","42476","","0","","1","N","2026-06-16 15:43:59","2026-06-16 15:43:59","2026-06-16 15:43:59",""
"25011","“중동전쟁으로 원가 부담 가중”…식품업계, 정부 지원 확대 요청","","중동전쟁으로 원가 부담 가중 식품업계 정부 지원 확대 요청","42477","","0","환율,음식료","1","N","2026-06-16 15:43:59","2026-06-16 15:43:59","2026-06-16 15:43:59",""
"25012","[ESG] ""감사의 마음 전한다"" 롯데칠성, 보훈 생수 지원사업 확대","","esg 감사의 마음 전한다 롯데칠성 보훈 생수 지원사업 확대","42478","","0","","1","N","2026-06-16 15:43:59","2026-06-16 15:43:59","2026-06-16 15:43:59",""
"25013","[식음료 Pick②] 고객 소통 강화 위한 다양한 행보 전개","","식음료 pick 고객 소통 강화 위한 다양한 행보 전개","42480","","0","","1","N","2026-06-16 15:43:59","2026-06-16 15:43:59","2026-06-16 15:43:59",""
"25014","[ESG 한발 더] BBQ·롯데리아·롯데칠성음료, 나눔부터 안전까지 사회적...","BBQ, 올해 치킨 기부 1만 마리 돌파 롯데리아·서울경찰청, 어린이 교통안전 문화 확산 ‘맞손’ 롯데칠성음료, 국가유공자에 생수 정기배송 [뉴스투데이=강이슬 기자] 식품업계가 지역사회 취약계층을 위한 먹거리...","esg 한발 더 bbq 롯데리아 롯데칠성음료 나눔부터 안전까지 사회적","42483","","0","음식료","1","N","2026-06-16 15:43:59","2026-06-16 15:43:59","2026-06-16 15:43:59",""
